date,region_id,channel,campaign_type,campaign_id,spend_inr,impressions,clicks,unique_visitors,bounces,leads,qualified_leads,conversions,attributed_revenue_inr
2024-01-01,R_N,D2C,ppc,PPC_R_N,2951.34,8820,294,245,110,19,11,4,9600
2024-01-02,R_N,D2C,ppc,PPC_R_N,3189.15,9540,318,265,119,21,12,5,12000
2024-01-03,R_N,D2C,ppc,PPC_R_N,2708.56,8100,270,225,101,18,10,4,9600
2024-01-04,R_N,D2C,ppc,PPC_R_N,3077.08,9210,307,256,115,20,12,5,12000
2024-01-05,R_N,D2C,ppc,PPC_R_N,3175.81,9480,316,264,118,21,12,5,12000
2024-01-06,R_N,D2C,ppc,PPC_R_N,3007.8,9000,300,250,112,20,12,5,12000
2024-01-07,R_N,D2C,ppc,PPC_R_N,3135.51,9390,313,261,117,20,12,5,12000
2024-01-01,R_S,D2C,ppc,PPC_R_S,1417.93,4230,141,118,53,9,5,2,4800
2024-01-02,R_S,D2C,ppc,PPC_R_S,1409.56,4200,140,117,52,9,5,2,4800
2024-01-03,R_S,D2C,ppc,PPC_R_S,1458.94,4350,145,121,54,9,5,2,4800
2024-01-04,R_S,D2C,ppc,PPC_R_S,1403.82,4170,139,116,52,9,5,2,4800
2024-01-05,R_S,D2C,ppc,PPC_R_S,1453.82,4350,145,121,54,9,5,2,4800
2024-01-06,R_S,D2C,ppc,PPC_R_S,1634.44,4890,163,136,61,10,6,2,4800
2024-01-07,R_S,D2C,ppc,PPC_R_S,1522.0,4530,151,126,56,10,6,2,4800
2024-01-08,R_N,D2C,ppc,PPC_R_N,2904.04,8700,290,242,108,19,11,4,9600
2024-01-09,R_N,D2C,ppc,PPC_R_N,2862.91,8550,285,238,107,19,11,4,9600
2024-01-10,R_N,D2C,ppc,PPC_R_N,3271.22,9780,326,272,122,21,12,5,12000
2024-01-11,R_N,D2C,ppc,PPC_R_N,2966.69,8880,296,247,111,19,11,4,9600
2024-01-12,R_N,D2C,ppc,PPC_R_N,3288.24,9840,328,274,123,21,12,5,12000
2024-01-13,R_N,D2C,ppc,PPC_R_N,3009.31,9000,300,250,112,20,12,5,12000
2024-01-14,R_N,D2C,ppc,PPC_R_N,3012.7,9030,301,251,112,20,12,5,12000
2024-01-08,R_S,D2C,ppc,PPC_R_S,1618.96,4800,160,134,60,10,6,2,4800
2024-01-09,R_S,D2C,ppc,PPC_R_S,1572.83,4710,157,131,58,10,6,2,4800
2024-01-10,R_S,D2C,ppc,PPC_R_S,1524.2,4560,152,127,57,10,6,2,4800
2024-01-11,R_S,D2C,ppc,PPC_R_S,1477.99,4410,147,123,55,9,5,2,4800
2024-01-12,R_S,D2C,ppc,PPC_R_S,1613.46,4800,160,134,60,10,6,2,4800
2024-01-13,R_S,D2C,ppc,PPC_R_S,1473.49,4380,146,122,54,9,5,2,4800
2024-01-14,R_S,D2C,ppc,PPC_R_S,1626.83,4860,162,135,60,10,6,2,4800
2024-01-15,R_N,D2C,ppc,PPC_R_N,2741.23,8190,273,228,102,18,10,4,9600
2024-01-16,R_N,D2C,ppc,PPC_R_N,2958.0,8850,295,246,110,19,11,4,9600
2024-01-17,R_N,D2C,ppc,PPC_R_N,3011.71,9000,300,250,112,20,12,5,12000
2024-01-18,R_N,D2C,ppc,PPC_R_N,3270.56,9780,326,272,122,21,12,5,12000
2024-01-19,R_N,D2C,ppc,PPC_R_N,2850.6,8520,284,237,106,18,10,4,9600
2024-01-20,R_N,D2C,ppc,PPC_R_N,3183.62,9540,318,265,119,21,12,5,12000
2024-01-21,R_N,D2C,ppc,PPC_R_N,3105.88,9270,309,258,116,20,12,5,12000
2024-01-15,R_S,D2C,ppc,PPC_R_S,1565.13,4680,156,130,58,10,6,2,4800
2024-01-16,R_S,D2C,ppc,PPC_R_S,1538.89,4590,153,128,57,10,6,2,4800
2024-01-17,R_S,D2C,ppc,PPC_R_S,1641.47,4890,163,136,61,10,6,2,4800
2024-01-18,R_S,D2C,ppc,PPC_R_S,1449.8,4320,144,120,54,9,5,2,4800
2024-01-19,R_S,D2C,ppc,PPC_R_S,1469.48,4380,146,122,54,9,5,2,4800
2024-01-20,R_S,D2C,ppc,PPC_R_S,1410.87,4200,140,117,52,9,5,2,4800
2024-01-21,R_S,D2C,ppc,PPC_R_S,1365.21,4050,135,113,50,9,5,2,4800
2024-01-22,R_N,D2C,ppc,PPC_R_N,2827.74,8460,282,235,105,18,10,4,9600
2024-01-23,R_N,D2C,ppc,PPC_R_N,3249.28,9720,324,270,121,21,12,5,12000
2024-01-24,R_N,D2C,ppc,PPC_R_N,3204.1,9600,320,267,120,21,12,5,12000
2024-01-25,R_N,D2C,ppc,PPC_R_N,2767.44,8280,276,230,103,18,10,4,9600
2024-01-26,R_N,D2C,ppc,PPC_R_N,3062.27,9180,306,255,114,20,12,5,12000
2024-01-27,R_N,D2C,ppc,PPC_R_N,2987.52,8910,297,248,111,19,11,4,9600
2024-01-28,R_N,D2C,ppc,PPC_R_N,3056.81,9120,304,254,114,20,12,5,12000
2024-01-22,R_S,D2C,ppc,PPC_R_S,1547.78,4590,153,128,57,10,6,2,4800
2024-01-23,R_S,D2C,ppc,PPC_R_S,1442.0,4320,144,120,54,9,5,2,4800
2024-01-24,R_S,D2C,ppc,PPC_R_S,1638.41,4890,163,136,61,10,6,2,4800
2024-01-25,R_S,D2C,ppc,PPC_R_S,1489.75,4440,148,124,55,9,5,2,4800
2024-01-26,R_S,D2C,ppc,PPC_R_S,1538.43,4590,153,128,57,10,6,2,4800
2024-01-27,R_S,D2C,ppc,PPC_R_S,1540.57,4590,153,128,57,10,6,2,4800
2024-01-28,R_S,D2C,ppc,PPC_R_S,1405.17,4200,140,117,52,9,5,2,4800
2024-01-29,R_N,D2C,ppc,PPC_R_N,2737.12,8190,273,228,102,18,10,4,9600
2024-01-30,R_N,D2C,ppc,PPC_R_N,2946.91,8820,294,245,110,19,11,4,9600
2024-01-31,R_N,D2C,ppc,PPC_R_N,3158.42,9450,315,263,118,21,12,5,12000
2024-02-01,R_N,D2C,ppc,PPC_R_N,3189.13,9540,318,265,119,21,12,5,12000
2024-02-02,R_N,D2C,ppc,PPC_R_N,3137.99,9390,313,261,117,20,12,5,12000
2024-02-03,R_N,D2C,ppc,PPC_R_N,2767.92,8280,276,230,103,18,10,4,9600
2024-02-04,R_N,D2C,ppc,PPC_R_N,3248.01,9720,324,270,121,21,12,5,12000
2024-01-29,R_S,D2C,ppc,PPC_R_S,1590.61,4740,158,132,59,10,6,2,4800
2024-01-30,R_S,D2C,ppc,PPC_R_S,1613.31,4800,160,134,60,10,6,2,4800
2024-01-31,R_S,D2C,ppc,PPC_R_S,1506.99,4500,150,125,56,10,6,2,4800
2024-02-01,R_S,D2C,ppc,PPC_R_S,1624.69,4860,162,135,60,10,6,2,4800
2024-02-02,R_S,D2C,ppc,PPC_R_S,1364.0,4050,135,113,50,9,5,2,4800
2024-02-03,R_S,D2C,ppc,PPC_R_S,1359.09,4050,135,113,50,9,5,2,4800
2024-02-04,R_S,D2C,ppc,PPC_R_S,1356.06,4050,135,113,50,9,5,2,4800
2024-02-05,R_N,D2C,ppc,PPC_R_N,2851.66,8520,284,237,106,18,10,4,9600
2024-02-06,R_N,D2C,ppc,PPC_R_N,2849.14,8520,284,237,106,18,10,4,9600
2024-02-07,R_N,D2C,ppc,PPC_R_N,2812.5,8400,280,234,105,18,10,4,9600
2024-02-08,R_N,D2C,ppc,PPC_R_N,3040.23,9090,303,253,113,20,12,5,12000
2024-02-09,R_N,D2C,ppc,PPC_R_N,2723.39,8130,271,226,101,18,10,4,9600
2024-02-10,R_N,D2C,ppc,PPC_R_N,3054.23,9120,304,254,114,20,12,5,12000
2024-02-11,R_N,D2C,ppc,PPC_R_N,2799.61,8370,279,233,104,18,10,4,9600
2024-02-05,R_S,D2C,ppc,PPC_R_S,1553.36,4620,154,129,58,10,6,2,4800
2024-02-06,R_S,D2C,ppc,PPC_R_S,1356.32,4050,135,113,50,9,5,2,4800
2024-02-07,R_S,D2C,ppc,PPC_R_S,1443.17,4320,144,120,54,9,5,2,4800
2024-02-08,R_S,D2C,ppc,PPC_R_S,1631.5,4860,162,135,60,10,6,2,4800
2024-02-09,R_S,D2C,ppc,PPC_R_S,1511.52,4500,150,125,56,10,6,2,4800
2024-02-10,R_S,D2C,ppc,PPC_R_S,1593.48,4740,158,132,59,10,6,2,4800
2024-02-11,R_S,D2C,ppc,PPC_R_S,1547.41,4590,153,128,57,10,6,2,4800
2024-02-12,R_N,D2C,ppc,PPC_R_N,3066.45,9180,306,255,114,20,12,5,12000
2024-02-13,R_N,D2C,ppc,PPC_R_N,2814.75,8400,280,234,105,18,10,4,9600
2024-02-14,R_N,D2C,ppc,PPC_R_N,3044.64,9090,303,253,113,20,12,5,12000
2024-02-15,R_N,D2C,ppc,PPC_R_N,2723.81,8130,271,226,101,18,10,4,9600
2024-02-16,R_N,D2C,ppc,PPC_R_N,3181.0,9540,318,265,119,21,12,5,12000
2024-02-17,R_N,D2C,ppc,PPC_R_N,3276.04,9810,327,273,122,21,12,5,12000
2024-02-18,R_N,D2C,ppc,PPC_R_N,3212.41,9600,320,267,120,21,12,5,12000
2024-02-12,R_S,D2C,ppc,PPC_R_S,1365.21,4050,135,113,50,9,5,2,4800
2024-02-13,R_S,D2C,ppc,PPC_R_S,1451.6,4320,144,120,54,9,5,2,4800
2024-02-14,R_S,D2C,ppc,PPC_R_S,1445.4,4320,144,120,54,9,5,2,4800
2024-02-15,R_S,D2C,ppc,PPC_R_S,1383.82,4140,138,115,51,9,5,2,4800
2024-02-16,R_S,D2C,ppc,PPC_R_S,1537.98,4590,153,128,57,10,6,2,4800
2024-02-17,R_S,D2C,ppc,PPC_R_S,1589.24,4740,158,132,59,10,6,2,4800
2024-02-18,R_S,D2C,ppc,PPC_R_S,1444.12,4320,144,120,54,9,5,2,4800
2024-02-19,R_N,D2C,ppc,PPC_R_N,3217.69,9630,321,268,120,21,12,5,12000
2024-02-20,R_N,D2C,ppc,PPC_R_N,3178.28,9480,316,264,118,21,12,5,12000
2024-02-21,R_N,D2C,ppc,PPC_R_N,2777.48,8310,277,231,103,18,10,4,9600
2024-02-22,R_N,D2C,ppc,PPC_R_N,3160.12,9450,315,263,118,21,12,5,12000
2024-02-23,R_N,D2C,ppc,PPC_R_N,3229.57,9660,322,269,121,21,12,5,12000
2024-02-24,R_N,D2C,ppc,PPC_R_N,2818.37,8400,280,234,105,18,10,4,9600
2024-02-25,R_N,D2C,ppc,PPC_R_N,3044.18,9090,303,253,113,20,12,5,12000
2024-02-19,R_S,D2C,ppc,PPC_R_S,1541.62,4590,153,128,57,10,6,2,4800
2024-02-20,R_S,D2C,ppc,PPC_R_S,1532.8,4560,152,127,57,10,6,2,4800
2024-02-21,R_S,D2C,ppc,PPC_R_S,1378.87,4080,136,114,51,9,5,2,4800
2024-02-22,R_S,D2C,ppc,PPC_R_S,1548.36,4620,154,129,58,10,6,2,4800
2024-02-23,R_S,D2C,ppc,PPC_R_S,1539.59,4590,153,128,57,10,6,2,4800
2024-02-24,R_S,D2C,ppc,PPC_R_S,1597.17,4770,159,133,59,10,6,2,4800
2024-02-25,R_S,D2C,ppc,PPC_R_S,1591.05,4740,158,132,59,10,6,2,4800
2024-02-26,R_N,D2C,ppc,PPC_R_N,2896.3,8670,289,241,108,19,11,4,9600
2024-02-27,R_N,D2C,ppc,PPC_R_N,3133.23,9390,313,261,117,20,12,5,12000
2024-02-28,R_N,D2C,ppc,PPC_R_N,3220.36,9630,321,268,120,21,12,5,12000
2024-02-29,R_N,D2C,ppc,PPC_R_N,3235.77,9660,322,269,121,21,12,5,12000
2024-03-01,R_N,D2C,ppc,PPC_R_N,2796.91,8370,279,233,104,18,10,4,9600
2024-03-02,R_N,D2C,ppc,PPC_R_N,2716.02,8130,271,226,101,18,10,4,9600
2024-03-03,R_N,D2C,ppc,PPC_R_N,3090.48,9240,308,257,115,20,12,5,12000
2024-02-26,R_S,D2C,ppc,PPC_R_S,1414.4,4200,140,117,52,9,5,2,4800
2024-02-27,R_S,D2C,ppc,PPC_R_S,1519.11,4530,151,126,56,10,6,2,4800
2024-02-28,R_S,D2C,ppc,PPC_R_S,1633.44,4890,163,136,61,10,6,2,4800
2024-02-29,R_S,D2C,ppc,PPC_R_S,1463.8,4350,145,121,54,9,5,2,4800
2024-03-01,R_S,D2C,ppc,PPC_R_S,1425.83,4230,141,118,53,9,5,2,4800
2024-03-02,R_S,D2C,ppc,PPC_R_S,1486.95,4410,147,123,55,9,5,2,4800
2024-03-03,R_S,D2C,ppc,PPC_R_S,1547.17,4590,153,128,57,10,6,2,4800
2024-03-04,R_N,D2C,ppc,PPC_R_N,2760.66,8280,276,230,103,18,10,4,9600
2024-03-05,R_N,D2C,ppc,PPC_R_N,2928.35,8760,292,244,109,19,11,4,9600
2024-03-06,R_N,D2C,ppc,PPC_R_N,2780.23,8310,277,231,103,18,10,4,9600
2024-03-07,R_N,D2C,ppc,PPC_R_N,3097.47,9270,309,258,116,20,12,5,12000
2024-03-08,R_N,D2C,ppc,PPC_R_N,3198.33,9570,319,266,119,21,12,5,12000
2024-03-09,R_N,D2C,ppc,PPC_R_N,2926.11,8730,291,243,109,19,11,4,9600
2024-03-10,R_N,D2C,ppc,PPC_R_N,2923.03,8730,291,243,109,19,11,4,9600
2024-03-04,R_S,D2C,ppc,PPC_R_S,1511.86,4500,150,125,56,10,6,2,4800
2024-03-05,R_S,D2C,ppc,PPC_R_S,1414.52,4200,140,117,52,9,5,2,4800
2024-03-06,R_S,D2C,ppc,PPC_R_S,1424.22,4230,141,118,53,9,5,2,4800
2024-03-07,R_S,D2C,ppc,PPC_R_S,1448.96,4320,144,120,54,9,5,2,4800
2024-03-08,R_S,D2C,ppc,PPC_R_S,1487.23,4410,147,123,55,9,5,2,4800
2024-03-09,R_S,D2C,ppc,PPC_R_S,1374.46,4080,136,114,51,9,5,2,4800
2024-03-10,R_S,D2C,ppc,PPC_R_S,1575.82,4710,157,131,58,10,6,2,4800
2024-03-11,R_N,D2C,ppc,PPC_R_N,3047.43,9090,303,253,113,20,12,5,12000
2024-03-12,R_N,D2C,ppc,PPC_R_N,2879.82,8580,286,239,107,19,11,4,9600
2024-03-13,R_N,D2C,ppc,PPC_R_N,2746.53,8190,273,228,102,18,10,4,9600
2024-03-14,R_N,D2C,ppc,PPC_R_N,3157.91,9450,315,263,118,21,12,5,12000
2024-03-15,R_N,D2C,ppc,PPC_R_N,2778.65,8310,277,231,103,18,10,4,9600
2024-03-16,R_N,D2C,ppc,PPC_R_N,2779.92,8310,277,231,103,18,10,4,9600
2024-03-17,R_N,D2C,ppc,PPC_R_N,2778.41,8310,277,231,103,18,10,4,9600
2024-03-11,R_S,D2C,ppc,PPC_R_S,1374.38,4080,136,114,51,9,5,2,4800
2024-03-12,R_S,D2C,ppc,PPC_R_S,1621.92,4860,162,135,60,10,6,2,4800
2024-03-13,R_S,D2C,ppc,PPC_R_S,1430.77,4260,142,119,53,9,5,2,4800
2024-03-14,R_S,D2C,ppc,PPC_R_S,1441.92,4320,144,120,54,9,5,2,4800
2024-03-15,R_S,D2C,ppc,PPC_R_S,1599.84,4770,159,133,59,10,6,2,4800
2024-03-16,R_S,D2C,ppc,PPC_R_S,1535.98,4560,152,127,57,10,6,2,4800
2024-03-17,R_S,D2C,ppc,PPC_R_S,1406.14,4200,140,117,52,9,5,2,4800
2024-03-18,R_N,D2C,ppc,PPC_R_N,2960.89,8850,295,246,110,19,11,4,9600
2024-03-19,R_N,D2C,ppc,PPC_R_N,3230.35,9660,322,269,121,21,12,5,12000
2024-03-20,R_N,D2C,ppc,PPC_R_N,2925.22,8730,291,243,109,19,11,4,9600
2024-03-21,R_N,D2C,ppc,PPC_R_N,3126.53,9360,312,260,117,20,12,5,12000
2024-03-22,R_N,D2C,ppc,PPC_R_N,2758.08,8220,274,229,103,18,10,4,9600
2024-03-23,R_N,D2C,ppc,PPC_R_N,3136.39,9390,313,261,117,20,12,5,12000
2024-03-24,R_N,D2C,ppc,PPC_R_N,3165.88,9450,315,263,118,21,12,5,12000
2024-03-18,R_S,D2C,ppc,PPC_R_S,1597.73,4770,159,133,59,10,6,2,4800
2024-03-19,R_S,D2C,ppc,PPC_R_S,1552.26,4620,154,129,58,10,6,2,4800
2024-03-20,R_S,D2C,ppc,PPC_R_S,1461.22,4350,145,121,54,9,5,2,4800
2024-03-21,R_S,D2C,ppc,PPC_R_S,1369.26,4080,136,114,51,9,5,2,4800
2024-03-22,R_S,D2C,ppc,PPC_R_S,1505.63,4500,150,125,56,10,6,2,4800
2024-03-23,R_S,D2C,ppc,PPC_R_S,1577.24,4710,157,131,58,10,6,2,4800
2024-03-24,R_S,D2C,ppc,PPC_R_S,1407.25,4200,140,117,52,9,5,2,4800
2024-03-25,R_N,D2C,ppc,PPC_R_N,2859.74,8550,285,238,107,19,11,4,9600
2024-03-26,R_N,D2C,ppc,PPC_R_N,3021.67,9030,301,251,112,20,12,5,12000
2024-03-27,R_N,D2C,ppc,PPC_R_N,3149.0,9420,314,262,117,20,12,5,12000
2024-03-28,R_N,D2C,ppc,PPC_R_N,3237.95,9660,322,269,121,21,12,5,12000
2024-03-29,R_N,D2C,ppc,PPC_R_N,2775.44,8310,277,231,103,18,10,4,9600
2024-03-30,R_N,D2C,ppc,PPC_R_N,2810.56,8400,280,234,105,18,10,4,9600
2024-03-31,R_N,D2C,ppc,PPC_R_N,3179.72,9480,316,264,118,21,12,5,12000
2024-03-25,R_S,D2C,ppc,PPC_R_S,1543.36,4590,153,128,57,10,6,2,4800
2024-03-26,R_S,D2C,ppc,PPC_R_S,1566.29,4680,156,130,58,10,6,2,4800
2024-03-27,R_S,D2C,ppc,PPC_R_S,1649.03,4920,164,137,61,10,6,2,4800
2024-03-28,R_S,D2C,ppc,PPC_R_S,1631.75,4860,162,135,60,10,6,2,4800
2024-03-29,R_S,D2C,ppc,PPC_R_S,1602.91,4770,159,133,59,10,6,2,4800
2024-03-30,R_S,D2C,ppc,PPC_R_S,1583.13,4710,157,131,58,10,6,2,4800
2024-03-31,R_S,D2C,ppc,PPC_R_S,1468.51,4380,146,122,54,9,5,2,4800
2024-04-01,R_N,D2C,ppc,PPC_R_N,3084.74,9240,308,257,115,20,12,5,12000
2024-04-02,R_N,D2C,ppc,PPC_R_N,2810.67,8400,280,234,105,18,10,4,9600
2024-04-03,R_N,D2C,ppc,PPC_R_N,3155.7,9420,314,262,117,20,12,5,12000
2024-04-04,R_N,D2C,ppc,PPC_R_N,3154.61,9420,314,262,117,20,12,5,12000
2024-04-05,R_N,D2C,ppc,PPC_R_N,3132.78,9390,313,261,117,20,12,5,12000
2024-04-06,R_N,D2C,ppc,PPC_R_N,2966.88,8880,296,247,111,19,11,4,9600
2024-04-07,R_N,D2C,ppc,PPC_R_N,2926.91,8730,291,243,109,19,11,4,9600
2024-04-01,R_S,D2C,ppc,PPC_R_S,1475.93,4380,146,122,54,9,5,2,4800
2024-04-02,R_S,D2C,ppc,PPC_R_S,1360.0,4050,135,113,50,9,5,2,4800
2024-04-03,R_S,D2C,ppc,PPC_R_S,1603.3,4770,159,133,59,10,6,2,4800
2024-04-04,R_S,D2C,ppc,PPC_R_S,1512.71,4530,151,126,56,10,6,2,4800
2024-04-05,R_S,D2C,ppc,PPC_R_S,1466.26,4380,146,122,54,9,5,2,4800
2024-04-06,R_S,D2C,ppc,PPC_R_S,1514.41,4530,151,126,56,10,6,2,4800
2024-04-07,R_S,D2C,ppc,PPC_R_S,1566.49,4680,156,130,58,10,6,2,4800
2024-04-08,R_N,D2C,ppc,PPC_R_N,2928.88,8760,292,244,109,19,11,4,9600
2024-04-09,R_N,D2C,ppc,PPC_R_N,3198.38,9570,319,266,119,21,12,5,12000
2024-04-10,R_N,D2C,ppc,PPC_R_N,3251.68,9720,324,270,121,21,12,5,12000
2024-04-11,R_N,D2C,ppc,PPC_R_N,2932.46,8760,292,244,109,19,11,4,9600
2024-04-12,R_N,D2C,ppc,PPC_R_N,2782.69,8310,277,231,103,18,10,4,9600
2024-04-13,R_N,D2C,ppc,PPC_R_N,3156.22,9450,315,263,118,21,12,5,12000
2024-04-14,R_N,D2C,ppc,PPC_R_N,3295.77,9840,328,274,123,21,12,5,12000
2024-04-08,R_S,D2C,ppc,PPC_R_S,1394.4,4170,139,116,52,9,5,2,4800
2024-04-09,R_S,D2C,ppc,PPC_R_S,1563.8,4680,156,130,58,10,6,2,4800
2024-04-10,R_S,D2C,ppc,PPC_R_S,1597.6,4770,159,133,59,10,6,2,4800
2024-04-11,R_S,D2C,ppc,PPC_R_S,1626.17,4860,162,135,60,10,6,2,4800
2024-04-12,R_S,D2C,ppc,PPC_R_S,1387.01,4140,138,115,51,9,5,2,4800
2024-04-13,R_S,D2C,ppc,PPC_R_S,1377.54,4080,136,114,51,9,5,2,4800
2024-04-14,R_S,D2C,ppc,PPC_R_S,1646.36,4920,164,137,61,10,6,2,4800
2024-04-15,R_N,D2C,ppc,PPC_R_N,2770.05,8280,276,230,103,18,10,4,9600
2024-04-16,R_N,D2C,ppc,PPC_R_N,2806.08,8370,279,233,104,18,10,4,9600
2024-04-17,R_N,D2C,ppc,PPC_R_N,3044.97,9090,303,253,113,20,12,5,12000
2024-04-18,R_N,D2C,ppc,PPC_R_N,2967.76,8880,296,247,111,19,11,4,9600
2024-04-19,R_N,D2C,ppc,PPC_R_N,3150.24,9420,314,262,117,20,12,5,12000
2024-04-20,R_N,D2C,ppc,PPC_R_N,2814.33,8400,280,234,105,18,10,4,9600
2024-04-21,R_N,D2C,ppc,PPC_R_N,3248.66,9720,324,270,121,21,12,5,12000
2024-04-15,R_S,D2C,ppc,PPC_R_S,1415.16,4200,140,117,52,9,5,2,4800
2024-04-16,R_S,D2C,ppc,PPC_R_S,1580.73,4710,157,131,58,10,6,2,4800
2024-04-17,R_S,D2C,ppc,PPC_R_S,1370.28,4080,136,114,51,9,5,2,4800
2024-04-18,R_S,D2C,ppc,PPC_R_S,1492.02,4440,148,124,55,9,5,2,4800
2024-04-19,R_S,D2C,ppc,PPC_R_S,1359.77,4050,135,113,50,9,5,2,4800
2024-04-20,R_S,D2C,ppc,PPC_R_S,1444.14,4320,144,120,54,9,5,2,4800
2024-04-21,R_S,D2C,ppc,PPC_R_S,1443.67,4320,144,120,54,9,5,2,4800
2024-04-22,R_N,D2C,ppc,PPC_R_N,3131.85,9360,312,260,117,20,12,5,12000
2024-04-23,R_N,D2C,ppc,PPC_R_N,2973.01,8880,296,247,111,19,11,4,9600
2024-04-24,R_N,D2C,ppc,PPC_R_N,2734.06,8160,272,227,102,18,10,4,9600
2024-04-25,R_N,D2C,ppc,PPC_R_N,3297.22,9840,328,274,123,21,12,5,12000
2024-04-26,R_N,D2C,ppc,PPC_R_N,3233.22,9660,322,269,121,21,12,5,12000
2024-04-27,R_N,D2C,ppc,PPC_R_N,3249.79,9720,324,270,121,21,12,5,12000
2024-04-28,R_N,D2C,ppc,PPC_R_N,2847.95,8520,284,237,106,18,10,4,9600
2024-04-22,R_S,D2C,ppc,PPC_R_S,1468.23,4380,146,122,54,9,5,2,4800
2024-04-23,R_S,D2C,ppc,PPC_R_S,1418.15,4230,141,118,53,9,5,2,4800
2024-04-24,R_S,D2C,ppc,PPC_R_S,1387.47,4140,138,115,51,9,5,2,4800
2024-04-25,R_S,D2C,ppc,PPC_R_S,1359.91,4050,135,113,50,9,5,2,4800
2024-04-26,R_S,D2C,ppc,PPC_R_S,1501.0,4500,150,125,56,10,6,2,4800
2024-04-27,R_S,D2C,ppc,PPC_R_S,1386.94,4140,138,115,51,9,5,2,4800
2024-04-28,R_S,D2C,ppc,PPC_R_S,1402.89,4170,139,116,52,9,5,2,4800
2024-04-29,R_N,D2C,ppc,PPC_R_N,3216.29,9630,321,268,120,21,12,5,12000
2024-04-30,R_N,D2C,ppc,PPC_R_N,2990.55,8940,298,249,112,19,11,4,9600
2024-05-01,R_N,D2C,ppc,PPC_R_N,2810.22,8400,280,234,105,18,10,4,9600
2024-05-02,R_N,D2C,ppc,PPC_R_N,3101.92,9270,309,258,116,20,12,5,12000
2024-05-03,R_N,D2C,ppc,PPC_R_N,2859.52,8550,285,238,107,19,11,4,9600
2024-05-04,R_N,D2C,ppc,PPC_R_N,3016.16,9030,301,251,112,20,12,5,12000
2024-05-05,R_N,D2C,ppc,PPC_R_N,2869.77,8580,286,239,107,19,11,4,9600
2024-04-29,R_S,D2C,ppc,PPC_R_S,1504.85,4500,150,125,56,10,6,2,4800
2024-04-30,R_S,D2C,ppc,PPC_R_S,1538.56,4590,153,128,57,10,6,2,4800
2024-05-01,R_S,D2C,ppc,PPC_R_S,1510.86,4500,150,125,56,10,6,2,4800
2024-05-02,R_S,D2C,ppc,PPC_R_S,1468.68,4380,146,122,54,9,5,2,4800
2024-05-03,R_S,D2C,ppc,PPC_R_S,1587.24,4740,158,132,59,10,6,2,4800
2024-05-04,R_S,D2C,ppc,PPC_R_S,1612.03,4800,160,134,60,10,6,2,4800
2024-05-05,R_S,D2C,ppc,PPC_R_S,1403.81,4170,139,116,52,9,5,2,4800
2024-05-06,R_N,D2C,ppc,PPC_R_N,2781.79,8310,277,231,103,18,10,4,9600
2024-05-07,R_N,D2C,ppc,PPC_R_N,2767.91,8280,276,230,103,18,10,4,9600
2024-05-08,R_N,D2C,ppc,PPC_R_N,3287.76,9810,327,273,122,21,12,5,12000
2024-05-09,R_N,D2C,ppc,PPC_R_N,3264.95,9780,326,272,122,21,12,5,12000
2024-05-10,R_N,D2C,ppc,PPC_R_N,2838.4,8490,283,236,106,18,10,4,9600
2024-05-11,R_N,D2C,ppc,PPC_R_N,3281.94,9810,327,273,122,21,12,5,12000
2024-05-12,R_N,D2C,ppc,PPC_R_N,2824.69,8460,282,235,105,18,10,4,9600
2024-05-06,R_S,D2C,ppc,PPC_R_S,1501.94,4500,150,125,56,10,6,2,4800
2024-05-07,R_S,D2C,ppc,PPC_R_S,1499.22,4440,148,124,55,9,5,2,4800
2024-05-08,R_S,D2C,ppc,PPC_R_S,1624.49,4860,162,135,60,10,6,2,4800
2024-05-09,R_S,D2C,ppc,PPC_R_S,1362.16,4050,135,113,50,9,5,2,4800
2024-05-10,R_S,D2C,ppc,PPC_R_S,1444.61,4320,144,120,54,9,5,2,4800
2024-05-11,R_S,D2C,ppc,PPC_R_S,1529.99,4560,152,127,57,10,6,2,4800
2024-05-12,R_S,D2C,ppc,PPC_R_S,1369.92,4080,136,114,51,9,5,2,4800
2024-05-13,R_N,D2C,ppc,PPC_R_N,2841.93,8490,283,236,106,18,10,4,9600
2024-05-14,R_N,D2C,ppc,PPC_R_N,2979.04,8910,297,248,111,19,11,4,9600
2024-05-15,R_N,D2C,ppc,PPC_R_N,3228.51,9660,322,269,121,21,12,5,12000
2024-05-16,R_N,D2C,ppc,PPC_R_N,3156.58,9450,315,263,118,21,12,5,12000
2024-05-17,R_N,D2C,ppc,PPC_R_N,3197.39,9570,319,266,119,21,12,5,12000
2024-05-18,R_N,D2C,ppc,PPC_R_N,3156.64,9450,315,263,118,21,12,5,12000
2024-05-19,R_N,D2C,ppc,PPC_R_N,3124.63,9360,312,260,117,20,12,5,12000
2024-05-13,R_S,D2C,ppc,PPC_R_S,1604.91,4770,159,133,59,10,6,2,4800
2024-05-14,R_S,D2C,ppc,PPC_R_S,1554.44,4620,154,129,58,10,6,2,4800
2024-05-15,R_S,D2C,ppc,PPC_R_S,1570.7,4680,156,130,58,10,6,2,4800
2024-05-16,R_S,D2C,ppc,PPC_R_S,1440.49,4320,144,120,54,9,5,2,4800
2024-05-17,R_S,D2C,ppc,PPC_R_S,1400.29,4170,139,116,52,9,5,2,4800
2024-05-18,R_S,D2C,ppc,PPC_R_S,1576.96,4710,157,131,58,10,6,2,4800
2024-05-19,R_S,D2C,ppc,PPC_R_S,1399.75,4170,139,116,52,9,5,2,4800
2024-05-20,R_N,D2C,ppc,PPC_R_N,3251.67,9720,324,270,121,21,12,5,12000
2024-05-21,R_N,D2C,ppc,PPC_R_N,3057.99,9120,304,254,114,20,12,5,12000
2024-05-22,R_N,D2C,ppc,PPC_R_N,2897.66,8670,289,241,108,19,11,4,9600
2024-05-23,R_N,D2C,ppc,PPC_R_N,3261.99,9750,325,271,121,21,12,5,12000
2024-05-24,R_N,D2C,ppc,PPC_R_N,2793.08,8340,278,232,104,18,10,4,9600
2024-05-25,R_N,D2C,ppc,PPC_R_N,3008.68,9000,300,250,112,20,12,5,12000
2024-05-26,R_N,D2C,ppc,PPC_R_N,2754.93,8220,274,229,103,18,10,4,9600
2024-05-20,R_S,D2C,ppc,PPC_R_S,1639.63,4890,163,136,61,10,6,2,4800
2024-05-21,R_S,D2C,ppc,PPC_R_S,1522.61,4530,151,126,56,10,6,2,4800
2024-05-22,R_S,D2C,ppc,PPC_R_S,1591.1,4740,158,132,59,10,6,2,4800
2024-05-23,R_S,D2C,ppc,PPC_R_S,1434.58,4260,142,119,53,9,5,2,4800
2024-05-24,R_S,D2C,ppc,PPC_R_S,1590.54,4740,158,132,59,10,6,2,4800
2024-05-25,R_S,D2C,ppc,PPC_R_S,1560.85,4680,156,130,58,10,6,2,4800
2024-05-26,R_S,D2C,ppc,PPC_R_S,1543.1,4590,153,128,57,10,6,2,4800
2024-05-27,R_N,D2C,ppc,PPC_R_N,3270.34,9780,326,272,122,21,12,5,12000
2024-05-28,R_N,D2C,ppc,PPC_R_N,2960.09,8850,295,246,110,19,11,4,9600
2024-05-29,R_N,D2C,ppc,PPC_R_N,2949.05,8820,294,245,110,19,11,4,9600
2024-05-30,R_N,D2C,ppc,PPC_R_N,3115.27,9300,310,259,116,20,12,5,12000
2024-05-31,R_N,D2C,ppc,PPC_R_N,3201.03,9570,319,266,119,21,12,5,12000
2024-06-01,R_N,D2C,ppc,PPC_R_N,2901.05,8670,289,241,108,19,11,4,9600
2024-06-02,R_N,D2C,ppc,PPC_R_N,3101.79,9270,309,258,116,20,12,5,12000
2024-05-27,R_S,D2C,ppc,PPC_R_S,1412.71,4200,140,117,52,9,5,2,4800
2024-05-28,R_S,D2C,ppc,PPC_R_S,1515.51,4530,151,126,56,10,6,2,4800
2024-05-29,R_S,D2C,ppc,PPC_R_S,1580.75,4710,157,131,58,10,6,2,4800
2024-05-30,R_S,D2C,ppc,PPC_R_S,1369.59,4080,136,114,51,9,5,2,4800
2024-05-31,R_S,D2C,ppc,PPC_R_S,1568.35,4680,156,130,58,10,6,2,4800
2024-06-01,R_S,D2C,ppc,PPC_R_S,1354.63,4020,134,112,50,8,4,2,4800
2024-06-02,R_S,D2C,ppc,PPC_R_S,1637.51,4890,163,136,61,10,6,2,4800
2024-06-03,R_N,D2C,ppc,PPC_R_N,2981.2,8910,297,248,111,19,11,4,9600
2024-06-04,R_N,D2C,ppc,PPC_R_N,2945.44,8820,294,245,110,19,11,4,9600
2024-06-05,R_N,D2C,ppc,PPC_R_N,3132.27,9390,313,261,117,20,12,5,12000
2024-06-06,R_N,D2C,ppc,PPC_R_N,3013.98,9030,301,251,112,20,12,5,12000
2024-06-07,R_N,D2C,ppc,PPC_R_N,3138.51,9390,313,261,117,20,12,5,12000
2024-06-08,R_N,D2C,ppc,PPC_R_N,2750.85,8220,274,229,103,18,10,4,9600
2024-06-09,R_N,D2C,ppc,PPC_R_N,3037.68,9090,303,253,113,20,12,5,12000
2024-06-03,R_S,D2C,ppc,PPC_R_S,1517.43,4530,151,126,56,10,6,2,4800
2024-06-04,R_S,D2C,ppc,PPC_R_S,1629.63,4860,162,135,60,10,6,2,4800
2024-06-05,R_S,D2C,ppc,PPC_R_S,1361.88,4050,135,113,50,9,5,2,4800
2024-06-06,R_S,D2C,ppc,PPC_R_S,1485.85,4410,147,123,55,9,5,2,4800
2024-06-07,R_S,D2C,ppc,PPC_R_S,1539.32,4590,153,128,57,10,6,2,4800
2024-06-08,R_S,D2C,ppc,PPC_R_S,1515.22,4530,151,126,56,10,6,2,4800
2024-06-09,R_S,D2C,ppc,PPC_R_S,1372.25,4080,136,114,51,9,5,2,4800
2024-06-10,R_N,D2C,ppc,PPC_R_N,3055.94,9120,304,254,114,20,12,5,12000
2024-06-11,R_N,D2C,ppc,PPC_R_N,2833.32,8490,283,236,106,18,10,4,9600
2024-06-12,R_N,D2C,ppc,PPC_R_N,2817.33,8400,280,234,105,18,10,4,9600
2024-06-13,R_N,D2C,ppc,PPC_R_N,3227.21,9630,321,268,120,21,12,5,12000
2024-06-14,R_N,D2C,ppc,PPC_R_N,2818.71,8400,280,234,105,18,10,4,9600
2024-06-15,R_N,D2C,ppc,PPC_R_N,2972.57,8880,296,247,111,19,11,4,9600
2024-06-16,R_N,D2C,ppc,PPC_R_N,3150.17,9420,314,262,117,20,12,5,12000
2024-06-10,R_S,D2C,ppc,PPC_R_S,1562.19,4680,156,130,58,10,6,2,4800
2024-06-11,R_S,D2C,ppc,PPC_R_S,1516.04,4530,151,126,56,10,6,2,4800
2024-06-12,R_S,D2C,ppc,PPC_R_S,1592.11,4740,158,132,59,10,6,2,4800
2024-06-13,R_S,D2C,ppc,PPC_R_S,1489.74,4440,148,124,55,9,5,2,4800
2024-06-14,R_S,D2C,ppc,PPC_R_S,1536.12,4590,153,128,57,10,6,2,4800
2024-06-15,R_S,D2C,ppc,PPC_R_S,1595.67,4740,158,132,59,10,6,2,4800
2024-06-16,R_S,D2C,ppc,PPC_R_S,1553.43,4620,154,129,58,10,6,2,4800
2024-06-17,R_N,D2C,ppc,PPC_R_N,3085.1,9240,308,257,115,20,12,5,12000
2024-06-18,R_N,D2C,ppc,PPC_R_N,2943.68,8820,294,245,110,19,11,4,9600
2024-06-19,R_N,D2C,ppc,PPC_R_N,3034.99,9060,302,252,113,20,12,5,12000
2024-06-20,R_N,D2C,ppc,PPC_R_N,2937.65,8760,292,244,109,19,11,4,9600
2024-06-21,R_N,D2C,ppc,PPC_R_N,3146.58,9420,314,262,117,20,12,5,12000
2024-06-22,R_N,D2C,ppc,PPC_R_N,2928.26,8760,292,244,109,19,11,4,9600
2024-06-23,R_N,D2C,ppc,PPC_R_N,2979.97,8910,297,248,111,19,11,4,9600
2024-06-17,R_S,D2C,ppc,PPC_R_S,1576.64,4710,157,131,58,10,6,2,4800
2024-06-18,R_S,D2C,ppc,PPC_R_S,1501.1,4500,150,125,56,10,6,2,4800
2024-06-19,R_S,D2C,ppc,PPC_R_S,1451.41,4320,144,120,54,9,5,2,4800
2024-06-20,R_S,D2C,ppc,PPC_R_S,1598.05,4770,159,133,59,10,6,2,4800
2024-06-21,R_S,D2C,ppc,PPC_R_S,1464.29,4380,146,122,54,9,5,2,4800
2024-06-22,R_S,D2C,ppc,PPC_R_S,1603.42,4770,159,133,59,10,6,2,4800
2024-06-23,R_S,D2C,ppc,PPC_R_S,1585.57,4740,158,132,59,10,6,2,4800
2024-06-24,R_N,D2C,ppc,PPC_R_N,2968.37,8880,296,247,111,19,11,4,9600
2024-06-25,R_N,D2C,ppc,PPC_R_N,3127.73,9360,312,260,117,20,12,5,12000
2024-06-26,R_N,D2C,ppc,PPC_R_N,2720.63,8130,271,226,101,18,10,4,9600
2024-06-27,R_N,D2C,ppc,PPC_R_N,2933.88,8760,292,244,109,19,11,4,9600
2024-06-28,R_N,D2C,ppc,PPC_R_N,3216.2,9630,321,268,120,21,12,5,12000
2024-06-29,R_N,D2C,ppc,PPC_R_N,3047.72,9090,303,253,113,20,12,5,12000
2024-06-30,R_N,D2C,ppc,PPC_R_N,3034.7,9060,302,252,113,20,12,5,12000
2024-06-24,R_S,D2C,ppc,PPC_R_S,1549.42,4620,154,129,58,10,6,2,4800
2024-06-25,R_S,D2C,ppc,PPC_R_S,1553.3,4620,154,129,58,10,6,2,4800
2024-06-26,R_S,D2C,ppc,PPC_R_S,1525.08,4560,152,127,57,10,6,2,4800
2024-06-27,R_S,D2C,ppc,PPC_R_S,1476.19,4410,147,123,55,9,5,2,4800
2024-06-28,R_S,D2C,ppc,PPC_R_S,1405.05,4200,140,117,52,9,5,2,4800
2024-06-29,R_S,D2C,ppc,PPC_R_S,1437.79,4260,142,119,53,9,5,2,4800
2024-06-30,R_S,D2C,ppc,PPC_R_S,1437.88,4260,142,119,53,9,5,2,4800
2024-07-01,R_N,D2C,ppc,PPC_R_N,2958.45,8850,295,246,110,19,11,4,9600
2024-07-02,R_N,D2C,ppc,PPC_R_N,3299.44,9840,328,274,123,21,12,5,12000
2024-07-03,R_N,D2C,ppc,PPC_R_N,2911.53,8700,290,242,108,19,11,4,9600
2024-07-04,R_N,D2C,ppc,PPC_R_N,2968.43,8880,296,247,111,19,11,4,9600
2024-07-05,R_N,D2C,ppc,PPC_R_N,2922.98,8730,291,243,109,19,11,4,9600
2024-07-06,R_N,D2C,ppc,PPC_R_N,3048.86,9120,304,254,114,20,12,5,12000
2024-07-07,R_N,D2C,ppc,PPC_R_N,3268.74,9780,326,272,122,21,12,5,12000
2024-07-01,R_S,D2C,ppc,PPC_R_S,1616.72,4800,160,134,60,10,6,2,4800
2024-07-02,R_S,D2C,ppc,PPC_R_S,1463.14,4350,145,121,54,9,5,2,4800
2024-07-03,R_S,D2C,ppc,PPC_R_S,1430.07,4260,142,119,53,9,5,2,4800
2024-07-04,R_S,D2C,ppc,PPC_R_S,1615.32,4800,160,134,60,10,6,2,4800
2024-07-05,R_S,D2C,ppc,PPC_R_S,1498.15,4440,148,124,55,9,5,2,4800
2024-07-06,R_S,D2C,ppc,PPC_R_S,1555.66,4620,154,129,58,10,6,2,4800
2024-07-07,R_S,D2C,ppc,PPC_R_S,1371.99,4080,136,114,51,9,5,2,4800
2024-07-08,R_N,D2C,ppc,PPC_R_N,3219.93,9630,321,268,120,21,12,5,12000
2024-07-09,R_N,D2C,ppc,PPC_R_N,2887.78,8640,288,240,108,19,11,4,9600
2024-07-10,R_N,D2C,ppc,PPC_R_N,2996.72,8940,298,249,112,19,11,4,9600
2024-07-11,R_N,D2C,ppc,PPC_R_N,2818.81,8400,280,234,105,18,10,4,9600
2024-07-12,R_N,D2C,ppc,PPC_R_N,2952.15,8850,295,246,110,19,11,4,9600
2024-07-13,R_N,D2C,ppc,PPC_R_N,3196.83,9570,319,266,119,21,12,5,12000
2024-07-14,R_N,D2C,ppc,PPC_R_N,3196.55,9570,319,266,119,21,12,5,12000
2024-07-08,R_S,D2C,ppc,PPC_R_S,1492.1,4440,148,124,55,9,5,2,4800
2024-07-09,R_S,D2C,ppc,PPC_R_S,1580.37,4710,157,131,58,10,6,2,4800
2024-07-10,R_S,D2C,ppc,PPC_R_S,1487.42,4410,147,123,55,9,5,2,4800
2024-07-11,R_S,D2C,ppc,PPC_R_S,1462.01,4350,145,121,54,9,5,2,4800
2024-07-12,R_S,D2C,ppc,PPC_R_S,1513.77,4530,151,126,56,10,6,2,4800
2024-07-13,R_S,D2C,ppc,PPC_R_S,1410.4,4200,140,117,52,9,5,2,4800
2024-07-14,R_S,D2C,ppc,PPC_R_S,1444.97,4320,144,120,54,9,5,2,4800
2024-07-15,R_N,D2C,ppc,PPC_R_N,3123.92,9360,312,260,117,20,12,5,12000
2024-07-16,R_N,D2C,ppc,PPC_R_N,3162.31,9450,315,263,118,21,12,5,12000
2024-07-17,R_N,D2C,ppc,PPC_R_N,2734.02,8160,272,227,102,18,10,4,9600
2024-07-18,R_N,D2C,ppc,PPC_R_N,3139.7,9390,313,261,117,20,12,5,12000
2024-07-19,R_N,D2C,ppc,PPC_R_N,3190.46,9540,318,265,119,21,12,5,12000
2024-07-20,R_N,D2C,ppc,PPC_R_N,2967.12,8880,296,247,111,19,11,4,9600
2024-07-21,R_N,D2C,ppc,PPC_R_N,2737.47,8190,273,228,102,18,10,4,9600
2024-07-15,R_S,D2C,ppc,PPC_R_S,1554.87,4620,154,129,58,10,6,2,4800
2024-07-16,R_S,D2C,ppc,PPC_R_S,1423.85,4230,141,118,53,9,5,2,4800
2024-07-17,R_S,D2C,ppc,PPC_R_S,1543.01,4590,153,128,57,10,6,2,4800
2024-07-18,R_S,D2C,ppc,PPC_R_S,1462.99,4350,145,121,54,9,5,2,4800
2024-07-19,R_S,D2C,ppc,PPC_R_S,1541.15,4590,153,128,57,10,6,2,4800
2024-07-20,R_S,D2C,ppc,PPC_R_S,1427.44,4230,141,118,53,9,5,2,4800
2024-07-21,R_S,D2C,ppc,PPC_R_S,1492.96,4440,148,124,55,9,5,2,4800
2024-07-22,R_N,D2C,ppc,PPC_R_N,3014.8,9030,301,251,112,20,12,5,12000
2024-07-23,R_N,D2C,ppc,PPC_R_N,3078.61,9210,307,256,115,20,12,5,12000
2024-07-24,R_N,D2C,ppc,PPC_R_N,2821.9,8460,282,235,105,18,10,4,9600
2024-07-25,R_N,D2C,ppc,PPC_R_N,3277.23,9810,327,273,122,21,12,5,12000
2024-07-26,R_N,D2C,ppc,PPC_R_N,2873.48,8580,286,239,107,19,11,4,9600
2024-07-27,R_N,D2C,ppc,PPC_R_N,2883.61,8640,288,240,108,19,11,4,9600
2024-07-28,R_N,D2C,ppc,PPC_R_N,2853.79,8520,284,237,106,18,10,4,9600
2024-07-22,R_S,D2C,ppc,PPC_R_S,1370.24,4080,136,114,51,9,5,2,4800
2024-07-23,R_S,D2C,ppc,PPC_R_S,1476.88,4410,147,123,55,9,5,2,4800
2024-07-24,R_S,D2C,ppc,PPC_R_S,1581.55,4710,157,131,58,10,6,2,4800
2024-07-25,R_S,D2C,ppc,PPC_R_S,1562.87,4680,156,130,58,10,6,2,4800
2024-07-26,R_S,D2C,ppc,PPC_R_S,1408.67,4200,140,117,52,9,5,2,4800
2024-07-27,R_S,D2C,ppc,PPC_R_S,1391.08,4140,138,115,51,9,5,2,4800
2024-07-28,R_S,D2C,ppc,PPC_R_S,1446.43,4320,144,120,54,9,5,2,4800
2024-07-29,R_N,D2C,ppc,PPC_R_N,5689.72,17040,568,474,213,37,22,9,21600
2024-07-30,R_N,D2C,ppc,PPC_R_N,5387.12,16110,537,448,201,35,21,8,19200
2024-07-31,R_N,D2C,ppc,PPC_R_N,5857.04,17550,585,488,219,39,23,9,21600
2024-08-01,R_N,D2C,ppc,PPC_R_N,5568.89,16680,556,464,208,37,22,9,21600
2024-08-02,R_N,D2C,ppc,PPC_R_N,5530.58,16560,552,460,207,36,21,9,21600
2024-08-03,R_N,D2C,ppc,PPC_R_N,5689.11,17040,568,474,213,37,22,9,21600
2024-08-04,R_N,D2C,ppc,PPC_R_N,5670.28,16980,566,472,212,37,22,9,21600
2024-07-29,R_S,D2C,ppc,PPC_R_S,1453.15,4350,145,121,54,9,5,2,4800
2024-07-30,R_S,D2C,ppc,PPC_R_S,1427.1,4230,141,118,53,9,5,2,4800
2024-07-31,R_S,D2C,ppc,PPC_R_S,1481.29,4410,147,123,55,9,5,2,4800
2024-08-01,R_S,D2C,ppc,PPC_R_S,1496.77,4440,148,124,55,9,5,2,4800
2024-08-02,R_S,D2C,ppc,PPC_R_S,1392.52,4170,139,116,52,9,5,2,4800
2024-08-03,R_S,D2C,ppc,PPC_R_S,1482.4,4410,147,123,55,9,5,2,4800
2024-08-04,R_S,D2C,ppc,PPC_R_S,1541.95,4590,153,128,57,10,6,2,4800
2024-08-05,R_N,D2C,ppc,PPC_R_N,5006.57,15000,500,417,187,33,19,8,19200
2024-08-06,R_N,D2C,ppc,PPC_R_N,5009.08,15000,500,417,187,33,19,8,19200
2024-08-07,R_N,D2C,ppc,PPC_R_N,5047.62,15120,504,420,189,33,19,8,19200
2024-08-08,R_N,D2C,ppc,PPC_R_N,5166.0,15480,516,430,193,34,20,8,19200
2024-08-09,R_N,D2C,ppc,PPC_R_N,5898.65,17670,589,491,220,39,23,9,21600
2024-08-10,R_N,D2C,ppc,PPC_R_N,4887.85,14640,488,407,183,32,19,8,19200
2024-08-11,R_N,D2C,ppc,PPC_R_N,5058.44,15150,505,421,189,33,19,8,19200
2024-08-05,R_S,D2C,ppc,PPC_R_S,1399.51,4170,139,116,52,9,5,2,4800
2024-08-06,R_S,D2C,ppc,PPC_R_S,1492.3,4440,148,124,55,9,5,2,4800
2024-08-07,R_S,D2C,ppc,PPC_R_S,1354.52,4020,134,112,50,8,4,2,4800
2024-08-08,R_S,D2C,ppc,PPC_R_S,1487.45,4410,147,123,55,9,5,2,4800
2024-08-09,R_S,D2C,ppc,PPC_R_S,1398.88,4170,139,116,52,9,5,2,4800
2024-08-10,R_S,D2C,ppc,PPC_R_S,1430.89,4260,142,119,53,9,5,2,4800
2024-08-11,R_S,D2C,ppc,PPC_R_S,1587.73,4740,158,132,59,10,6,2,4800
2024-08-12,R_N,D2C,ppc,PPC_R_N,5058.79,15150,505,421,189,33,19,8,19200
2024-08-13,R_N,D2C,ppc,PPC_R_N,5526.5,16560,552,460,207,36,21,9,21600
2024-08-14,R_N,D2C,ppc,PPC_R_N,5298.82,15870,529,441,198,35,21,8,19200
2024-08-15,R_N,D2C,ppc,PPC_R_N,5311.0,15900,530,442,198,35,21,8,19200
2024-08-16,R_N,D2C,ppc,PPC_R_N,5742.19,17190,573,478,215,38,22,9,21600
2024-08-17,R_N,D2C,ppc,PPC_R_N,5033.79,15060,502,419,188,33,19,8,19200
2024-08-18,R_N,D2C,ppc,PPC_R_N,5857.72,17550,585,488,219,39,23,9,21600
2024-08-12,R_S,D2C,ppc,PPC_R_S,1618.05,4800,160,134,60,10,6,2,4800
2024-08-13,R_S,D2C,ppc,PPC_R_S,1550.5,4620,154,129,58,10,6,2,4800
2024-08-14,R_S,D2C,ppc,PPC_R_S,1364.83,4050,135,113,50,9,5,2,4800
2024-08-15,R_S,D2C,ppc,PPC_R_S,1548.99,4620,154,129,58,10,6,2,4800
2024-08-16,R_S,D2C,ppc,PPC_R_S,1530.1,4560,152,127,57,10,6,2,4800
2024-08-17,R_S,D2C,ppc,PPC_R_S,1581.66,4710,157,131,58,10,6,2,4800
2024-08-18,R_S,D2C,ppc,PPC_R_S,1414.15,4200,140,117,52,9,5,2,4800
2024-08-19,R_N,D2C,ppc,PPC_R_N,5889.62,17640,588,490,220,39,23,9,21600
2024-08-20,R_N,D2C,ppc,PPC_R_N,5817.09,17400,580,484,217,38,22,9,21600
2024-08-21,R_N,D2C,ppc,PPC_R_N,4983.51,14940,498,415,186,33,19,8,19200
2024-08-22,R_N,D2C,ppc,PPC_R_N,5200.42,15570,519,433,194,34,20,8,19200
2024-08-23,R_N,D2C,ppc,PPC_R_N,4895.04,14640,488,407,183,32,19,8,19200
2024-08-24,R_N,D2C,ppc,PPC_R_N,5757.42,17220,574,479,215,38,22,9,21600
2024-08-25,R_N,D2C,ppc,PPC_R_N,5848.3,17520,584,487,219,38,22,9,21600
2024-08-19,R_S,D2C,ppc,PPC_R_S,1646.94,4920,164,137,61,10,6,2,4800
2024-08-20,R_S,D2C,ppc,PPC_R_S,1533.58,4560,152,127,57,10,6,2,4800
2024-08-21,R_S,D2C,ppc,PPC_R_S,1549.8,4620,154,129,58,10,6,2,4800
2024-08-22,R_S,D2C,ppc,PPC_R_S,1553.52,4620,154,129,58,10,6,2,4800
2024-08-23,R_S,D2C,ppc,PPC_R_S,1521.04,4530,151,126,56,10,6,2,4800
2024-08-24,R_S,D2C,ppc,PPC_R_S,1635.73,4890,163,136,61,10,6,2,4800
2024-08-25,R_S,D2C,ppc,PPC_R_S,1532.36,4560,152,127,57,10,6,2,4800
2024-08-26,R_N,D2C,ppc,PPC_R_N,5222.58,15660,522,435,195,34,20,8,19200
2024-08-27,R_N,D2C,ppc,PPC_R_N,5413.91,16230,541,451,202,36,21,9,21600
2024-08-28,R_N,D2C,ppc,PPC_R_N,4880.16,14610,487,406,182,32,19,8,19200
2024-08-29,R_N,D2C,ppc,PPC_R_N,5642.06,16920,564,470,211,37,22,9,21600
2024-08-30,R_N,D2C,ppc,PPC_R_N,5609.43,16800,560,467,210,37,22,9,21600
2024-08-31,R_N,D2C,ppc,PPC_R_N,5314.74,15900,530,442,198,35,21,8,19200
2024-09-01,R_N,D2C,ppc,PPC_R_N,5779.6,17310,577,481,216,38,22,9,21600
2024-08-26,R_S,D2C,ppc,PPC_R_S,1576.66,4710,157,131,58,10,6,2,4800
2024-08-27,R_S,D2C,ppc,PPC_R_S,1451.01,4320,144,120,54,9,5,2,4800
2024-08-28,R_S,D2C,ppc,PPC_R_S,1373.25,4080,136,114,51,9,5,2,4800
2024-08-29,R_S,D2C,ppc,PPC_R_S,1389.67,4140,138,115,51,9,5,2,4800
2024-08-30,R_S,D2C,ppc,PPC_R_S,1405.28,4200,140,117,52,9,5,2,4800
2024-08-31,R_S,D2C,ppc,PPC_R_S,1441.18,4320,144,120,54,9,5,2,4800
2024-09-01,R_S,D2C,ppc,PPC_R_S,1484.25,4410,147,123,55,9,5,2,4800
2024-09-02,R_N,D2C,ppc,PPC_R_N,5862.24,17550,585,488,219,39,23,9,21600
2024-09-03,R_N,D2C,ppc,PPC_R_N,5160.69,15480,516,430,193,34,20,8,19200
2024-09-04,R_N,D2C,ppc,PPC_R_N,5830.47,17460,582,485,218,38,22,9,21600
2024-09-05,R_N,D2C,ppc,PPC_R_N,5594.9,16770,559,466,209,37,22,9,21600
2024-09-06,R_N,D2C,ppc,PPC_R_N,5781.77,17310,577,481,216,38,22,9,21600
2024-09-07,R_N,D2C,ppc,PPC_R_N,5295.51,15870,529,441,198,35,21,8,19200
2024-09-08,R_N,D2C,ppc,PPC_R_N,4863.54,14580,486,405,182,32,19,8,19200
2024-09-02,R_S,D2C,ppc,PPC_R_S,1586.09,4740,158,132,59,10,6,2,4800
2024-09-03,R_S,D2C,ppc,PPC_R_S,1423.64,4230,141,118,53,9,5,2,4800
2024-09-04,R_S,D2C,ppc,PPC_R_S,1392.74,4170,139,116,52,9,5,2,4800
2024-09-05,R_S,D2C,ppc,PPC_R_S,1589.85,4740,158,132,59,10,6,2,4800
2024-09-06,R_S,D2C,ppc,PPC_R_S,1555.9,4620,154,129,58,10,6,2,4800
2024-09-07,R_S,D2C,ppc,PPC_R_S,1413.72,4200,140,117,52,9,5,2,4800
2024-09-08,R_S,D2C,ppc,PPC_R_S,1430.27,4260,142,119,53,9,5,2,4800
2024-09-09,R_N,D2C,ppc,PPC_R_N,5874.36,17580,586,489,220,39,23,9,21600
2024-09-10,R_N,D2C,ppc,PPC_R_N,5150.02,15420,514,429,193,34,20,8,19200
2024-09-11,R_N,D2C,ppc,PPC_R_N,5618.6,16830,561,468,210,37,22,9,21600
2024-09-12,R_N,D2C,ppc,PPC_R_N,4999.92,14970,499,416,187,33,19,8,19200
2024-09-13,R_N,D2C,ppc,PPC_R_N,5740.24,17190,573,478,215,38,22,9,21600
2024-09-14,R_N,D2C,ppc,PPC_R_N,4987.0,14940,498,415,186,33,19,8,19200
2024-09-15,R_N,D2C,ppc,PPC_R_N,5417.32,16230,541,451,202,36,21,9,21600
2024-09-09,R_S,D2C,ppc,PPC_R_S,1360.57,4050,135,113,50,9,5,2,4800
2024-09-10,R_S,D2C,ppc,PPC_R_S,1515.02,4530,151,126,56,10,6,2,4800
2024-09-11,R_S,D2C,ppc,PPC_R_S,1603.99,4770,159,133,59,10,6,2,4800
2024-09-12,R_S,D2C,ppc,PPC_R_S,1375.32,4080,136,114,51,9,5,2,4800
2024-09-13,R_S,D2C,ppc,PPC_R_S,1432.28,4260,142,119,53,9,5,2,4800
2024-09-14,R_S,D2C,ppc,PPC_R_S,1579.41,4710,157,131,58,10,6,2,4800
2024-09-15,R_S,D2C,ppc,PPC_R_S,1532.43,4560,152,127,57,10,6,2,4800
2024-09-16,R_N,D2C,ppc,PPC_R_N,5197.82,15570,519,433,194,34,20,8,19200
2024-09-17,R_N,D2C,ppc,PPC_R_N,5539.22,16590,553,461,207,36,21,9,21600
2024-09-18,R_N,D2C,ppc,PPC_R_N,5351.09,16020,534,445,200,35,21,8,19200
2024-09-19,R_N,D2C,ppc,PPC_R_N,5791.34,17340,578,482,216,38,22,9,21600
2024-09-20,R_N,D2C,ppc,PPC_R_N,5176.38,15510,517,431,193,34,20,8,19200
2024-09-21,R_N,D2C,ppc,PPC_R_N,5678.35,17010,567,473,212,37,22,9,21600
2024-09-22,R_N,D2C,ppc,PPC_R_N,5546.53,16620,554,462,207,36,21,9,21600
2024-09-16,R_S,D2C,ppc,PPC_R_S,1572.13,4710,157,131,58,10,6,2,4800
2024-09-17,R_S,D2C,ppc,PPC_R_S,1463.48,4350,145,121,54,9,5,2,4800
2024-09-18,R_S,D2C,ppc,PPC_R_S,1567.48,4680,156,130,58,10,6,2,4800
2024-09-19,R_S,D2C,ppc,PPC_R_S,1559.53,4620,154,129,58,10,6,2,4800
2024-09-20,R_S,D2C,ppc,PPC_R_S,1466.25,4380,146,122,54,9,5,2,4800
2024-09-21,R_S,D2C,ppc,PPC_R_S,1357.94,4050,135,113,50,9,5,2,4800
2024-09-22,R_S,D2C,ppc,PPC_R_S,1638.87,4890,163,136,61,10,6,2,4800
2024-09-23,R_N,D2C,ppc,PPC_R_N,5630.69,16860,562,469,211,37,22,9,21600
2024-09-24,R_N,D2C,ppc,PPC_R_N,5081.12,15210,507,423,190,33,19,8,19200
2024-09-25,R_N,D2C,ppc,PPC_R_N,5649.27,16920,564,470,211,37,22,9,21600
2024-09-26,R_N,D2C,ppc,PPC_R_N,5160.98,15480,516,430,193,34,20,8,19200
2024-09-27,R_N,D2C,ppc,PPC_R_N,5366.83,16080,536,447,201,35,21,8,19200
2024-09-28,R_N,D2C,ppc,PPC_R_N,5788.68,17340,578,482,216,38,22,9,21600
2024-09-29,R_N,D2C,ppc,PPC_R_N,5343.92,16020,534,445,200,35,21,8,19200
2024-09-23,R_S,D2C,ppc,PPC_R_S,1436.4,4260,142,119,53,9,5,2,4800
2024-09-24,R_S,D2C,ppc,PPC_R_S,1441.65,4320,144,120,54,9,5,2,4800
2024-09-25,R_S,D2C,ppc,PPC_R_S,1373.11,4080,136,114,51,9,5,2,4800
2024-09-26,R_S,D2C,ppc,PPC_R_S,1415.85,4200,140,117,52,9,5,2,4800
2024-09-27,R_S,D2C,ppc,PPC_R_S,1431.33,4260,142,119,53,9,5,2,4800
2024-09-28,R_S,D2C,ppc,PPC_R_S,1401.89,4170,139,116,52,9,5,2,4800
2024-09-29,R_S,D2C,ppc,PPC_R_S,1368.92,4080,136,114,51,9,5,2,4800
2024-09-30,R_N,D2C,ppc,PPC_R_N,5363.05,16050,535,446,200,35,21,8,19200
2024-10-01,R_N,D2C,ppc,PPC_R_N,5091.55,15240,508,424,190,33,19,8,19200
2024-10-02,R_N,D2C,ppc,PPC_R_N,5657.87,16950,565,471,211,37,22,9,21600
2024-10-03,R_N,D2C,ppc,PPC_R_N,5856.33,17550,585,488,219,39,23,9,21600
2024-10-04,R_N,D2C,ppc,PPC_R_N,5154.82,15420,514,429,193,34,20,8,19200
2024-10-05,R_N,D2C,ppc,PPC_R_N,5478.03,16410,547,456,205,36,21,9,21600
2024-10-06,R_N,D2C,ppc,PPC_R_N,5407.26,16200,540,450,202,36,21,9,21600
2024-09-30,R_S,D2C,ppc,PPC_R_S,1372.53,4080,136,114,51,9,5,2,4800
2024-10-01,R_S,D2C,ppc,PPC_R_S,1387.46,4140,138,115,51,9,5,2,4800
2024-10-02,R_S,D2C,ppc,PPC_R_S,1615.43,4800,160,134,60,10,6,2,4800
2024-10-03,R_S,D2C,ppc,PPC_R_S,1492.25,4440,148,124,55,9,5,2,4800
2024-10-04,R_S,D2C,ppc,PPC_R_S,1591.38,4740,158,132,59,10,6,2,4800
2024-10-05,R_S,D2C,ppc,PPC_R_S,1369.97,4080,136,114,51,9,5,2,4800
2024-10-06,R_S,D2C,ppc,PPC_R_S,1528.44,4560,152,127,57,10,6,2,4800
2024-10-07,R_N,D2C,ppc,PPC_R_N,5794.54,17340,578,482,216,38,22,9,21600
2024-10-08,R_N,D2C,ppc,PPC_R_N,5796.43,17370,579,483,217,38,22,9,21600
2024-10-09,R_N,D2C,ppc,PPC_R_N,4866.18,14580,486,405,182,32,19,8,19200
2024-10-10,R_N,D2C,ppc,PPC_R_N,5423.46,16230,541,451,202,36,21,9,21600
2024-10-11,R_N,D2C,ppc,PPC_R_N,5258.53,15750,525,438,197,35,21,8,19200
2024-10-12,R_N,D2C,ppc,PPC_R_N,5680.85,17010,567,473,212,37,22,9,21600
2024-10-13,R_N,D2C,ppc,PPC_R_N,4939.08,14790,493,411,184,32,19,8,19200
2024-10-07,R_S,D2C,ppc,PPC_R_S,1429.48,4260,142,119,53,9,5,2,4800
2024-10-08,R_S,D2C,ppc,PPC_R_S,1593.79,4740,158,132,59,10,6,2,4800
2024-10-09,R_S,D2C,ppc,PPC_R_S,1490.87,4440,148,124,55,9,5,2,4800
2024-10-10,R_S,D2C,ppc,PPC_R_S,1485.95,4410,147,123,55,9,5,2,4800
2024-10-11,R_S,D2C,ppc,PPC_R_S,1640.57,4890,163,136,61,10,6,2,4800
2024-10-12,R_S,D2C,ppc,PPC_R_S,1445.97,4320,144,120,54,9,5,2,4800
2024-10-13,R_S,D2C,ppc,PPC_R_S,1362.52,4050,135,113,50,9,5,2,4800
2024-10-14,R_N,D2C,ppc,PPC_R_N,5283.58,15840,528,440,198,35,21,8,19200
2024-10-15,R_N,D2C,ppc,PPC_R_N,5025.64,15030,501,418,188,33,19,8,19200
2024-10-16,R_N,D2C,ppc,PPC_R_N,4948.44,14820,494,412,185,32,19,8,19200
2024-10-17,R_N,D2C,ppc,PPC_R_N,5473.29,16410,547,456,205,36,21,9,21600
2024-10-18,R_N,D2C,ppc,PPC_R_N,5889.86,17640,588,490,220,39,23,9,21600
2024-10-19,R_N,D2C,ppc,PPC_R_N,5485.76,16440,548,457,205,36,21,9,21600
2024-10-20,R_N,D2C,ppc,PPC_R_N,5558.88,16650,555,463,208,37,22,9,21600
2024-10-14,R_S,D2C,ppc,PPC_R_S,1447.09,4320,144,120,54,9,5,2,4800
2024-10-15,R_S,D2C,ppc,PPC_R_S,1521.34,4530,151,126,56,10,6,2,4800
2024-10-16,R_S,D2C,ppc,PPC_R_S,1575.67,4710,157,131,58,10,6,2,4800
2024-10-17,R_S,D2C,ppc,PPC_R_S,1526.79,4560,152,127,57,10,6,2,4800
2024-10-18,R_S,D2C,ppc,PPC_R_S,1590.83,4740,158,132,59,10,6,2,4800
2024-10-19,R_S,D2C,ppc,PPC_R_S,1515.14,4530,151,126,56,10,6,2,4800
2024-10-20,R_S,D2C,ppc,PPC_R_S,1409.44,4200,140,117,52,9,5,2,4800
2024-10-21,R_N,D2C,ppc,PPC_R_N,5489.34,16440,548,457,205,36,21,9,21600
2024-10-22,R_N,D2C,ppc,PPC_R_N,5390.21,16140,538,449,202,35,21,8,19200
2024-10-23,R_N,D2C,ppc,PPC_R_N,5039.21,15060,502,419,188,33,19,8,19200
2024-10-24,R_N,D2C,ppc,PPC_R_N,5528.7,16560,552,460,207,36,21,9,21600
2024-10-25,R_N,D2C,ppc,PPC_R_N,5742.32,17190,573,478,215,38,22,9,21600
2024-10-26,R_N,D2C,ppc,PPC_R_N,5005.89,15000,500,417,187,33,19,8,19200
2024-10-27,R_N,D2C,ppc,PPC_R_N,5448.54,16320,544,454,204,36,21,9,21600
2024-10-21,R_S,D2C,ppc,PPC_R_S,1570.11,4680,156,130,58,10,6,2,4800
2024-10-22,R_S,D2C,ppc,PPC_R_S,1470.91,4380,146,122,54,9,5,2,4800
2024-10-23,R_S,D2C,ppc,PPC_R_S,1431.01,4260,142,119,53,9,5,2,4800
2024-10-24,R_S,D2C,ppc,PPC_R_S,1461.68,4350,145,121,54,9,5,2,4800
2024-10-25,R_S,D2C,ppc,PPC_R_S,1512.51,4530,151,126,56,10,6,2,4800
2024-10-26,R_S,D2C,ppc,PPC_R_S,1556.0,4620,154,129,58,10,6,2,4800
2024-10-27,R_S,D2C,ppc,PPC_R_S,1517.75,4530,151,126,56,10,6,2,4800
2024-10-28,R_N,D2C,ppc,PPC_R_N,4975.59,14880,496,414,186,33,19,8,19200
2024-10-29,R_N,D2C,ppc,PPC_R_N,5743.32,17190,573,478,215,38,22,9,21600
2024-10-30,R_N,D2C,ppc,PPC_R_N,5857.77,17550,585,488,219,39,23,9,21600
2024-10-31,R_N,D2C,ppc,PPC_R_N,4969.4,14880,496,414,186,33,19,8,19200
2024-11-01,R_N,D2C,ppc,PPC_R_N,5129.48,15360,512,427,192,34,20,8,19200
2024-11-02,R_N,D2C,ppc,PPC_R_N,5047.58,15120,504,420,189,33,19,8,19200
2024-11-03,R_N,D2C,ppc,PPC_R_N,5777.09,17310,577,481,216,38,22,9,21600
2024-10-28,R_S,D2C,ppc,PPC_R_S,1623.08,4860,162,135,60,10,6,2,4800
2024-10-29,R_S,D2C,ppc,PPC_R_S,1363.28,4050,135,113,50,9,5,2,4800
2024-10-30,R_S,D2C,ppc,PPC_R_S,1449.73,4320,144,120,54,9,5,2,4800
2024-10-31,R_S,D2C,ppc,PPC_R_S,1407.75,4200,140,117,52,9,5,2,4800
2024-11-01,R_S,D2C,ppc,PPC_R_S,1490.86,4440,148,124,55,9,5,2,4800
2024-11-02,R_S,D2C,ppc,PPC_R_S,1626.48,4860,162,135,60,10,6,2,4800
2024-11-03,R_S,D2C,ppc,PPC_R_S,1371.05,4080,136,114,51,9,5,2,4800
2024-11-04,R_N,D2C,ppc,PPC_R_N,5044.98,15120,504,420,189,33,19,8,19200
2024-11-05,R_N,D2C,ppc,PPC_R_N,5385.99,16110,537,448,201,35,21,8,19200
2024-11-06,R_N,D2C,ppc,PPC_R_N,5425.96,16260,542,452,203,36,21,9,21600
2024-11-07,R_N,D2C,ppc,PPC_R_N,5665.14,16980,566,472,212,37,22,9,21600
2024-11-08,R_N,D2C,ppc,PPC_R_N,5332.7,15960,532,444,199,35,21,8,19200
2024-11-09,R_N,D2C,ppc,PPC_R_N,5012.43,15000,500,417,187,33,19,8,19200
2024-11-10,R_N,D2C,ppc,PPC_R_N,5241.9,15690,523,436,196,34,20,8,19200
2024-11-04,R_S,D2C,ppc,PPC_R_S,1644.63,4920,164,137,61,10,6,2,4800
2024-11-05,R_S,D2C,ppc,PPC_R_S,1575.22,4710,157,131,58,10,6,2,4800
2024-11-06,R_S,D2C,ppc,PPC_R_S,1384.9,4140,138,115,51,9,5,2,4800
2024-11-07,R_S,D2C,ppc,PPC_R_S,1592.46,4740,158,132,59,10,6,2,4800
2024-11-08,R_S,D2C,ppc,PPC_R_S,1443.28,4320,144,120,54,9,5,2,4800
2024-11-09,R_S,D2C,ppc,PPC_R_S,1584.42,4740,158,132,59,10,6,2,4800
2024-11-10,R_S,D2C,ppc,PPC_R_S,1353.82,4020,134,112,50,8,4,2,4800
2024-11-11,R_N,D2C,ppc,PPC_R_N,5800.97,17370,579,483,217,38,22,9,21600
2024-11-12,R_N,D2C,ppc,PPC_R_N,5035.3,15060,502,419,188,33,19,8,19200
2024-11-13,R_N,D2C,ppc,PPC_R_N,5352.21,16050,535,446,200,35,21,8,19200
2024-11-14,R_N,D2C,ppc,PPC_R_N,5574.7,16680,556,464,208,37,22,9,21600
2024-11-15,R_N,D2C,ppc,PPC_R_N,5408.5,16200,540,450,202,36,21,9,21600
2024-11-16,R_N,D2C,ppc,PPC_R_N,5038.63,15060,502,419,188,33,19,8,19200
2024-11-17,R_N,D2C,ppc,PPC_R_N,5010.25,15000,500,417,187,33,19,8,19200
2024-11-11,R_S,D2C,ppc,PPC_R_S,1435.36,4260,142,119,53,9,5,2,4800
2024-11-12,R_S,D2C,ppc,PPC_R_S,1365.72,4050,135,113,50,9,5,2,4800
2024-11-13,R_S,D2C,ppc,PPC_R_S,1414.96,4200,140,117,52,9,5,2,4800
2024-11-14,R_S,D2C,ppc,PPC_R_S,1389.03,4140,138,115,51,9,5,2,4800
2024-11-15,R_S,D2C,ppc,PPC_R_S,1489.44,4440,148,124,55,9,5,2,4800
2024-11-16,R_S,D2C,ppc,PPC_R_S,1456.95,4350,145,121,54,9,5,2,4800
2024-11-17,R_S,D2C,ppc,PPC_R_S,1526.05,4560,152,127,57,10,6,2,4800
2024-11-18,R_N,D2C,ppc,PPC_R_N,2868.53,8580,286,239,107,19,11,4,9600
2024-11-19,R_N,D2C,ppc,PPC_R_N,2720.35,8130,271,226,101,18,10,4,9600
2024-11-20,R_N,D2C,ppc,PPC_R_N,2898.67,8670,289,241,108,19,11,4,9600
2024-11-21,R_N,D2C,ppc,PPC_R_N,3153.11,9420,314,262,117,20,12,5,12000
2024-11-22,R_N,D2C,ppc,PPC_R_N,2853.5,8520,284,237,106,18,10,4,9600
2024-11-23,R_N,D2C,ppc,PPC_R_N,2942.73,8820,294,245,110,19,11,4,9600
2024-11-24,R_N,D2C,ppc,PPC_R_N,3152.98,9420,314,262,117,20,12,5,12000
2024-11-18,R_S,D2C,ppc,PPC_R_S,1472.0,4380,146,122,54,9,5,2,4800
2024-11-19,R_S,D2C,ppc,PPC_R_S,1616.14,4800,160,134,60,10,6,2,4800
2024-11-20,R_S,D2C,ppc,PPC_R_S,1625.42,4860,162,135,60,10,6,2,4800
2024-11-21,R_S,D2C,ppc,PPC_R_S,1443.16,4320,144,120,54,9,5,2,4800
2024-11-22,R_S,D2C,ppc,PPC_R_S,1570.79,4680,156,130,58,10,6,2,4800
2024-11-23,R_S,D2C,ppc,PPC_R_S,1425.94,4230,141,118,53,9,5,2,4800
2024-11-24,R_S,D2C,ppc,PPC_R_S,1391.86,4140,138,115,51,9,5,2,4800
2024-11-25,R_N,D2C,ppc,PPC_R_N,2962.73,8850,295,246,110,19,11,4,9600
2024-11-26,R_N,D2C,ppc,PPC_R_N,3061.48,9180,306,255,114,20,12,5,12000
2024-11-27,R_N,D2C,ppc,PPC_R_N,3261.35,9750,325,271,121,21,12,5,12000
2024-11-28,R_N,D2C,ppc,PPC_R_N,2787.54,8340,278,232,104,18,10,4,9600
2024-11-29,R_N,D2C,ppc,PPC_R_N,3127.42,9360,312,260,117,20,12,5,12000
2024-11-30,R_N,D2C,ppc,PPC_R_N,2985.28,8910,297,248,111,19,11,4,9600
2024-12-01,R_N,D2C,ppc,PPC_R_N,2779.03,8310,277,231,103,18,10,4,9600
2024-11-25,R_S,D2C,ppc,PPC_R_S,1641.8,4890,163,136,61,10,6,2,4800
2024-11-26,R_S,D2C,ppc,PPC_R_S,1558.73,4620,154,129,58,10,6,2,4800
2024-11-27,R_S,D2C,ppc,PPC_R_S,1388.66,4140,138,115,51,9,5,2,4800
2024-11-28,R_S,D2C,ppc,PPC_R_S,1621.73,4860,162,135,60,10,6,2,4800
2024-11-29,R_S,D2C,ppc,PPC_R_S,1380.93,4140,138,115,51,9,5,2,4800
2024-11-30,R_S,D2C,ppc,PPC_R_S,1377.8,4080,136,114,51,9,5,2,4800
2024-12-01,R_S,D2C,ppc,PPC_R_S,1449.47,4320,144,120,54,9,5,2,4800
2024-12-02,R_N,D2C,ppc,PPC_R_N,3262.78,9750,325,271,121,21,12,5,12000
2024-12-03,R_N,D2C,ppc,PPC_R_N,2719.81,8130,271,226,101,18,10,4,9600
2024-12-04,R_N,D2C,ppc,PPC_R_N,3250.92,9720,324,270,121,21,12,5,12000
2024-12-05,R_N,D2C,ppc,PPC_R_N,3066.97,9180,306,255,114,20,12,5,12000
2024-12-06,R_N,D2C,ppc,PPC_R_N,2740.23,8190,273,228,102,18,10,4,9600
2024-12-07,R_N,D2C,ppc,PPC_R_N,3041.16,9090,303,253,113,20,12,5,12000
2024-12-08,R_N,D2C,ppc,PPC_R_N,2975.27,8880,296,247,111,19,11,4,9600
2024-12-02,R_S,D2C,ppc,PPC_R_S,1519.2,4530,151,126,56,10,6,2,4800
2024-12-03,R_S,D2C,ppc,PPC_R_S,1571.16,4680,156,130,58,10,6,2,4800
2024-12-04,R_S,D2C,ppc,PPC_R_S,1553.59,4620,154,129,58,10,6,2,4800
2024-12-05,R_S,D2C,ppc,PPC_R_S,1649.17,4920,164,137,61,10,6,2,4800
2024-12-06,R_S,D2C,ppc,PPC_R_S,1397.0,4170,139,116,52,9,5,2,4800
2024-12-07,R_S,D2C,ppc,PPC_R_S,1593.86,4740,158,132,59,10,6,2,4800
2024-12-08,R_S,D2C,ppc,PPC_R_S,1473.33,4380,146,122,54,9,5,2,4800
2024-12-09,R_N,D2C,ppc,PPC_R_N,3169.98,9480,316,264,118,21,12,5,12000
2024-12-10,R_N,D2C,ppc,PPC_R_N,3235.07,9660,322,269,121,21,12,5,12000
2024-12-11,R_N,D2C,ppc,PPC_R_N,3295.2,9840,328,274,123,21,12,5,12000
2024-12-12,R_N,D2C,ppc,PPC_R_N,2859.63,8550,285,238,107,19,11,4,9600
2024-12-13,R_N,D2C,ppc,PPC_R_N,2971.76,8880,296,247,111,19,11,4,9600
2024-12-14,R_N,D2C,ppc,PPC_R_N,3265.67,9780,326,272,122,21,12,5,12000
2024-12-15,R_N,D2C,ppc,PPC_R_N,3267.44,9780,326,272,122,21,12,5,12000
2024-12-09,R_S,D2C,ppc,PPC_R_S,1461.86,4350,145,121,54,9,5,2,4800
2024-12-10,R_S,D2C,ppc,PPC_R_S,1632.06,4890,163,136,61,10,6,2,4800
2024-12-11,R_S,D2C,ppc,PPC_R_S,1471.77,4380,146,122,54,9,5,2,4800
2024-12-12,R_S,D2C,ppc,PPC_R_S,1462.43,4350,145,121,54,9,5,2,4800
2024-12-13,R_S,D2C,ppc,PPC_R_S,1576.99,4710,157,131,58,10,6,2,4800
2024-12-14,R_S,D2C,ppc,PPC_R_S,1491.36,4440,148,124,55,9,5,2,4800
2024-12-15,R_S,D2C,ppc,PPC_R_S,1484.46,4410,147,123,55,9,5,2,4800
2024-12-16,R_N,D2C,ppc,PPC_R_N,2931.67,8760,292,244,109,19,11,4,9600
2024-12-17,R_N,D2C,ppc,PPC_R_N,2959.68,8850,295,246,110,19,11,4,9600
2024-12-18,R_N,D2C,ppc,PPC_R_N,2783.89,8310,277,231,103,18,10,4,9600
2024-12-19,R_N,D2C,ppc,PPC_R_N,2736.62,8190,273,228,102,18,10,4,9600
2024-12-20,R_N,D2C,ppc,PPC_R_N,3152.4,9420,314,262,117,20,12,5,12000
2024-12-21,R_N,D2C,ppc,PPC_R_N,3038.7,9090,303,253,113,20,12,5,12000
2024-12-22,R_N,D2C,ppc,PPC_R_N,3103.13,9270,309,258,116,20,12,5,12000
2024-12-16,R_S,D2C,ppc,PPC_R_S,1590.7,4740,158,132,59,10,6,2,4800
2024-12-17,R_S,D2C,ppc,PPC_R_S,1419.03,4230,141,118,53,9,5,2,4800
2024-12-18,R_S,D2C,ppc,PPC_R_S,1420.13,4230,141,118,53,9,5,2,4800
2024-12-19,R_S,D2C,ppc,PPC_R_S,1433.37,4260,142,119,53,9,5,2,4800
2024-12-20,R_S,D2C,ppc,PPC_R_S,1441.18,4320,144,120,54,9,5,2,4800
2024-12-21,R_S,D2C,ppc,PPC_R_S,1578.21,4710,157,131,58,10,6,2,4800
2024-12-22,R_S,D2C,ppc,PPC_R_S,1462.25,4350,145,121,54,9,5,2,4800
2024-12-23,R_N,D2C,ppc,PPC_R_N,2893.91,8670,289,241,108,19,11,4,9600
2024-12-24,R_N,D2C,ppc,PPC_R_N,3081.78,9210,307,256,115,20,12,5,12000
2024-12-25,R_N,D2C,ppc,PPC_R_N,2811.94,8400,280,234,105,18,10,4,9600
2024-12-26,R_N,D2C,ppc,PPC_R_N,2763.85,8280,276,230,103,18,10,4,9600
2024-12-27,R_N,D2C,ppc,PPC_R_N,3118.28,9300,310,259,116,20,12,5,12000
2024-12-28,R_N,D2C,ppc,PPC_R_N,3153.87,9420,314,262,117,20,12,5,12000
2024-12-29,R_N,D2C,ppc,PPC_R_N,2877.82,8580,286,239,107,19,11,4,9600
2024-12-23,R_S,D2C,ppc,PPC_R_S,1540.81,4590,153,128,57,10,6,2,4800
2024-12-24,R_S,D2C,ppc,PPC_R_S,1360.22,4050,135,113,50,9,5,2,4800
2024-12-25,R_S,D2C,ppc,PPC_R_S,1471.3,4380,146,122,54,9,5,2,4800
2024-12-26,R_S,D2C,ppc,PPC_R_S,1523.39,4530,151,126,56,10,6,2,4800
2024-12-27,R_S,D2C,ppc,PPC_R_S,1426.03,4230,141,118,53,9,5,2,4800
2024-12-28,R_S,D2C,ppc,PPC_R_S,1454.46,4350,145,121,54,9,5,2,4800
2024-12-29,R_S,D2C,ppc,PPC_R_S,1532.86,4560,152,127,57,10,6,2,4800
2024-12-30,R_N,D2C,ppc,PPC_R_N,3053.94,9120,304,254,114,20,12,5,12000
2024-12-31,R_N,D2C,ppc,PPC_R_N,2792.51,8340,278,232,104,18,10,4,9600
2025-01-01,R_N,D2C,ppc,PPC_R_N,3123.95,9360,312,260,117,20,12,5,12000
2025-01-02,R_N,D2C,ppc,PPC_R_N,2748.02,8220,274,229,103,18,10,4,9600
2025-01-03,R_N,D2C,ppc,PPC_R_N,3281.83,9810,327,273,122,21,12,5,12000
2025-01-04,R_N,D2C,ppc,PPC_R_N,2821.42,8460,282,235,105,18,10,4,9600
2025-01-05,R_N,D2C,ppc,PPC_R_N,2852.13,8520,284,237,106,18,10,4,9600
2024-12-30,R_S,D2C,ppc,PPC_R_S,1410.09,4200,140,117,52,9,5,2,4800
2024-12-31,R_S,D2C,ppc,PPC_R_S,1647.45,4920,164,137,61,10,6,2,4800
2025-01-01,R_S,D2C,ppc,PPC_R_S,1435.98,4260,142,119,53,9,5,2,4800
2025-01-02,R_S,D2C,ppc,PPC_R_S,1531.59,4560,152,127,57,10,6,2,4800
2025-01-03,R_S,D2C,ppc,PPC_R_S,1647.19,4920,164,137,61,10,6,2,4800
2025-01-04,R_S,D2C,ppc,PPC_R_S,1635.02,4890,163,136,61,10,6,2,4800
2025-01-05,R_S,D2C,ppc,PPC_R_S,1362.7,4050,135,113,50,9,5,2,4800
2025-01-06,R_N,D2C,ppc,PPC_R_N,3012.71,9030,301,251,112,20,12,5,12000
2025-01-07,R_N,D2C,ppc,PPC_R_N,3060.78,9180,306,255,114,20,12,5,12000
2025-01-08,R_N,D2C,ppc,PPC_R_N,3121.44,9360,312,260,117,20,12,5,12000
2025-01-09,R_N,D2C,ppc,PPC_R_N,2901.55,8670,289,241,108,19,11,4,9600
2025-01-10,R_N,D2C,ppc,PPC_R_N,2896.75,8670,289,241,108,19,11,4,9600
2025-01-11,R_N,D2C,ppc,PPC_R_N,2702.57,8100,270,225,101,18,10,4,9600
2025-01-12,R_N,D2C,ppc,PPC_R_N,2721.14,8130,271,226,101,18,10,4,9600
2025-01-06,R_S,D2C,ppc,PPC_R_S,1515.02,4530,151,126,56,10,6,2,4800
2025-01-07,R_S,D2C,ppc,PPC_R_S,1372.77,4080,136,114,51,9,5,2,4800
2025-01-08,R_S,D2C,ppc,PPC_R_S,1410.74,4200,140,117,52,9,5,2,4800
2025-01-09,R_S,D2C,ppc,PPC_R_S,1449.98,4320,144,120,54,9,5,2,4800
2025-01-10,R_S,D2C,ppc,PPC_R_S,1371.14,4080,136,114,51,9,5,2,4800
2025-01-11,R_S,D2C,ppc,PPC_R_S,1359.26,4050,135,113,50,9,5,2,4800
2025-01-12,R_S,D2C,ppc,PPC_R_S,1628.08,4860,162,135,60,10,6,2,4800
2025-01-13,R_N,D2C,ppc,PPC_R_N,2961.13,8850,295,246,110,19,11,4,9600
2025-01-14,R_N,D2C,ppc,PPC_R_N,2822.93,8460,282,235,105,18,10,4,9600
2025-01-15,R_N,D2C,ppc,PPC_R_N,3125.07,9360,312,260,117,20,12,5,12000
2025-01-16,R_N,D2C,ppc,PPC_R_N,2705.67,8100,270,225,101,18,10,4,9600
2025-01-17,R_N,D2C,ppc,PPC_R_N,2847.01,8520,284,237,106,18,10,4,9600
2025-01-18,R_N,D2C,ppc,PPC_R_N,3276.45,9810,327,273,122,21,12,5,12000
2025-01-19,R_N,D2C,ppc,PPC_R_N,3238.61,9660,322,269,121,21,12,5,12000
2025-01-13,R_S,D2C,ppc,PPC_R_S,1540.78,4590,153,128,57,10,6,2,4800
2025-01-14,R_S,D2C,ppc,PPC_R_S,1377.96,4080,136,114,51,9,5,2,4800
2025-01-15,R_S,D2C,ppc,PPC_R_S,1445.42,4320,144,120,54,9,5,2,4800
2025-01-16,R_S,D2C,ppc,PPC_R_S,1358.38,4050,135,113,50,9,5,2,4800
2025-01-17,R_S,D2C,ppc,PPC_R_S,1415.76,4200,140,117,52,9,5,2,4800
2025-01-18,R_S,D2C,ppc,PPC_R_S,1357.63,4050,135,113,50,9,5,2,4800
2025-01-19,R_S,D2C,ppc,PPC_R_S,1387.85,4140,138,115,51,9,5,2,4800
2025-01-20,R_N,D2C,ppc,PPC_R_N,3079.93,9210,307,256,115,20,12,5,12000
2025-01-21,R_N,D2C,ppc,PPC_R_N,2760.27,8280,276,230,103,18,10,4,9600
2025-01-22,R_N,D2C,ppc,PPC_R_N,2793.46,8340,278,232,104,18,10,4,9600
2025-01-23,R_N,D2C,ppc,PPC_R_N,3241.68,9720,324,270,121,21,12,5,12000
2025-01-24,R_N,D2C,ppc,PPC_R_N,2901.27,8670,289,241,108,19,11,4,9600
2025-01-25,R_N,D2C,ppc,PPC_R_N,2899.8,8670,289,241,108,19,11,4,9600
2025-01-26,R_N,D2C,ppc,PPC_R_N,2751.92,8220,274,229,103,18,10,4,9600
2025-01-20,R_S,D2C,ppc,PPC_R_S,1588.78,4740,158,132,59,10,6,2,4800
2025-01-21,R_S,D2C,ppc,PPC_R_S,1552.91,4620,154,129,58,10,6,2,4800
2025-01-22,R_S,D2C,ppc,PPC_R_S,1514.14,4530,151,126,56,10,6,2,4800
2025-01-23,R_S,D2C,ppc,PPC_R_S,1535.37,4560,152,127,57,10,6,2,4800
2025-01-24,R_S,D2C,ppc,PPC_R_S,1380.11,4140,138,115,51,9,5,2,4800
2025-01-25,R_S,D2C,ppc,PPC_R_S,1428.09,4260,142,119,53,9,5,2,4800
2025-01-26,R_S,D2C,ppc,PPC_R_S,1525.09,4560,152,127,57,10,6,2,4800
2025-01-27,R_N,D2C,ppc,PPC_R_N,3271.34,9780,326,272,122,21,12,5,12000
2025-01-28,R_N,D2C,ppc,PPC_R_N,3190.28,9540,318,265,119,21,12,5,12000
2025-01-29,R_N,D2C,ppc,PPC_R_N,3084.44,9240,308,257,115,20,12,5,12000
2025-01-30,R_N,D2C,ppc,PPC_R_N,3011.29,9000,300,250,112,20,12,5,12000
2025-01-31,R_N,D2C,ppc,PPC_R_N,2709.08,8100,270,225,101,18,10,4,9600
2025-02-01,R_N,D2C,ppc,PPC_R_N,3234.43,9660,322,269,121,21,12,5,12000
2025-02-02,R_N,D2C,ppc,PPC_R_N,2740.11,8190,273,228,102,18,10,4,9600
2025-01-27,R_S,D2C,ppc,PPC_R_S,1388.72,4140,138,115,51,9,5,2,4800
2025-01-28,R_S,D2C,ppc,PPC_R_S,1557.92,4620,154,129,58,10,6,2,4800
2025-01-29,R_S,D2C,ppc,PPC_R_S,1593.64,4740,158,132,59,10,6,2,4800
2025-01-30,R_S,D2C,ppc,PPC_R_S,1585.97,4740,158,132,59,10,6,2,4800
2025-01-31,R_S,D2C,ppc,PPC_R_S,1485.72,4410,147,123,55,9,5,2,4800
2025-02-01,R_S,D2C,ppc,PPC_R_S,1403.12,4170,139,116,52,9,5,2,4800
2025-02-02,R_S,D2C,ppc,PPC_R_S,1360.59,4050,135,113,50,9,5,2,4800
2025-02-03,R_N,D2C,ppc,PPC_R_N,3210.83,9600,320,267,120,21,12,5,12000
2025-02-04,R_N,D2C,ppc,PPC_R_N,3286.62,9810,327,273,122,21,12,5,12000
2025-02-05,R_N,D2C,ppc,PPC_R_N,2846.48,8520,284,237,106,18,10,4,9600
2025-02-06,R_N,D2C,ppc,PPC_R_N,3219.65,9630,321,268,120,21,12,5,12000
2025-02-07,R_N,D2C,ppc,PPC_R_N,2941.52,8820,294,245,110,19,11,4,9600
2025-02-08,R_N,D2C,ppc,PPC_R_N,2886.81,8640,288,240,108,19,11,4,9600
2025-02-09,R_N,D2C,ppc,PPC_R_N,3003.09,9000,300,250,112,20,12,5,12000
2025-02-03,R_S,D2C,ppc,PPC_R_S,1352.45,4020,134,112,50,8,4,2,4800
2025-02-04,R_S,D2C,ppc,PPC_R_S,1482.81,4410,147,123,55,9,5,2,4800
2025-02-05,R_S,D2C,ppc,PPC_R_S,1409.87,4200,140,117,52,9,5,2,4800
2025-02-06,R_S,D2C,ppc,PPC_R_S,1563.74,4680,156,130,58,10,6,2,4800
2025-02-07,R_S,D2C,ppc,PPC_R_S,1500.77,4500,150,125,56,10,6,2,4800
2025-02-08,R_S,D2C,ppc,PPC_R_S,1610.66,4800,160,134,60,10,6,2,4800
2025-02-09,R_S,D2C,ppc,PPC_R_S,1618.99,4800,160,134,60,10,6,2,4800
2025-02-10,R_N,D2C,ppc,PPC_R_N,2890.06,8640,288,240,108,19,11,4,9600
2025-02-11,R_N,D2C,ppc,PPC_R_N,2868.23,8580,286,239,107,19,11,4,9600
2025-02-12,R_N,D2C,ppc,PPC_R_N,3263.48,9750,325,271,121,21,12,5,12000
2025-02-13,R_N,D2C,ppc,PPC_R_N,3002.4,9000,300,250,112,20,12,5,12000
2025-02-14,R_N,D2C,ppc,PPC_R_N,2757.91,8220,274,229,103,18,10,4,9600
2025-02-15,R_N,D2C,ppc,PPC_R_N,2727.53,8160,272,227,102,18,10,4,9600
2025-02-16,R_N,D2C,ppc,PPC_R_N,3294.26,9840,328,274,123,21,12,5,12000
2025-02-10,R_S,D2C,ppc,PPC_R_S,1523.75,4530,151,126,56,10,6,2,4800
2025-02-11,R_S,D2C,ppc,PPC_R_S,1366.35,4050,135,113,50,9,5,2,4800
2025-02-12,R_S,D2C,ppc,PPC_R_S,1503.38,4500,150,125,56,10,6,2,4800
2025-02-13,R_S,D2C,ppc,PPC_R_S,1501.23,4500,150,125,56,10,6,2,4800
2025-02-14,R_S,D2C,ppc,PPC_R_S,1480.62,4410,147,123,55,9,5,2,4800
2025-02-15,R_S,D2C,ppc,PPC_R_S,1635.38,4890,163,136,61,10,6,2,4800
2025-02-16,R_S,D2C,ppc,PPC_R_S,1634.63,4890,163,136,61,10,6,2,4800
2025-02-17,R_N,D2C,ppc,PPC_R_N,2774.98,8310,277,231,103,18,10,4,9600
2025-02-18,R_N,D2C,ppc,PPC_R_N,2791.03,8340,278,232,104,18,10,4,9600
2025-02-19,R_N,D2C,ppc,PPC_R_N,2944.49,8820,294,245,110,19,11,4,9600
2025-02-20,R_N,D2C,ppc,PPC_R_N,3200.42,9570,319,266,119,21,12,5,12000
2025-02-21,R_N,D2C,ppc,PPC_R_N,3074.25,9210,307,256,115,20,12,5,12000
2025-02-22,R_N,D2C,ppc,PPC_R_N,3137.9,9390,313,261,117,20,12,5,12000
2025-02-23,R_N,D2C,ppc,PPC_R_N,3045.64,9090,303,253,113,20,12,5,12000
2025-02-17,R_S,D2C,ppc,PPC_R_S,1413.02,4200,140,117,52,9,5,2,4800
2025-02-18,R_S,D2C,ppc,PPC_R_S,1595.33,4740,158,132,59,10,6,2,4800
2025-02-19,R_S,D2C,ppc,PPC_R_S,1354.21,4020,134,112,50,8,4,2,4800
2025-02-20,R_S,D2C,ppc,PPC_R_S,1559.55,4620,154,129,58,10,6,2,4800
2025-02-21,R_S,D2C,ppc,PPC_R_S,1408.3,4200,140,117,52,9,5,2,4800
2025-02-22,R_S,D2C,ppc,PPC_R_S,1491.33,4440,148,124,55,9,5,2,4800
2025-02-23,R_S,D2C,ppc,PPC_R_S,1642.54,4890,163,136,61,10,6,2,4800
2025-02-24,R_N,D2C,ppc,PPC_R_N,3023.42,9030,301,251,112,20,12,5,12000
2025-02-25,R_N,D2C,ppc,PPC_R_N,2734.17,8160,272,227,102,18,10,4,9600
2025-02-26,R_N,D2C,ppc,PPC_R_N,2957.27,8850,295,246,110,19,11,4,9600
2025-02-27,R_N,D2C,ppc,PPC_R_N,3096.16,9270,309,258,116,20,12,5,12000
2025-02-28,R_N,D2C,ppc,PPC_R_N,2734.02,8160,272,227,102,18,10,4,9600
2025-03-01,R_N,D2C,ppc,PPC_R_N,2851.59,8520,284,237,106,18,10,4,9600
2025-03-02,R_N,D2C,ppc,PPC_R_N,2711.0,8100,270,225,101,18,10,4,9600
2025-02-24,R_S,D2C,ppc,PPC_R_S,1512.02,4530,151,126,56,10,6,2,4800
2025-02-25,R_S,D2C,ppc,PPC_R_S,1464.44,4380,146,122,54,9,5,2,4800
2025-02-26,R_S,D2C,ppc,PPC_R_S,1501.11,4500,150,125,56,10,6,2,4800
2025-02-27,R_S,D2C,ppc,PPC_R_S,1438.75,4260,142,119,53,9,5,2,4800
2025-02-28,R_S,D2C,ppc,PPC_R_S,1547.04,4590,153,128,57,10,6,2,4800
2025-03-01,R_S,D2C,ppc,PPC_R_S,1401.93,4170,139,116,52,9,5,2,4800
2025-03-02,R_S,D2C,ppc,PPC_R_S,1622.0,4860,162,135,60,10,6,2,4800
2025-03-03,R_N,D2C,ppc,PPC_R_N,3276.05,9810,327,273,122,21,12,5,12000
2025-03-04,R_N,D2C,ppc,PPC_R_N,2995.8,8940,298,249,112,19,11,4,9600
2025-03-05,R_N,D2C,ppc,PPC_R_N,2979.23,8910,297,248,111,19,11,4,9600
2025-03-06,R_N,D2C,ppc,PPC_R_N,3215.77,9600,320,267,120,21,12,5,12000
2025-03-07,R_N,D2C,ppc,PPC_R_N,2873.9,8580,286,239,107,19,11,4,9600
2025-03-08,R_N,D2C,ppc,PPC_R_N,3181.86,9540,318,265,119,21,12,5,12000
2025-03-09,R_N,D2C,ppc,PPC_R_N,2872.38,8580,286,239,107,19,11,4,9600
2025-03-03,R_S,D2C,ppc,PPC_R_S,1565.99,4680,156,130,58,10,6,2,4800
2025-03-04,R_S,D2C,ppc,PPC_R_S,1450.2,4320,144,120,54,9,5,2,4800
2025-03-05,R_S,D2C,ppc,PPC_R_S,1530.78,4560,152,127,57,10,6,2,4800
2025-03-06,R_S,D2C,ppc,PPC_R_S,1627.76,4860,162,135,60,10,6,2,4800
2025-03-07,R_S,D2C,ppc,PPC_R_S,1366.3,4050,135,113,50,9,5,2,4800
2025-03-08,R_S,D2C,ppc,PPC_R_S,1592.18,4740,158,132,59,10,6,2,4800
2025-03-09,R_S,D2C,ppc,PPC_R_S,1512.55,4530,151,126,56,10,6,2,4800
2025-03-10,R_N,D2C,ppc,PPC_R_N,2927.44,8730,291,243,109,19,11,4,9600
2025-03-11,R_N,D2C,ppc,PPC_R_N,2910.17,8700,290,242,108,19,11,4,9600
2025-03-12,R_N,D2C,ppc,PPC_R_N,2741.65,8190,273,228,102,18,10,4,9600
2025-03-13,R_N,D2C,ppc,PPC_R_N,2855.03,8520,284,237,106,18,10,4,9600
2025-03-14,R_N,D2C,ppc,PPC_R_N,3073.88,9210,307,256,115,20,12,5,12000
2025-03-15,R_N,D2C,ppc,PPC_R_N,2758.55,8220,274,229,103,18,10,4,9600
2025-03-16,R_N,D2C,ppc,PPC_R_N,3101.64,9270,309,258,116,20,12,5,12000
2025-03-10,R_S,D2C,ppc,PPC_R_S,1638.68,4890,163,136,61,10,6,2,4800
2025-03-11,R_S,D2C,ppc,PPC_R_S,1644.23,4920,164,137,61,10,6,2,4800
2025-03-12,R_S,D2C,ppc,PPC_R_S,1616.77,4800,160,134,60,10,6,2,4800
2025-03-13,R_S,D2C,ppc,PPC_R_S,1591.98,4740,158,132,59,10,6,2,4800
2025-03-14,R_S,D2C,ppc,PPC_R_S,1403.39,4170,139,116,52,9,5,2,4800
2025-03-15,R_S,D2C,ppc,PPC_R_S,1641.05,4890,163,136,61,10,6,2,4800
2025-03-16,R_S,D2C,ppc,PPC_R_S,1410.82,4200,140,117,52,9,5,2,4800
2025-03-17,R_N,D2C,ppc,PPC_R_N,3221.43,9630,321,268,120,21,12,5,12000
2025-03-18,R_N,D2C,ppc,PPC_R_N,3226.72,9630,321,268,120,21,12,5,12000
2025-03-19,R_N,D2C,ppc,PPC_R_N,3073.14,9210,307,256,115,20,12,5,12000
2025-03-20,R_N,D2C,ppc,PPC_R_N,3012.78,9030,301,251,112,20,12,5,12000
2025-03-21,R_N,D2C,ppc,PPC_R_N,2820.26,8460,282,235,105,18,10,4,9600
2025-03-22,R_N,D2C,ppc,PPC_R_N,3011.68,9000,300,250,112,20,12,5,12000
2025-03-23,R_N,D2C,ppc,PPC_R_N,2874.37,8580,286,239,107,19,11,4,9600
2025-03-17,R_S,D2C,ppc,PPC_R_S,1387.76,4140,138,115,51,9,5,2,4800
2025-03-18,R_S,D2C,ppc,PPC_R_S,1388.46,4140,138,115,51,9,5,2,4800
2025-03-19,R_S,D2C,ppc,PPC_R_S,1590.35,4740,158,132,59,10,6,2,4800
2025-03-20,R_S,D2C,ppc,PPC_R_S,1626.72,4860,162,135,60,10,6,2,4800
2025-03-21,R_S,D2C,ppc,PPC_R_S,1392.56,4170,139,116,52,9,5,2,4800
2025-03-22,R_S,D2C,ppc,PPC_R_S,1353.98,4020,134,112,50,8,4,2,4800
2025-03-23,R_S,D2C,ppc,PPC_R_S,1429.09,4260,142,119,53,9,5,2,4800
2025-03-24,R_N,D2C,ppc,PPC_R_N,2780.66,8310,277,231,103,18,10,4,9600
2025-03-25,R_N,D2C,ppc,PPC_R_N,2813.18,8400,280,234,105,18,10,4,9600
2025-03-26,R_N,D2C,ppc,PPC_R_N,3050.0,9120,304,254,114,20,12,5,12000
2025-03-27,R_N,D2C,ppc,PPC_R_N,2953.38,8850,295,246,110,19,11,4,9600
2025-03-28,R_N,D2C,ppc,PPC_R_N,2957.54,8850,295,246,110,19,11,4,9600
2025-03-29,R_N,D2C,ppc,PPC_R_N,2823.37,8460,282,235,105,18,10,4,9600
2025-03-30,R_N,D2C,ppc,PPC_R_N,3098.75,9270,309,258,116,20,12,5,12000
2025-03-24,R_S,D2C,ppc,PPC_R_S,1436.85,4260,142,119,53,9,5,2,4800
2025-03-25,R_S,D2C,ppc,PPC_R_S,1469.74,4380,146,122,54,9,5,2,4800
2025-03-26,R_S,D2C,ppc,PPC_R_S,1489.02,4440,148,124,55,9,5,2,4800
2025-03-27,R_S,D2C,ppc,PPC_R_S,1621.33,4860,162,135,60,10,6,2,4800
2025-03-28,R_S,D2C,ppc,PPC_R_S,1423.91,4230,141,118,53,9,5,2,4800
2025-03-29,R_S,D2C,ppc,PPC_R_S,1565.6,4680,156,130,58,10,6,2,4800
2025-03-30,R_S,D2C,ppc,PPC_R_S,1442.81,4320,144,120,54,9,5,2,4800
2025-03-31,R_N,D2C,ppc,PPC_R_N,3236.66,9660,322,269,121,21,12,5,12000
2025-04-01,R_N,D2C,ppc,PPC_R_N,2936.45,8760,292,244,109,19,11,4,9600
2025-04-02,R_N,D2C,ppc,PPC_R_N,3003.1,9000,300,250,112,20,12,5,12000
2025-04-03,R_N,D2C,ppc,PPC_R_N,3226.33,9630,321,268,120,21,12,5,12000
2025-04-04,R_N,D2C,ppc,PPC_R_N,3103.66,9270,309,258,116,20,12,5,12000
2025-04-05,R_N,D2C,ppc,PPC_R_N,2756.62,8220,274,229,103,18,10,4,9600
2025-04-06,R_N,D2C,ppc,PPC_R_N,2782.1,8310,277,231,103,18,10,4,9600
2025-03-31,R_S,D2C,ppc,PPC_R_S,1647.22,4920,164,137,61,10,6,2,4800
2025-04-01,R_S,D2C,ppc,PPC_R_S,1358.73,4050,135,113,50,9,5,2,4800
2025-04-02,R_S,D2C,ppc,PPC_R_S,1440.26,4320,144,120,54,9,5,2,4800
2025-04-03,R_S,D2C,ppc,PPC_R_S,1637.67,4890,163,136,61,10,6,2,4800
2025-04-04,R_S,D2C,ppc,PPC_R_S,1354.53,4020,134,112,50,8,4,2,4800
2025-04-05,R_S,D2C,ppc,PPC_R_S,1398.42,4170,139,116,52,9,5,2,4800
2025-04-06,R_S,D2C,ppc,PPC_R_S,1414.01,4200,140,117,52,9,5,2,4800
2025-04-07,R_N,D2C,ppc,PPC_R_N,2751.83,8220,274,229,103,18,10,4,9600
2025-04-08,R_N,D2C,ppc,PPC_R_N,2983.18,8910,297,248,111,19,11,4,9600
2025-04-09,R_N,D2C,ppc,PPC_R_N,3055.46,9120,304,254,114,20,12,5,12000
2025-04-10,R_N,D2C,ppc,PPC_R_N,2890.99,8640,288,240,108,19,11,4,9600
2025-04-11,R_N,D2C,ppc,PPC_R_N,2765.19,8280,276,230,103,18,10,4,9600
2025-04-12,R_N,D2C,ppc,PPC_R_N,3186.57,9540,318,265,119,21,12,5,12000
2025-04-13,R_N,D2C,ppc,PPC_R_N,3182.68,9540,318,265,119,21,12,5,12000
2025-04-07,R_S,D2C,ppc,PPC_R_S,1518.63,4530,151,126,56,10,6,2,4800
2025-04-08,R_S,D2C,ppc,PPC_R_S,1391.32,4140,138,115,51,9,5,2,4800
2025-04-09,R_S,D2C,ppc,PPC_R_S,1512.57,4530,151,126,56,10,6,2,4800
2025-04-10,R_S,D2C,ppc,PPC_R_S,1538.86,4590,153,128,57,10,6,2,4800
2025-04-11,R_S,D2C,ppc,PPC_R_S,1478.49,4410,147,123,55,9,5,2,4800
2025-04-12,R_S,D2C,ppc,PPC_R_S,1609.16,4800,160,134,60,10,6,2,4800
2025-04-13,R_S,D2C,ppc,PPC_R_S,1467.01,4380,146,122,54,9,5,2,4800
2025-04-14,R_N,D2C,ppc,PPC_R_N,3006.53,9000,300,250,112,20,12,5,12000
2025-04-15,R_N,D2C,ppc,PPC_R_N,2768.49,8280,276,230,103,18,10,4,9600
2025-04-16,R_N,D2C,ppc,PPC_R_N,3038.13,9090,303,253,113,20,12,5,12000
2025-04-17,R_N,D2C,ppc,PPC_R_N,3159.87,9450,315,263,118,21,12,5,12000
2025-04-18,R_N,D2C,ppc,PPC_R_N,3138.75,9390,313,261,117,20,12,5,12000
2025-04-19,R_N,D2C,ppc,PPC_R_N,2854.19,8520,284,237,106,18,10,4,9600
2025-04-20,R_N,D2C,ppc,PPC_R_N,3295.12,9840,328,274,123,21,12,5,12000
2025-04-14,R_S,D2C,ppc,PPC_R_S,1565.98,4680,156,130,58,10,6,2,4800
2025-04-15,R_S,D2C,ppc,PPC_R_S,1477.13,4410,147,123,55,9,5,2,4800
2025-04-16,R_S,D2C,ppc,PPC_R_S,1474.47,4380,146,122,54,9,5,2,4800
2025-04-17,R_S,D2C,ppc,PPC_R_S,1583.8,4710,157,131,58,10,6,2,4800
2025-04-18,R_S,D2C,ppc,PPC_R_S,1402.7,4170,139,116,52,9,5,2,4800
2025-04-19,R_S,D2C,ppc,PPC_R_S,1541.89,4590,153,128,57,10,6,2,4800
2025-04-20,R_S,D2C,ppc,PPC_R_S,1565.65,4680,156,130,58,10,6,2,4800
2025-04-21,R_N,D2C,ppc,PPC_R_N,3009.8,9000,300,250,112,20,12,5,12000
2025-04-22,R_N,D2C,ppc,PPC_R_N,3223.92,9630,321,268,120,21,12,5,12000
2025-04-23,R_N,D2C,ppc,PPC_R_N,2981.18,8910,297,248,111,19,11,4,9600
2025-04-24,R_N,D2C,ppc,PPC_R_N,2978.94,8910,297,248,111,19,11,4,9600
2025-04-25,R_N,D2C,ppc,PPC_R_N,2870.81,8580,286,239,107,19,11,4,9600
2025-04-26,R_N,D2C,ppc,PPC_R_N,3251.62,9720,324,270,121,21,12,5,12000
2025-04-27,R_N,D2C,ppc,PPC_R_N,2889.76,8640,288,240,108,19,11,4,9600
2025-04-21,R_S,D2C,ppc,PPC_R_S,1558.58,4620,154,129,58,10,6,2,4800
2025-04-22,R_S,D2C,ppc,PPC_R_S,1472.81,4380,146,122,54,9,5,2,4800
2025-04-23,R_S,D2C,ppc,PPC_R_S,1630.63,4860,162,135,60,10,6,2,4800
2025-04-24,R_S,D2C,ppc,PPC_R_S,1634.39,4890,163,136,61,10,6,2,4800
2025-04-25,R_S,D2C,ppc,PPC_R_S,1359.01,4050,135,113,50,9,5,2,4800
2025-04-26,R_S,D2C,ppc,PPC_R_S,1648.36,4920,164,137,61,10,6,2,4800
2025-04-27,R_S,D2C,ppc,PPC_R_S,1531.48,4560,152,127,57,10,6,2,4800
2025-04-28,R_N,D2C,ppc,PPC_R_N,2744.31,8190,273,228,102,18,10,4,9600
2025-04-29,R_N,D2C,ppc,PPC_R_N,2998.22,8940,298,249,112,19,11,4,9600
2025-04-30,R_N,D2C,ppc,PPC_R_N,2729.68,8160,272,227,102,18,10,4,9600
2025-05-01,R_N,D2C,ppc,PPC_R_N,3029.34,9060,302,252,113,20,12,5,12000
2025-05-02,R_N,D2C,ppc,PPC_R_N,2811.27,8400,280,234,105,18,10,4,9600
2025-05-03,R_N,D2C,ppc,PPC_R_N,2920.76,8730,291,243,109,19,11,4,9600
2025-05-04,R_N,D2C,ppc,PPC_R_N,2882.82,8640,288,240,108,19,11,4,9600
2025-04-28,R_S,D2C,ppc,PPC_R_S,1530.66,4560,152,127,57,10,6,2,4800
2025-04-29,R_S,D2C,ppc,PPC_R_S,1596.71,4770,159,133,59,10,6,2,4800
2025-04-30,R_S,D2C,ppc,PPC_R_S,1630.96,4860,162,135,60,10,6,2,4800
2025-05-01,R_S,D2C,ppc,PPC_R_S,1448.66,4320,144,120,54,9,5,2,4800
2025-05-02,R_S,D2C,ppc,PPC_R_S,1520.91,4530,151,126,56,10,6,2,4800
2025-05-03,R_S,D2C,ppc,PPC_R_S,1351.77,4020,134,112,50,8,4,2,4800
2025-05-04,R_S,D2C,ppc,PPC_R_S,1461.65,4350,145,121,54,9,5,2,4800
2025-05-05,R_N,D2C,ppc,PPC_R_N,3276.42,9810,327,273,122,21,12,5,12000
2025-05-06,R_N,D2C,ppc,PPC_R_N,2771.3,8280,276,230,103,18,10,4,9600
2025-05-07,R_N,D2C,ppc,PPC_R_N,3221.9,9630,321,268,120,21,12,5,12000
2025-05-08,R_N,D2C,ppc,PPC_R_N,3091.5,9240,308,257,115,20,12,5,12000
2025-05-09,R_N,D2C,ppc,PPC_R_N,2876.34,8580,286,239,107,19,11,4,9600
2025-05-10,R_N,D2C,ppc,PPC_R_N,3166.9,9450,315,263,118,21,12,5,12000
2025-05-11,R_N,D2C,ppc,PPC_R_N,2873.57,8580,286,239,107,19,11,4,9600
2025-05-05,R_S,D2C,ppc,PPC_R_S,1618.44,4800,160,134,60,10,6,2,4800
2025-05-06,R_S,D2C,ppc,PPC_R_S,1374.83,4080,136,114,51,9,5,2,4800
2025-05-07,R_S,D2C,ppc,PPC_R_S,1385.7,4140,138,115,51,9,5,2,4800
2025-05-08,R_S,D2C,ppc,PPC_R_S,1575.0,4710,157,131,58,10,6,2,4800
2025-05-09,R_S,D2C,ppc,PPC_R_S,1484.75,4410,147,123,55,9,5,2,4800
2025-05-10,R_S,D2C,ppc,PPC_R_S,1394.24,4170,139,116,52,9,5,2,4800
2025-05-11,R_S,D2C,ppc,PPC_R_S,1504.03,4500,150,125,56,10,6,2,4800
2025-05-12,R_N,D2C,ppc,PPC_R_N,2878.18,8580,286,239,107,19,11,4,9600
2025-05-13,R_N,D2C,ppc,PPC_R_N,3029.59,9060,302,252,113,20,12,5,12000
2025-05-14,R_N,D2C,ppc,PPC_R_N,3146.23,9420,314,262,117,20,12,5,12000
2025-05-15,R_N,D2C,ppc,PPC_R_N,3214.1,9600,320,267,120,21,12,5,12000
2025-05-16,R_N,D2C,ppc,PPC_R_N,2735.4,8160,272,227,102,18,10,4,9600
2025-05-17,R_N,D2C,ppc,PPC_R_N,3055.41,9120,304,254,114,20,12,5,12000
2025-05-18,R_N,D2C,ppc,PPC_R_N,3290.2,9840,328,274,123,21,12,5,12000
2025-05-12,R_S,D2C,ppc,PPC_R_S,1487.94,4410,147,123,55,9,5,2,4800
2025-05-13,R_S,D2C,ppc,PPC_R_S,1580.87,4710,157,131,58,10,6,2,4800
2025-05-14,R_S,D2C,ppc,PPC_R_S,1379.18,4080,136,114,51,9,5,2,4800
2025-05-15,R_S,D2C,ppc,PPC_R_S,1612.05,4800,160,134,60,10,6,2,4800
2025-05-16,R_S,D2C,ppc,PPC_R_S,1524.62,4560,152,127,57,10,6,2,4800
2025-05-17,R_S,D2C,ppc,PPC_R_S,1616.48,4800,160,134,60,10,6,2,4800
2025-05-18,R_S,D2C,ppc,PPC_R_S,1586.14,4740,158,132,59,10,6,2,4800
2025-05-19,R_N,D2C,ppc,PPC_R_N,3221.54,9630,321,268,120,21,12,5,12000
2025-05-20,R_N,D2C,ppc,PPC_R_N,2734.38,8160,272,227,102,18,10,4,9600
2025-05-21,R_N,D2C,ppc,PPC_R_N,3129.31,9360,312,260,117,20,12,5,12000
2025-05-22,R_N,D2C,ppc,PPC_R_N,2818.19,8400,280,234,105,18,10,4,9600
2025-05-23,R_N,D2C,ppc,PPC_R_N,2859.49,8550,285,238,107,19,11,4,9600
2025-05-24,R_N,D2C,ppc,PPC_R_N,2894.87,8670,289,241,108,19,11,4,9600
2025-05-25,R_N,D2C,ppc,PPC_R_N,3054.79,9120,304,254,114,20,12,5,12000
2025-05-19,R_S,D2C,ppc,PPC_R_S,1538.36,4590,153,128,57,10,6,2,4800
2025-05-20,R_S,D2C,ppc,PPC_R_S,1629.43,4860,162,135,60,10,6,2,4800
2025-05-21,R_S,D2C,ppc,PPC_R_S,1353.82,4020,134,112,50,8,4,2,4800
2025-05-22,R_S,D2C,ppc,PPC_R_S,1408.03,4200,140,117,52,9,5,2,4800
2025-05-23,R_S,D2C,ppc,PPC_R_S,1458.6,4350,145,121,54,9,5,2,4800
2025-05-24,R_S,D2C,ppc,PPC_R_S,1595.4,4740,158,132,59,10,6,2,4800
2025-05-25,R_S,D2C,ppc,PPC_R_S,1514.97,4530,151,126,56,10,6,2,4800
2025-05-26,R_N,D2C,ppc,PPC_R_N,3007.19,9000,300,250,112,20,12,5,12000
2025-05-27,R_N,D2C,ppc,PPC_R_N,3156.11,9450,315,263,118,21,12,5,12000
2025-05-28,R_N,D2C,ppc,PPC_R_N,3093.04,9240,308,257,115,20,12,5,12000
2025-05-29,R_N,D2C,ppc,PPC_R_N,2873.91,8580,286,239,107,19,11,4,9600
2025-05-30,R_N,D2C,ppc,PPC_R_N,2752.27,8220,274,229,103,18,10,4,9600
2025-05-31,R_N,D2C,ppc,PPC_R_N,2977.38,8910,297,248,111,19,11,4,9600
2025-06-01,R_N,D2C,ppc,PPC_R_N,3228.1,9660,322,269,121,21,12,5,12000
2025-05-26,R_S,D2C,ppc,PPC_R_S,1529.44,4560,152,127,57,10,6,2,4800
2025-05-27,R_S,D2C,ppc,PPC_R_S,1365.99,4050,135,113,50,9,5,2,4800
2025-05-28,R_S,D2C,ppc,PPC_R_S,1482.02,4410,147,123,55,9,5,2,4800
2025-05-29,R_S,D2C,ppc,PPC_R_S,1465.38,4380,146,122,54,9,5,2,4800
2025-05-30,R_S,D2C,ppc,PPC_R_S,1524.73,4560,152,127,57,10,6,2,4800
2025-05-31,R_S,D2C,ppc,PPC_R_S,1526.14,4560,152,127,57,10,6,2,4800
2025-06-01,R_S,D2C,ppc,PPC_R_S,1635.4,4890,163,136,61,10,6,2,4800
2025-06-02,R_N,D2C,ppc,PPC_R_N,2902.86,8670,289,241,108,19,11,4,9600
2025-06-03,R_N,D2C,ppc,PPC_R_N,2944.86,8820,294,245,110,19,11,4,9600
2025-06-04,R_N,D2C,ppc,PPC_R_N,3068.11,9180,306,255,114,20,12,5,12000
2025-06-05,R_N,D2C,ppc,PPC_R_N,3231.83,9660,322,269,121,21,12,5,12000
2025-06-06,R_N,D2C,ppc,PPC_R_N,3123.69,9360,312,260,117,20,12,5,12000
2025-06-07,R_N,D2C,ppc,PPC_R_N,2982.53,8910,297,248,111,19,11,4,9600
2025-06-08,R_N,D2C,ppc,PPC_R_N,3188.74,9540,318,265,119,21,12,5,12000
2025-06-02,R_S,D2C,ppc,PPC_R_S,1495.59,4440,148,124,55,9,5,2,4800
2025-06-03,R_S,D2C,ppc,PPC_R_S,1639.06,4890,163,136,61,10,6,2,4800
2025-06-04,R_S,D2C,ppc,PPC_R_S,1434.75,4260,142,119,53,9,5,2,4800
2025-06-05,R_S,D2C,ppc,PPC_R_S,1388.22,4140,138,115,51,9,5,2,4800
2025-06-06,R_S,D2C,ppc,PPC_R_S,1599.12,4770,159,133,59,10,6,2,4800
2025-06-07,R_S,D2C,ppc,PPC_R_S,1439.19,4260,142,119,53,9,5,2,4800
2025-06-08,R_S,D2C,ppc,PPC_R_S,1604.22,4770,159,133,59,10,6,2,4800
2025-06-09,R_N,D2C,ppc,PPC_R_N,3065.64,9180,306,255,114,20,12,5,12000
2025-06-10,R_N,D2C,ppc,PPC_R_N,3005.38,9000,300,250,112,20,12,5,12000
2025-06-11,R_N,D2C,ppc,PPC_R_N,2752.22,8220,274,229,103,18,10,4,9600
2025-06-12,R_N,D2C,ppc,PPC_R_N,3171.79,9480,316,264,118,21,12,5,12000
2025-06-13,R_N,D2C,ppc,PPC_R_N,2739.55,8190,273,228,102,18,10,4,9600
2025-06-14,R_N,D2C,ppc,PPC_R_N,3279.09,9810,327,273,122,21,12,5,12000
2025-06-15,R_N,D2C,ppc,PPC_R_N,3226.18,9630,321,268,120,21,12,5,12000
2025-06-09,R_S,D2C,ppc,PPC_R_S,1440.89,4320,144,120,54,9,5,2,4800
2025-06-10,R_S,D2C,ppc,PPC_R_S,1388.36,4140,138,115,51,9,5,2,4800
2025-06-11,R_S,D2C,ppc,PPC_R_S,1615.7,4800,160,134,60,10,6,2,4800
2025-06-12,R_S,D2C,ppc,PPC_R_S,1493.96,4440,148,124,55,9,5,2,4800
2025-06-13,R_S,D2C,ppc,PPC_R_S,1387.46,4140,138,115,51,9,5,2,4800
2025-06-14,R_S,D2C,ppc,PPC_R_S,1499.56,4440,148,124,55,9,5,2,4800
2025-06-15,R_S,D2C,ppc,PPC_R_S,1424.05,4230,141,118,53,9,5,2,4800
2025-06-16,R_N,D2C,ppc,PPC_R_N,2944.7,8820,294,245,110,19,11,4,9600
2025-06-17,R_N,D2C,ppc,PPC_R_N,3084.14,9240,308,257,115,20,12,5,12000
2025-06-18,R_N,D2C,ppc,PPC_R_N,3249.22,9720,324,270,121,21,12,5,12000
2025-06-19,R_N,D2C,ppc,PPC_R_N,3180.56,9540,318,265,119,21,12,5,12000
2025-06-20,R_N,D2C,ppc,PPC_R_N,2796.61,8370,279,233,104,18,10,4,9600
2025-06-21,R_N,D2C,ppc,PPC_R_N,2986.4,8910,297,248,111,19,11,4,9600
2025-06-22,R_N,D2C,ppc,PPC_R_N,2995.16,8940,298,249,112,19,11,4,9600
2025-06-16,R_S,D2C,ppc,PPC_R_S,1646.84,4920,164,137,61,10,6,2,4800
2025-06-17,R_S,D2C,ppc,PPC_R_S,1376.07,4080,136,114,51,9,5,2,4800
2025-06-18,R_S,D2C,ppc,PPC_R_S,1503.23,4500,150,125,56,10,6,2,4800
2025-06-19,R_S,D2C,ppc,PPC_R_S,1624.31,4860,162,135,60,10,6,2,4800
2025-06-20,R_S,D2C,ppc,PPC_R_S,1469.65,4380,146,122,54,9,5,2,4800
2025-06-21,R_S,D2C,ppc,PPC_R_S,1428.52,4260,142,119,53,9,5,2,4800
2025-06-22,R_S,D2C,ppc,PPC_R_S,1516.78,4530,151,126,56,10,6,2,4800
2025-06-23,R_N,D2C,ppc,PPC_R_N,2892.05,8670,289,241,108,19,11,4,9600
2025-06-24,R_N,D2C,ppc,PPC_R_N,3256.25,9750,325,271,121,21,12,5,12000
2025-06-25,R_N,D2C,ppc,PPC_R_N,2750.88,8220,274,229,103,18,10,4,9600
2025-06-26,R_N,D2C,ppc,PPC_R_N,2824.02,8460,282,235,105,18,10,4,9600
2025-06-27,R_N,D2C,ppc,PPC_R_N,2750.32,8220,274,229,103,18,10,4,9600
2025-06-28,R_N,D2C,ppc,PPC_R_N,3127.13,9360,312,260,117,20,12,5,12000
2025-06-29,R_N,D2C,ppc,PPC_R_N,2875.89,8580,286,239,107,19,11,4,9600
2025-06-23,R_S,D2C,ppc,PPC_R_S,1620.05,4860,162,135,60,10,6,2,4800
2025-06-24,R_S,D2C,ppc,PPC_R_S,1618.09,4800,160,134,60,10,6,2,4800
2025-06-25,R_S,D2C,ppc,PPC_R_S,1630.92,4860,162,135,60,10,6,2,4800
2025-06-26,R_S,D2C,ppc,PPC_R_S,1426.84,4230,141,118,53,9,5,2,4800
2025-06-27,R_S,D2C,ppc,PPC_R_S,1350.2,4020,134,112,50,8,4,2,4800
2025-06-28,R_S,D2C,ppc,PPC_R_S,1466.28,4380,146,122,54,9,5,2,4800
2025-06-29,R_S,D2C,ppc,PPC_R_S,1638.77,4890,163,136,61,10,6,2,4800
2025-06-30,R_N,D2C,ppc,PPC_R_N,3158.25,9450,315,263,118,21,12,5,12000
2025-07-01,R_N,D2C,ppc,PPC_R_N,2735.8,8160,272,227,102,18,10,4,9600
2025-07-02,R_N,D2C,ppc,PPC_R_N,3121.54,9360,312,260,117,20,12,5,12000
2025-07-03,R_N,D2C,ppc,PPC_R_N,3250.24,9720,324,270,121,21,12,5,12000
2025-07-04,R_N,D2C,ppc,PPC_R_N,3280.63,9810,327,273,122,21,12,5,12000
2025-07-05,R_N,D2C,ppc,PPC_R_N,3129.59,9360,312,260,117,20,12,5,12000
2025-07-06,R_N,D2C,ppc,PPC_R_N,3217.8,9630,321,268,120,21,12,5,12000
2025-06-30,R_S,D2C,ppc,PPC_R_S,1602.51,4770,159,133,59,10,6,2,4800
2025-07-01,R_S,D2C,ppc,PPC_R_S,1457.5,4350,145,121,54,9,5,2,4800
2025-07-02,R_S,D2C,ppc,PPC_R_S,1379.71,4080,136,114,51,9,5,2,4800
2025-07-03,R_S,D2C,ppc,PPC_R_S,1568.24,4680,156,130,58,10,6,2,4800
2025-07-04,R_S,D2C,ppc,PPC_R_S,1391.07,4140,138,115,51,9,5,2,4800
2025-07-05,R_S,D2C,ppc,PPC_R_S,1465.26,4380,146,122,54,9,5,2,4800
2025-07-06,R_S,D2C,ppc,PPC_R_S,1648.72,4920,164,137,61,10,6,2,4800
2025-07-07,R_N,D2C,ppc,PPC_R_N,3035.87,9060,302,252,113,20,12,5,12000
2025-07-08,R_N,D2C,ppc,PPC_R_N,3013.04,9030,301,251,112,20,12,5,12000
2025-07-09,R_N,D2C,ppc,PPC_R_N,3268.73,9780,326,272,122,21,12,5,12000
2025-07-10,R_N,D2C,ppc,PPC_R_N,2870.42,8580,286,239,107,19,11,4,9600
2025-07-11,R_N,D2C,ppc,PPC_R_N,3299.66,9840,328,274,123,21,12,5,12000
2025-07-12,R_N,D2C,ppc,PPC_R_N,3247.19,9720,324,270,121,21,12,5,12000
2025-07-13,R_N,D2C,ppc,PPC_R_N,2918.34,8730,291,243,109,19,11,4,9600
2025-07-07,R_S,D2C,ppc,PPC_R_S,1448.17,4320,144,120,54,9,5,2,4800
2025-07-08,R_S,D2C,ppc,PPC_R_S,1387.97,4140,138,115,51,9,5,2,4800
2025-07-09,R_S,D2C,ppc,PPC_R_S,1624.69,4860,162,135,60,10,6,2,4800
2025-07-10,R_S,D2C,ppc,PPC_R_S,1405.74,4200,140,117,52,9,5,2,4800
2025-07-11,R_S,D2C,ppc,PPC_R_S,1352.69,4020,134,112,50,8,4,2,4800
2025-07-12,R_S,D2C,ppc,PPC_R_S,1617.02,4800,160,134,60,10,6,2,4800
2025-07-13,R_S,D2C,ppc,PPC_R_S,1529.43,4560,152,127,57,10,6,2,4800
2025-07-14,R_N,D2C,ppc,PPC_R_N,3103.11,9270,309,258,116,20,12,5,12000
2025-07-15,R_N,D2C,ppc,PPC_R_N,3139.88,9390,313,261,117,20,12,5,12000
2025-07-16,R_N,D2C,ppc,PPC_R_N,2725.6,8160,272,227,102,18,10,4,9600
2025-07-17,R_N,D2C,ppc,PPC_R_N,2755.11,8220,274,229,103,18,10,4,9600
2025-07-18,R_N,D2C,ppc,PPC_R_N,2999.9,8940,298,249,112,19,11,4,9600
2025-07-19,R_N,D2C,ppc,PPC_R_N,2730.16,8160,272,227,102,18,10,4,9600
2025-07-20,R_N,D2C,ppc,PPC_R_N,3002.59,9000,300,250,112,20,12,5,12000
2025-07-14,R_S,D2C,ppc,PPC_R_S,1570.9,4680,156,130,58,10,6,2,4800
2025-07-15,R_S,D2C,ppc,PPC_R_S,1547.22,4590,153,128,57,10,6,2,4800
2025-07-16,R_S,D2C,ppc,PPC_R_S,1534.99,4560,152,127,57,10,6,2,4800
2025-07-17,R_S,D2C,ppc,PPC_R_S,1363.92,4050,135,113,50,9,5,2,4800
2025-07-18,R_S,D2C,ppc,PPC_R_S,1421.0,4230,141,118,53,9,5,2,4800
2025-07-19,R_S,D2C,ppc,PPC_R_S,1619.25,4800,160,134,60,10,6,2,4800
2025-07-20,R_S,D2C,ppc,PPC_R_S,1386.97,4140,138,115,51,9,5,2,4800
2025-07-21,R_N,D2C,ppc,PPC_R_N,3019.93,9030,301,251,112,20,12,5,12000
2025-07-22,R_N,D2C,ppc,PPC_R_N,2730.03,8160,272,227,102,18,10,4,9600
2025-07-23,R_N,D2C,ppc,PPC_R_N,3263.52,9750,325,271,121,21,12,5,12000
2025-07-24,R_N,D2C,ppc,PPC_R_N,2802.94,8370,279,233,104,18,10,4,9600
2025-07-25,R_N,D2C,ppc,PPC_R_N,2946.01,8820,294,245,110,19,11,4,9600
2025-07-26,R_N,D2C,ppc,PPC_R_N,3028.07,9060,302,252,113,20,12,5,12000
2025-07-27,R_N,D2C,ppc,PPC_R_N,3131.19,9360,312,260,117,20,12,5,12000
2025-07-21,R_S,D2C,ppc,PPC_R_S,1631.24,4860,162,135,60,10,6,2,4800
2025-07-22,R_S,D2C,ppc,PPC_R_S,1570.91,4680,156,130,58,10,6,2,4800
2025-07-23,R_S,D2C,ppc,PPC_R_S,1454.21,4350,145,121,54,9,5,2,4800
2025-07-24,R_S,D2C,ppc,PPC_R_S,1372.6,4080,136,114,51,9,5,2,4800
2025-07-25,R_S,D2C,ppc,PPC_R_S,1562.22,4680,156,130,58,10,6,2,4800
2025-07-26,R_S,D2C,ppc,PPC_R_S,1641.75,4890,163,136,61,10,6,2,4800
2025-07-27,R_S,D2C,ppc,PPC_R_S,1355.1,4020,134,112,50,8,4,2,4800
2025-07-28,R_N,D2C,ppc,PPC_R_N,3164.81,9450,315,263,118,21,12,5,12000
2025-07-29,R_N,D2C,ppc,PPC_R_N,2805.69,8370,279,233,104,18,10,4,9600
2025-07-30,R_N,D2C,ppc,PPC_R_N,2975.97,8880,296,247,111,19,11,4,9600
2025-07-31,R_N,D2C,ppc,PPC_R_N,3013.58,9030,301,251,112,20,12,5,12000
2025-08-01,R_N,D2C,ppc,PPC_R_N,3068.66,9180,306,255,114,20,12,5,12000
2025-08-02,R_N,D2C,ppc,PPC_R_N,3293.72,9840,328,274,123,21,12,5,12000
2025-08-03,R_N,D2C,ppc,PPC_R_N,3112.44,9300,310,259,116,20,12,5,12000
2025-07-28,R_S,D2C,ppc,PPC_R_S,1467.72,4380,146,122,54,9,5,2,4800
2025-07-29,R_S,D2C,ppc,PPC_R_S,1564.51,4680,156,130,58,10,6,2,4800
2025-07-30,R_S,D2C,ppc,PPC_R_S,1490.02,4440,148,124,55,9,5,2,4800
2025-07-31,R_S,D2C,ppc,PPC_R_S,1473.94,4380,146,122,54,9,5,2,4800
2025-08-01,R_S,D2C,ppc,PPC_R_S,1459.7,4350,145,121,54,9,5,2,4800
2025-08-02,R_S,D2C,ppc,PPC_R_S,1498.02,4440,148,124,55,9,5,2,4800
2025-08-03,R_S,D2C,ppc,PPC_R_S,1434.35,4260,142,119,53,9,5,2,4800
2025-08-04,R_N,D2C,ppc,PPC_R_N,2845.26,8520,284,237,106,18,10,4,9600
2025-08-05,R_N,D2C,ppc,PPC_R_N,2789.08,8340,278,232,104,18,10,4,9600
2025-08-06,R_N,D2C,ppc,PPC_R_N,2964.13,8880,296,247,111,19,11,4,9600
2025-08-07,R_N,D2C,ppc,PPC_R_N,2875.96,8580,286,239,107,19,11,4,9600
2025-08-08,R_N,D2C,ppc,PPC_R_N,3202.16,9570,319,266,119,21,12,5,12000
2025-08-09,R_N,D2C,ppc,PPC_R_N,3208.74,9600,320,267,120,21,12,5,12000
2025-08-10,R_N,D2C,ppc,PPC_R_N,2906.33,8700,290,242,108,19,11,4,9600
2025-08-04,R_S,D2C,ppc,PPC_R_S,1535.74,4560,152,127,57,10,6,2,4800
2025-08-05,R_S,D2C,ppc,PPC_R_S,1620.69,4860,162,135,60,10,6,2,4800
2025-08-06,R_S,D2C,ppc,PPC_R_S,1457.75,4350,145,121,54,9,5,2,4800
2025-08-07,R_S,D2C,ppc,PPC_R_S,1516.41,4530,151,126,56,10,6,2,4800
2025-08-08,R_S,D2C,ppc,PPC_R_S,1483.07,4410,147,123,55,9,5,2,4800
2025-08-09,R_S,D2C,ppc,PPC_R_S,1545.08,4590,153,128,57,10,6,2,4800
2025-08-10,R_S,D2C,ppc,PPC_R_S,1637.93,4890,163,136,61,10,6,2,4800
2025-08-11,R_N,D2C,ppc,PPC_R_N,2783.17,8310,277,231,103,18,10,4,9600
2025-08-12,R_N,D2C,ppc,PPC_R_N,3279.23,9810,327,273,122,21,12,5,12000
2025-08-13,R_N,D2C,ppc,PPC_R_N,3099.44,9270,309,258,116,20,12,5,12000
2025-08-14,R_N,D2C,ppc,PPC_R_N,3177.52,9480,316,264,118,21,12,5,12000
2025-08-15,R_N,D2C,ppc,PPC_R_N,3081.07,9210,307,256,115,20,12,5,12000
2025-08-16,R_N,D2C,ppc,PPC_R_N,3222.19,9630,321,268,120,21,12,5,12000
2025-08-17,R_N,D2C,ppc,PPC_R_N,2895.74,8670,289,241,108,19,11,4,9600
2025-08-11,R_S,D2C,ppc,PPC_R_S,1562.41,4680,156,130,58,10,6,2,4800
2025-08-12,R_S,D2C,ppc,PPC_R_S,1429.23,4260,142,119,53,9,5,2,4800
2025-08-13,R_S,D2C,ppc,PPC_R_S,1502.6,4500,150,125,56,10,6,2,4800
2025-08-14,R_S,D2C,ppc,PPC_R_S,1554.45,4620,154,129,58,10,6,2,4800
2025-08-15,R_S,D2C,ppc,PPC_R_S,1410.34,4200,140,117,52,9,5,2,4800
2025-08-16,R_S,D2C,ppc,PPC_R_S,1368.35,4080,136,114,51,9,5,2,4800
2025-08-17,R_S,D2C,ppc,PPC_R_S,1587.28,4740,158,132,59,10,6,2,4800
2025-08-18,R_N,D2C,ppc,PPC_R_N,3185.37,9540,318,265,119,21,12,5,12000
2025-08-19,R_N,D2C,ppc,PPC_R_N,3099.4,9270,309,258,116,20,12,5,12000
2025-08-20,R_N,D2C,ppc,PPC_R_N,2892.86,8670,289,241,108,19,11,4,9600
2025-08-21,R_N,D2C,ppc,PPC_R_N,3094.9,9240,308,257,115,20,12,5,12000
2025-08-22,R_N,D2C,ppc,PPC_R_N,2750.33,8220,274,229,103,18,10,4,9600
2025-08-23,R_N,D2C,ppc,PPC_R_N,3097.51,9270,309,258,116,20,12,5,12000
2025-08-24,R_N,D2C,ppc,PPC_R_N,3045.72,9090,303,253,113,20,12,5,12000
2025-08-18,R_S,D2C,ppc,PPC_R_S,1535.16,4560,152,127,57,10,6,2,4800
2025-08-19,R_S,D2C,ppc,PPC_R_S,1484.1,4410,147,123,55,9,5,2,4800
2025-08-20,R_S,D2C,ppc,PPC_R_S,1417.55,4230,141,118,53,9,5,2,4800
2025-08-21,R_S,D2C,ppc,PPC_R_S,1567.76,4680,156,130,58,10,6,2,4800
2025-08-22,R_S,D2C,ppc,PPC_R_S,1489.24,4440,148,124,55,9,5,2,4800
2025-08-23,R_S,D2C,ppc,PPC_R_S,1573.61,4710,157,131,58,10,6,2,4800
2025-08-24,R_S,D2C,ppc,PPC_R_S,1459.25,4350,145,121,54,9,5,2,4800
2025-08-25,R_N,D2C,ppc,PPC_R_N,2752.67,8220,274,229,103,18,10,4,9600
2025-08-26,R_N,D2C,ppc,PPC_R_N,3025.47,9060,302,252,113,20,12,5,12000
2025-08-27,R_N,D2C,ppc,PPC_R_N,3073.66,9210,307,256,115,20,12,5,12000
2025-08-28,R_N,D2C,ppc,PPC_R_N,3253.07,9750,325,271,121,21,12,5,12000
2025-08-29,R_N,D2C,ppc,PPC_R_N,3232.65,9660,322,269,121,21,12,5,12000
2025-08-30,R_N,D2C,ppc,PPC_R_N,2734.29,8160,272,227,102,18,10,4,9600
2025-08-31,R_N,D2C,ppc,PPC_R_N,3163.1,9450,315,263,118,21,12,5,12000
2025-08-25,R_S,D2C,ppc,PPC_R_S,1428.41,4260,142,119,53,9,5,2,4800
2025-08-26,R_S,D2C,ppc,PPC_R_S,1559.16,4620,154,129,58,10,6,2,4800
2025-08-27,R_S,D2C,ppc,PPC_R_S,1463.84,4350,145,121,54,9,5,2,4800
2025-08-28,R_S,D2C,ppc,PPC_R_S,1446.62,4320,144,120,54,9,5,2,4800
2025-08-29,R_S,D2C,ppc,PPC_R_S,1496.49,4440,148,124,55,9,5,2,4800
2025-08-30,R_S,D2C,ppc,PPC_R_S,1509.16,4500,150,125,56,10,6,2,4800
2025-08-31,R_S,D2C,ppc,PPC_R_S,1558.34,4620,154,129,58,10,6,2,4800
2025-09-01,R_N,D2C,ppc,PPC_R_N,3082.73,9210,307,256,115,20,12,5,12000
2025-09-02,R_N,D2C,ppc,PPC_R_N,3106.95,9270,309,258,116,20,12,5,12000
2025-09-03,R_N,D2C,ppc,PPC_R_N,2930.45,8760,292,244,109,19,11,4,9600
2025-09-04,R_N,D2C,ppc,PPC_R_N,3106.4,9270,309,258,116,20,12,5,12000
2025-09-05,R_N,D2C,ppc,PPC_R_N,2907.23,8700,290,242,108,19,11,4,9600
2025-09-06,R_N,D2C,ppc,PPC_R_N,3064.52,9180,306,255,114,20,12,5,12000
2025-09-07,R_N,D2C,ppc,PPC_R_N,2975.72,8880,296,247,111,19,11,4,9600
2025-09-01,R_S,D2C,ppc,PPC_R_S,1518.84,4530,151,126,56,10,6,2,4800
2025-09-02,R_S,D2C,ppc,PPC_R_S,1355.26,4020,134,112,50,8,4,2,4800
2025-09-03,R_S,D2C,ppc,PPC_R_S,1499.64,4440,148,124,55,9,5,2,4800
2025-09-04,R_S,D2C,ppc,PPC_R_S,1415.99,4200,140,117,52,9,5,2,4800
2025-09-05,R_S,D2C,ppc,PPC_R_S,1465.74,4380,146,122,54,9,5,2,4800
2025-09-06,R_S,D2C,ppc,PPC_R_S,1372.13,4080,136,114,51,9,5,2,4800
2025-09-07,R_S,D2C,ppc,PPC_R_S,1547.07,4590,153,128,57,10,6,2,4800
2025-09-08,R_N,D2C,ppc,PPC_R_N,3236.11,9660,322,269,121,21,12,5,12000
2025-09-09,R_N,D2C,ppc,PPC_R_N,2912.76,8700,290,242,108,19,11,4,9600
2025-09-10,R_N,D2C,ppc,PPC_R_N,2763.04,8280,276,230,103,18,10,4,9600
2025-09-11,R_N,D2C,ppc,PPC_R_N,3072.16,9210,307,256,115,20,12,5,12000
2025-09-12,R_N,D2C,ppc,PPC_R_N,2776.22,8310,277,231,103,18,10,4,9600
2025-09-13,R_N,D2C,ppc,PPC_R_N,3234.97,9660,322,269,121,21,12,5,12000
2025-09-14,R_N,D2C,ppc,PPC_R_N,2773.47,8310,277,231,103,18,10,4,9600
2025-09-08,R_S,D2C,ppc,PPC_R_S,1458.56,4350,145,121,54,9,5,2,4800
2025-09-09,R_S,D2C,ppc,PPC_R_S,1498.4,4440,148,124,55,9,5,2,4800
2025-09-10,R_S,D2C,ppc,PPC_R_S,1385.36,4140,138,115,51,9,5,2,4800
2025-09-11,R_S,D2C,ppc,PPC_R_S,1445.62,4320,144,120,54,9,5,2,4800
2025-09-12,R_S,D2C,ppc,PPC_R_S,1432.58,4260,142,119,53,9,5,2,4800
2025-09-13,R_S,D2C,ppc,PPC_R_S,1563.99,4680,156,130,58,10,6,2,4800
2025-09-14,R_S,D2C,ppc,PPC_R_S,1645.88,4920,164,137,61,10,6,2,4800
2025-09-15,R_N,D2C,ppc,PPC_R_N,2917.7,8730,291,243,109,19,11,4,9600
2025-09-16,R_N,D2C,ppc,PPC_R_N,3174.43,9480,316,264,118,21,12,5,12000
2025-09-17,R_N,D2C,ppc,PPC_R_N,2784.2,8340,278,232,104,18,10,4,9600
2025-09-18,R_N,D2C,ppc,PPC_R_N,3047.95,9090,303,253,113,20,12,5,12000
2025-09-19,R_N,D2C,ppc,PPC_R_N,2959.63,8850,295,246,110,19,11,4,9600
2025-09-20,R_N,D2C,ppc,PPC_R_N,2872.91,8580,286,239,107,19,11,4,9600
2025-09-21,R_N,D2C,ppc,PPC_R_N,3193.03,9570,319,266,119,21,12,5,12000
2025-09-15,R_S,D2C,ppc,PPC_R_S,1573.93,4710,157,131,58,10,6,2,4800
2025-09-16,R_S,D2C,ppc,PPC_R_S,1390.2,4140,138,115,51,9,5,2,4800
2025-09-17,R_S,D2C,ppc,PPC_R_S,1437.72,4260,142,119,53,9,5,2,4800
2025-09-18,R_S,D2C,ppc,PPC_R_S,1595.85,4740,158,132,59,10,6,2,4800
2025-09-19,R_S,D2C,ppc,PPC_R_S,1647.73,4920,164,137,61,10,6,2,4800
2025-09-20,R_S,D2C,ppc,PPC_R_S,1533.47,4560,152,127,57,10,6,2,4800
2025-09-21,R_S,D2C,ppc,PPC_R_S,1611.51,4800,160,134,60,10,6,2,4800
2025-09-22,R_N,D2C,ppc,PPC_R_N,3290.53,9840,328,274,123,21,12,5,12000
2025-09-23,R_N,D2C,ppc,PPC_R_N,3144.33,9420,314,262,117,20,12,5,12000
2025-09-24,R_N,D2C,ppc,PPC_R_N,3086.84,9240,308,257,115,20,12,5,12000
2025-09-25,R_N,D2C,ppc,PPC_R_N,2832.74,8490,283,236,106,18,10,4,9600
2025-09-26,R_N,D2C,ppc,PPC_R_N,2922.25,8730,291,243,109,19,11,4,9600
2025-09-27,R_N,D2C,ppc,PPC_R_N,3074.13,9210,307,256,115,20,12,5,12000
2025-09-28,R_N,D2C,ppc,PPC_R_N,3255.84,9750,325,271,121,21,12,5,12000
2025-09-22,R_S,D2C,ppc,PPC_R_S,1440.55,4320,144,120,54,9,5,2,4800
2025-09-23,R_S,D2C,ppc,PPC_R_S,1468.56,4380,146,122,54,9,5,2,4800
2025-09-24,R_S,D2C,ppc,PPC_R_S,1356.67,4050,135,113,50,9,5,2,4800
2025-09-25,R_S,D2C,ppc,PPC_R_S,1559.02,4620,154,129,58,10,6,2,4800
2025-09-26,R_S,D2C,ppc,PPC_R_S,1483.07,4410,147,123,55,9,5,2,4800
2025-09-27,R_S,D2C,ppc,PPC_R_S,1589.32,4740,158,132,59,10,6,2,4800
2025-09-28,R_S,D2C,ppc,PPC_R_S,1420.1,4230,141,118,53,9,5,2,4800
2025-09-29,R_N,D2C,ppc,PPC_R_N,3095.79,9240,308,257,115,20,12,5,12000
2025-09-30,R_N,D2C,ppc,PPC_R_N,3103.86,9270,309,258,116,20,12,5,12000
2025-10-01,R_N,D2C,ppc,PPC_R_N,2978.59,8910,297,248,111,19,11,4,9600
2025-10-02,R_N,D2C,ppc,PPC_R_N,2813.16,8400,280,234,105,18,10,4,9600
2025-10-03,R_N,D2C,ppc,PPC_R_N,2941.74,8820,294,245,110,19,11,4,9600
2025-10-04,R_N,D2C,ppc,PPC_R_N,3147.03,9420,314,262,117,20,12,5,12000
2025-10-05,R_N,D2C,ppc,PPC_R_N,2813.51,8400,280,234,105,18,10,4,9600
2025-09-29,R_S,D2C,ppc,PPC_R_S,1377.01,4080,136,114,51,9,5,2,4800
2025-09-30,R_S,D2C,ppc,PPC_R_S,1488.83,4440,148,124,55,9,5,2,4800
2025-10-01,R_S,D2C,ppc,PPC_R_S,1420.36,4230,141,118,53,9,5,2,4800
2025-10-02,R_S,D2C,ppc,PPC_R_S,1590.17,4740,158,132,59,10,6,2,4800
2025-10-03,R_S,D2C,ppc,PPC_R_S,1595.17,4740,158,132,59,10,6,2,4800
2025-10-04,R_S,D2C,ppc,PPC_R_S,1633.58,4890,163,136,61,10,6,2,4800
2025-10-05,R_S,D2C,ppc,PPC_R_S,1601.93,4770,159,133,59,10,6,2,4800
2025-10-06,R_N,D2C,ppc,PPC_R_N,3088.47,9240,308,257,115,20,12,5,12000
2025-10-07,R_N,D2C,ppc,PPC_R_N,2812.23,8400,280,234,105,18,10,4,9600
2025-10-08,R_N,D2C,ppc,PPC_R_N,3193.8,9570,319,266,119,21,12,5,12000
2025-10-09,R_N,D2C,ppc,PPC_R_N,3136.86,9390,313,261,117,20,12,5,12000
2025-10-10,R_N,D2C,ppc,PPC_R_N,3148.12,9420,314,262,117,20,12,5,12000
2025-10-11,R_N,D2C,ppc,PPC_R_N,3118.46,9300,310,259,116,20,12,5,12000
2025-10-12,R_N,D2C,ppc,PPC_R_N,3198.01,9570,319,266,119,21,12,5,12000
2025-10-06,R_S,D2C,ppc,PPC_R_S,1439.35,4260,142,119,53,9,5,2,4800
2025-10-07,R_S,D2C,ppc,PPC_R_S,1551.74,4620,154,129,58,10,6,2,4800
2025-10-08,R_S,D2C,ppc,PPC_R_S,1505.19,4500,150,125,56,10,6,2,4800
2025-10-09,R_S,D2C,ppc,PPC_R_S,1451.35,4320,144,120,54,9,5,2,4800
2025-10-10,R_S,D2C,ppc,PPC_R_S,1448.05,4320,144,120,54,9,5,2,4800
2025-10-11,R_S,D2C,ppc,PPC_R_S,1396.64,4170,139,116,52,9,5,2,4800
2025-10-12,R_S,D2C,ppc,PPC_R_S,1497.46,4440,148,124,55,9,5,2,4800
2025-10-13,R_N,D2C,ppc,PPC_R_N,2921.23,8730,291,243,109,19,11,4,9600
2025-10-14,R_N,D2C,ppc,PPC_R_N,2952.91,8850,295,246,110,19,11,4,9600
2025-10-15,R_N,D2C,ppc,PPC_R_N,3211.0,9600,320,267,120,21,12,5,12000
2025-10-16,R_N,D2C,ppc,PPC_R_N,3108.91,9300,310,259,116,20,12,5,12000
2025-10-17,R_N,D2C,ppc,PPC_R_N,3108.15,9300,310,259,116,20,12,5,12000
2025-10-18,R_N,D2C,ppc,PPC_R_N,3290.43,9840,328,274,123,21,12,5,12000
2025-10-19,R_N,D2C,ppc,PPC_R_N,2830.7,8460,282,235,105,18,10,4,9600
2025-10-13,R_S,D2C,ppc,PPC_R_S,1502.37,4500,150,125,56,10,6,2,4800
2025-10-14,R_S,D2C,ppc,PPC_R_S,1377.76,4080,136,114,51,9,5,2,4800
2025-10-15,R_S,D2C,ppc,PPC_R_S,1467.84,4380,146,122,54,9,5,2,4800
2025-10-16,R_S,D2C,ppc,PPC_R_S,1635.11,4890,163,136,61,10,6,2,4800
2025-10-17,R_S,D2C,ppc,PPC_R_S,1375.78,4080,136,114,51,9,5,2,4800
2025-10-18,R_S,D2C,ppc,PPC_R_S,1577.32,4710,157,131,58,10,6,2,4800
2025-10-19,R_S,D2C,ppc,PPC_R_S,1609.63,4800,160,134,60,10,6,2,4800
2025-10-20,R_N,D2C,ppc,PPC_R_N,3005.37,9000,300,250,112,20,12,5,12000
2025-10-21,R_N,D2C,ppc,PPC_R_N,3178.57,9480,316,264,118,21,12,5,12000
2025-10-22,R_N,D2C,ppc,PPC_R_N,2964.63,8880,296,247,111,19,11,4,9600
2025-10-23,R_N,D2C,ppc,PPC_R_N,2912.01,8700,290,242,108,19,11,4,9600
2025-10-24,R_N,D2C,ppc,PPC_R_N,3003.44,9000,300,250,112,20,12,5,12000
2025-10-25,R_N,D2C,ppc,PPC_R_N,2816.85,8400,280,234,105,18,10,4,9600
2025-10-26,R_N,D2C,ppc,PPC_R_N,2884.49,8640,288,240,108,19,11,4,9600
2025-10-20,R_S,D2C,ppc,PPC_R_S,1441.61,4320,144,120,54,9,5,2,4800
2025-10-21,R_S,D2C,ppc,PPC_R_S,1646.52,4920,164,137,61,10,6,2,4800
2025-10-22,R_S,D2C,ppc,PPC_R_S,1450.55,4320,144,120,54,9,5,2,4800
2025-10-23,R_S,D2C,ppc,PPC_R_S,1418.66,4230,141,118,53,9,5,2,4800
2025-10-24,R_S,D2C,ppc,PPC_R_S,1631.93,4860,162,135,60,10,6,2,4800
2025-10-25,R_S,D2C,ppc,PPC_R_S,1391.57,4140,138,115,51,9,5,2,4800
2025-10-26,R_S,D2C,ppc,PPC_R_S,1639.74,4890,163,136,61,10,6,2,4800
2025-10-27,R_N,D2C,ppc,PPC_R_N,3211.99,9600,320,267,120,21,12,5,12000
2025-10-28,R_N,D2C,ppc,PPC_R_N,3088.24,9240,308,257,115,20,12,5,12000
2025-10-29,R_N,D2C,ppc,PPC_R_N,2956.68,8850,295,246,110,19,11,4,9600
2025-10-30,R_N,D2C,ppc,PPC_R_N,2818.34,8400,280,234,105,18,10,4,9600
2025-10-31,R_N,D2C,ppc,PPC_R_N,2763.72,8280,276,230,103,18,10,4,9600
2025-11-01,R_N,D2C,ppc,PPC_R_N,2762.21,8280,276,230,103,18,10,4,9600
2025-11-02,R_N,D2C,ppc,PPC_R_N,2909.49,8700,290,242,108,19,11,4,9600
2025-10-27,R_S,D2C,ppc,PPC_R_S,1472.14,4380,146,122,54,9,5,2,4800
2025-10-28,R_S,D2C,ppc,PPC_R_S,1627.11,4860,162,135,60,10,6,2,4800
2025-10-29,R_S,D2C,ppc,PPC_R_S,1510.87,4500,150,125,56,10,6,2,4800
2025-10-30,R_S,D2C,ppc,PPC_R_S,1647.19,4920,164,137,61,10,6,2,4800
2025-10-31,R_S,D2C,ppc,PPC_R_S,1566.27,4680,156,130,58,10,6,2,4800
2025-11-01,R_S,D2C,ppc,PPC_R_S,1393.89,4170,139,116,52,9,5,2,4800
2025-11-02,R_S,D2C,ppc,PPC_R_S,1516.07,4530,151,126,56,10,6,2,4800
2025-11-03,R_N,D2C,ppc,PPC_R_N,2795.62,8340,278,232,104,18,10,4,9600
2025-11-04,R_N,D2C,ppc,PPC_R_N,2723.52,8130,271,226,101,18,10,4,9600
2025-11-05,R_N,D2C,ppc,PPC_R_N,3266.27,9780,326,272,122,21,12,5,12000
2025-11-06,R_N,D2C,ppc,PPC_R_N,2902.71,8670,289,241,108,19,11,4,9600
2025-11-07,R_N,D2C,ppc,PPC_R_N,2813.75,8400,280,234,105,18,10,4,9600
2025-11-08,R_N,D2C,ppc,PPC_R_N,2761.07,8280,276,230,103,18,10,4,9600
2025-11-09,R_N,D2C,ppc,PPC_R_N,3091.28,9240,308,257,115,20,12,5,12000
2025-11-03,R_S,D2C,ppc,PPC_R_S,1488.34,4440,148,124,55,9,5,2,4800
2025-11-04,R_S,D2C,ppc,PPC_R_S,1353.5,4020,134,112,50,8,4,2,4800
2025-11-05,R_S,D2C,ppc,PPC_R_S,1564.55,4680,156,130,58,10,6,2,4800
2025-11-06,R_S,D2C,ppc,PPC_R_S,1427.0,4230,141,118,53,9,5,2,4800
2025-11-07,R_S,D2C,ppc,PPC_R_S,1584.17,4740,158,132,59,10,6,2,4800
2025-11-08,R_S,D2C,ppc,PPC_R_S,1496.58,4440,148,124,55,9,5,2,4800
2025-11-09,R_S,D2C,ppc,PPC_R_S,1510.67,4500,150,125,56,10,6,2,4800
2025-11-10,R_N,D2C,ppc,PPC_R_N,2974.32,8880,296,247,111,19,11,4,9600
2025-11-11,R_N,D2C,ppc,PPC_R_N,3105.59,9270,309,258,116,20,12,5,12000
2025-11-12,R_N,D2C,ppc,PPC_R_N,3294.03,9840,328,274,123,21,12,5,12000
2025-11-13,R_N,D2C,ppc,PPC_R_N,3178.72,9480,316,264,118,21,12,5,12000
2025-11-14,R_N,D2C,ppc,PPC_R_N,2741.46,8190,273,228,102,18,10,4,9600
2025-11-15,R_N,D2C,ppc,PPC_R_N,2996.88,8940,298,249,112,19,11,4,9600
2025-11-16,R_N,D2C,ppc,PPC_R_N,2840.57,8490,283,236,106,18,10,4,9600
2025-11-10,R_S,D2C,ppc,PPC_R_S,1380.72,4140,138,115,51,9,5,2,4800
2025-11-11,R_S,D2C,ppc,PPC_R_S,1408.55,4200,140,117,52,9,5,2,4800
2025-11-12,R_S,D2C,ppc,PPC_R_S,1424.43,4230,141,118,53,9,5,2,4800
2025-11-13,R_S,D2C,ppc,PPC_R_S,1637.92,4890,163,136,61,10,6,2,4800
2025-11-14,R_S,D2C,ppc,PPC_R_S,1573.46,4710,157,131,58,10,6,2,4800
2025-11-15,R_S,D2C,ppc,PPC_R_S,1605.89,4770,159,133,59,10,6,2,4800
2025-11-16,R_S,D2C,ppc,PPC_R_S,1559.65,4620,154,129,58,10,6,2,4800
2025-11-17,R_N,D2C,ppc,PPC_R_N,2889.39,8640,288,240,108,19,11,4,9600
2025-11-18,R_N,D2C,ppc,PPC_R_N,2934.66,8760,292,244,109,19,11,4,9600
2025-11-19,R_N,D2C,ppc,PPC_R_N,2964.41,8880,296,247,111,19,11,4,9600
2025-11-20,R_N,D2C,ppc,PPC_R_N,2876.04,8580,286,239,107,19,11,4,9600
2025-11-21,R_N,D2C,ppc,PPC_R_N,2952.87,8850,295,246,110,19,11,4,9600
2025-11-22,R_N,D2C,ppc,PPC_R_N,3162.71,9450,315,263,118,21,12,5,12000
2025-11-23,R_N,D2C,ppc,PPC_R_N,2745.42,8190,273,228,102,18,10,4,9600
2025-11-17,R_S,D2C,ppc,PPC_R_S,1432.97,4260,142,119,53,9,5,2,4800
2025-11-18,R_S,D2C,ppc,PPC_R_S,1493.71,4440,148,124,55,9,5,2,4800
2025-11-19,R_S,D2C,ppc,PPC_R_S,1552.87,4620,154,129,58,10,6,2,4800
2025-11-20,R_S,D2C,ppc,PPC_R_S,1543.78,4590,153,128,57,10,6,2,4800
2025-11-21,R_S,D2C,ppc,PPC_R_S,1567.5,4680,156,130,58,10,6,2,4800
2025-11-22,R_S,D2C,ppc,PPC_R_S,1381.58,4140,138,115,51,9,5,2,4800
2025-11-23,R_S,D2C,ppc,PPC_R_S,1404.23,4200,140,117,52,9,5,2,4800
2025-11-24,R_N,D2C,ppc,PPC_R_N,2885.39,8640,288,240,108,19,11,4,9600
2025-11-25,R_N,D2C,ppc,PPC_R_N,2869.01,8580,286,239,107,19,11,4,9600
2025-11-26,R_N,D2C,ppc,PPC_R_N,3153.35,9420,314,262,117,20,12,5,12000
2025-11-27,R_N,D2C,ppc,PPC_R_N,3295.99,9840,328,274,123,21,12,5,12000
2025-11-28,R_N,D2C,ppc,PPC_R_N,3109.87,9300,310,259,116,20,12,5,12000
2025-11-29,R_N,D2C,ppc,PPC_R_N,2719.83,8130,271,226,101,18,10,4,9600
2025-11-30,R_N,D2C,ppc,PPC_R_N,2878.56,8580,286,239,107,19,11,4,9600
2025-11-24,R_S,D2C,ppc,PPC_R_S,1590.91,4740,158,132,59,10,6,2,4800
2025-11-25,R_S,D2C,ppc,PPC_R_S,1627.3,4860,162,135,60,10,6,2,4800
2025-11-26,R_S,D2C,ppc,PPC_R_S,1528.47,4560,152,127,57,10,6,2,4800
2025-11-27,R_S,D2C,ppc,PPC_R_S,1454.65,4350,145,121,54,9,5,2,4800
2025-11-28,R_S,D2C,ppc,PPC_R_S,1456.54,4350,145,121,54,9,5,2,4800
2025-11-29,R_S,D2C,ppc,PPC_R_S,1540.03,4590,153,128,57,10,6,2,4800
2025-11-30,R_S,D2C,ppc,PPC_R_S,1609.26,4800,160,134,60,10,6,2,4800
2025-12-01,R_N,D2C,ppc,PPC_R_N,2904.5,8700,290,242,108,19,11,4,9600
2025-12-02,R_N,D2C,ppc,PPC_R_N,2814.42,8400,280,234,105,18,10,4,9600
2025-12-03,R_N,D2C,ppc,PPC_R_N,2701.67,8100,270,225,101,18,10,4,9600
2025-12-04,R_N,D2C,ppc,PPC_R_N,2782.48,8310,277,231,103,18,10,4,9600
2025-12-05,R_N,D2C,ppc,PPC_R_N,3210.71,9600,320,267,120,21,12,5,12000
2025-12-06,R_N,D2C,ppc,PPC_R_N,3074.75,9210,307,256,115,20,12,5,12000
2025-12-07,R_N,D2C,ppc,PPC_R_N,3294.38,9840,328,274,123,21,12,5,12000
2025-12-01,R_S,D2C,ppc,PPC_R_S,1370.84,4080,136,114,51,9,5,2,4800
2025-12-02,R_S,D2C,ppc,PPC_R_S,1459.8,4350,145,121,54,9,5,2,4800
2025-12-03,R_S,D2C,ppc,PPC_R_S,1588.71,4740,158,132,59,10,6,2,4800
2025-12-04,R_S,D2C,ppc,PPC_R_S,1548.36,4620,154,129,58,10,6,2,4800
2025-12-05,R_S,D2C,ppc,PPC_R_S,1370.0,4080,136,114,51,9,5,2,4800
2025-12-06,R_S,D2C,ppc,PPC_R_S,1470.43,4380,146,122,54,9,5,2,4800
2025-12-07,R_S,D2C,ppc,PPC_R_S,1541.29,4590,153,128,57,10,6,2,4800
2025-12-08,R_N,D2C,ppc,PPC_R_N,3112.65,9300,310,259,116,20,12,5,12000
2025-12-09,R_N,D2C,ppc,PPC_R_N,2971.01,8880,296,247,111,19,11,4,9600
2025-12-10,R_N,D2C,ppc,PPC_R_N,2812.9,8400,280,234,105,18,10,4,9600
2025-12-11,R_N,D2C,ppc,PPC_R_N,3279.56,9810,327,273,122,21,12,5,12000
2025-12-12,R_N,D2C,ppc,PPC_R_N,2979.9,8910,297,248,111,19,11,4,9600
2025-12-13,R_N,D2C,ppc,PPC_R_N,3130.41,9360,312,260,117,20,12,5,12000
2025-12-14,R_N,D2C,ppc,PPC_R_N,3020.9,9030,301,251,112,20,12,5,12000
2025-12-08,R_S,D2C,ppc,PPC_R_S,1374.21,4080,136,114,51,9,5,2,4800
2025-12-09,R_S,D2C,ppc,PPC_R_S,1421.01,4230,141,118,53,9,5,2,4800
2025-12-10,R_S,D2C,ppc,PPC_R_S,1368.91,4080,136,114,51,9,5,2,4800
2025-12-11,R_S,D2C,ppc,PPC_R_S,1407.23,4200,140,117,52,9,5,2,4800
2025-12-12,R_S,D2C,ppc,PPC_R_S,1410.06,4200,140,117,52,9,5,2,4800
2025-12-13,R_S,D2C,ppc,PPC_R_S,1474.46,4380,146,122,54,9,5,2,4800
2025-12-14,R_S,D2C,ppc,PPC_R_S,1446.51,4320,144,120,54,9,5,2,4800
2025-12-15,R_N,D2C,ppc,PPC_R_N,2917.53,8730,291,243,109,19,11,4,9600
2025-12-16,R_N,D2C,ppc,PPC_R_N,3190.13,9540,318,265,119,21,12,5,12000
2025-12-17,R_N,D2C,ppc,PPC_R_N,2712.82,8130,271,226,101,18,10,4,9600
2025-12-18,R_N,D2C,ppc,PPC_R_N,2762.04,8280,276,230,103,18,10,4,9600
2025-12-19,R_N,D2C,ppc,PPC_R_N,3184.68,9540,318,265,119,21,12,5,12000
2025-12-20,R_N,D2C,ppc,PPC_R_N,3020.38,9030,301,251,112,20,12,5,12000
2025-12-21,R_N,D2C,ppc,PPC_R_N,2963.33,8850,295,246,110,19,11,4,9600
2025-12-15,R_S,D2C,ppc,PPC_R_S,1430.2,4260,142,119,53,9,5,2,4800
2025-12-16,R_S,D2C,ppc,PPC_R_S,1512.7,4530,151,126,56,10,6,2,4800
2025-12-17,R_S,D2C,ppc,PPC_R_S,1416.47,4230,141,118,53,9,5,2,4800
2025-12-18,R_S,D2C,ppc,PPC_R_S,1607.51,4770,159,133,59,10,6,2,4800
2025-12-19,R_S,D2C,ppc,PPC_R_S,1597.21,4770,159,133,59,10,6,2,4800
2025-12-20,R_S,D2C,ppc,PPC_R_S,1446.56,4320,144,120,54,9,5,2,4800
2025-12-21,R_S,D2C,ppc,PPC_R_S,1357.35,4050,135,113,50,9,5,2,4800
2025-12-22,R_N,D2C,ppc,PPC_R_N,3232.6,9660,322,269,121,21,12,5,12000
2025-12-23,R_N,D2C,ppc,PPC_R_N,2879.2,8580,286,239,107,19,11,4,9600
2025-12-24,R_N,D2C,ppc,PPC_R_N,3094.13,9240,308,257,115,20,12,5,12000
2025-12-25,R_N,D2C,ppc,PPC_R_N,3214.89,9600,320,267,120,21,12,5,12000
2025-12-26,R_N,D2C,ppc,PPC_R_N,3179.02,9480,316,264,118,21,12,5,12000
2025-12-27,R_N,D2C,ppc,PPC_R_N,3217.5,9630,321,268,120,21,12,5,12000
2025-12-28,R_N,D2C,ppc,PPC_R_N,2993.48,8940,298,249,112,19,11,4,9600
2025-12-22,R_S,D2C,ppc,PPC_R_S,1602.69,4770,159,133,59,10,6,2,4800
2025-12-23,R_S,D2C,ppc,PPC_R_S,1488.35,4440,148,124,55,9,5,2,4800
2025-12-24,R_S,D2C,ppc,PPC_R_S,1429.15,4260,142,119,53,9,5,2,4800
2025-12-25,R_S,D2C,ppc,PPC_R_S,1494.29,4440,148,124,55,9,5,2,4800
2025-12-26,R_S,D2C,ppc,PPC_R_S,1450.62,4320,144,120,54,9,5,2,4800
2025-12-27,R_S,D2C,ppc,PPC_R_S,1580.14,4710,157,131,58,10,6,2,4800
2025-12-28,R_S,D2C,ppc,PPC_R_S,1599.51,4770,159,133,59,10,6,2,4800
2025-12-29,R_N,D2C,ppc,PPC_R_N,2784.7,8340,278,232,104,18,10,4,9600
2025-12-30,R_N,D2C,ppc,PPC_R_N,2798.66,8370,279,233,104,18,10,4,9600
2025-12-31,R_N,D2C,ppc,PPC_R_N,2930.2,8760,292,244,109,19,11,4,9600
2026-01-01,R_N,D2C,ppc,PPC_R_N,2977.97,8910,297,248,111,19,11,4,9600
2026-01-02,R_N,D2C,ppc,PPC_R_N,3273.79,9780,326,272,122,21,12,5,12000
2026-01-03,R_N,D2C,ppc,PPC_R_N,3265.02,9780,326,272,122,21,12,5,12000
2026-01-04,R_N,D2C,ppc,PPC_R_N,3280.22,9810,327,273,122,21,12,5,12000
2025-12-29,R_S,D2C,ppc,PPC_R_S,1568.93,4680,156,130,58,10,6,2,4800
2025-12-30,R_S,D2C,ppc,PPC_R_S,1553.17,4620,154,129,58,10,6,2,4800
2025-12-31,R_S,D2C,ppc,PPC_R_S,1431.12,4260,142,119,53,9,5,2,4800
2026-01-01,R_S,D2C,ppc,PPC_R_S,1461.8,4350,145,121,54,9,5,2,4800
2026-01-02,R_S,D2C,ppc,PPC_R_S,1350.8,4020,134,112,50,8,4,2,4800
2026-01-03,R_S,D2C,ppc,PPC_R_S,1599.89,4770,159,133,59,10,6,2,4800
2026-01-04,R_S,D2C,ppc,PPC_R_S,1432.83,4260,142,119,53,9,5,2,4800
2026-01-05,R_N,D2C,ppc,PPC_R_N,2747.57,8190,273,228,102,18,10,4,9600
2026-01-06,R_N,D2C,ppc,PPC_R_N,2889.35,8640,288,240,108,19,11,4,9600
2026-01-07,R_N,D2C,ppc,PPC_R_N,2893.9,8670,289,241,108,19,11,4,9600
2026-01-08,R_N,D2C,ppc,PPC_R_N,3134.39,9390,313,261,117,20,12,5,12000
2026-01-09,R_N,D2C,ppc,PPC_R_N,2703.42,8100,270,225,101,18,10,4,9600
2026-01-10,R_N,D2C,ppc,PPC_R_N,2838.01,8490,283,236,106,18,10,4,9600
2026-01-11,R_N,D2C,ppc,PPC_R_N,3237.88,9660,322,269,121,21,12,5,12000
2026-01-05,R_S,D2C,ppc,PPC_R_S,1606.46,4770,159,133,59,10,6,2,4800
2026-01-06,R_S,D2C,ppc,PPC_R_S,1538.71,4590,153,128,57,10,6,2,4800
2026-01-07,R_S,D2C,ppc,PPC_R_S,1517.68,4530,151,126,56,10,6,2,4800
2026-01-08,R_S,D2C,ppc,PPC_R_S,1416.79,4230,141,118,53,9,5,2,4800
2026-01-09,R_S,D2C,ppc,PPC_R_S,1612.53,4800,160,134,60,10,6,2,4800
2026-01-10,R_S,D2C,ppc,PPC_R_S,1578.22,4710,157,131,58,10,6,2,4800
2026-01-11,R_S,D2C,ppc,PPC_R_S,1503.88,4500,150,125,56,10,6,2,4800
2026-01-12,R_N,D2C,ppc,PPC_R_N,2796.61,8370,279,233,104,18,10,4,9600
2026-01-13,R_N,D2C,ppc,PPC_R_N,2829.5,8460,282,235,105,18,10,4,9600
2026-01-14,R_N,D2C,ppc,PPC_R_N,2927.58,8730,291,243,109,19,11,4,9600
2026-01-15,R_N,D2C,ppc,PPC_R_N,2898.67,8670,289,241,108,19,11,4,9600
2026-01-16,R_N,D2C,ppc,PPC_R_N,2736.63,8190,273,228,102,18,10,4,9600
2026-01-17,R_N,D2C,ppc,PPC_R_N,2943.83,8820,294,245,110,19,11,4,9600
2026-01-18,R_N,D2C,ppc,PPC_R_N,2969.23,8880,296,247,111,19,11,4,9600
2026-01-12,R_S,D2C,ppc,PPC_R_S,1436.12,4260,142,119,53,9,5,2,4800
2026-01-13,R_S,D2C,ppc,PPC_R_S,1465.29,4380,146,122,54,9,5,2,4800
2026-01-14,R_S,D2C,ppc,PPC_R_S,1449.71,4320,144,120,54,9,5,2,4800
2026-01-15,R_S,D2C,ppc,PPC_R_S,1463.05,4350,145,121,54,9,5,2,4800
2026-01-16,R_S,D2C,ppc,PPC_R_S,1535.71,4560,152,127,57,10,6,2,4800
2026-01-17,R_S,D2C,ppc,PPC_R_S,1499.2,4440,148,124,55,9,5,2,4800
2026-01-18,R_S,D2C,ppc,PPC_R_S,1409.28,4200,140,117,52,9,5,2,4800
2026-01-19,R_N,D2C,ppc,PPC_R_N,3177.16,9480,316,264,118,21,12,5,12000
2026-01-20,R_N,D2C,ppc,PPC_R_N,3007.91,9000,300,250,112,20,12,5,12000
2026-01-21,R_N,D2C,ppc,PPC_R_N,2975.02,8880,296,247,111,19,11,4,9600
2026-01-22,R_N,D2C,ppc,PPC_R_N,3128.01,9360,312,260,117,20,12,5,12000
2026-01-23,R_N,D2C,ppc,PPC_R_N,3151.28,9420,314,262,117,20,12,5,12000
2026-01-24,R_N,D2C,ppc,PPC_R_N,3209.44,9600,320,267,120,21,12,5,12000
2026-01-25,R_N,D2C,ppc,PPC_R_N,3186.75,9540,318,265,119,21,12,5,12000
2026-01-19,R_S,D2C,ppc,PPC_R_S,1550.7,4620,154,129,58,10,6,2,4800
2026-01-20,R_S,D2C,ppc,PPC_R_S,1566.34,4680,156,130,58,10,6,2,4800
2026-01-21,R_S,D2C,ppc,PPC_R_S,1397.14,4170,139,116,52,9,5,2,4800
2026-01-22,R_S,D2C,ppc,PPC_R_S,1559.78,4620,154,129,58,10,6,2,4800
2026-01-23,R_S,D2C,ppc,PPC_R_S,1426.34,4230,141,118,53,9,5,2,4800
2026-01-24,R_S,D2C,ppc,PPC_R_S,1427.35,4230,141,118,53,9,5,2,4800
2026-01-25,R_S,D2C,ppc,PPC_R_S,1386.04,4140,138,115,51,9,5,2,4800
2026-01-26,R_N,D2C,ppc,PPC_R_N,2938.15,8760,292,244,109,19,11,4,9600
2026-01-27,R_N,D2C,ppc,PPC_R_N,2711.93,8100,270,225,101,18,10,4,9600
2026-01-28,R_N,D2C,ppc,PPC_R_N,3094.19,9240,308,257,115,20,12,5,12000
2026-01-29,R_N,D2C,ppc,PPC_R_N,3148.86,9420,314,262,117,20,12,5,12000
2026-01-30,R_N,D2C,ppc,PPC_R_N,3165.33,9450,315,263,118,21,12,5,12000
2026-01-31,R_N,D2C,ppc,PPC_R_N,2777.32,8310,277,231,103,18,10,4,9600
2026-02-01,R_N,D2C,ppc,PPC_R_N,3084.65,9240,308,257,115,20,12,5,12000
2026-01-26,R_S,D2C,ppc,PPC_R_S,1601.49,4770,159,133,59,10,6,2,4800
2026-01-27,R_S,D2C,ppc,PPC_R_S,1360.79,4050,135,113,50,9,5,2,4800
2026-01-28,R_S,D2C,ppc,PPC_R_S,1408.01,4200,140,117,52,9,5,2,4800
2026-01-29,R_S,D2C,ppc,PPC_R_S,1430.33,4260,142,119,53,9,5,2,4800
2026-01-30,R_S,D2C,ppc,PPC_R_S,1488.6,4440,148,124,55,9,5,2,4800
2026-01-31,R_S,D2C,ppc,PPC_R_S,1401.65,4170,139,116,52,9,5,2,4800
2026-02-01,R_S,D2C,ppc,PPC_R_S,1511.66,4500,150,125,56,10,6,2,4800
2026-02-02,R_N,D2C,ppc,PPC_R_N,2906.37,8700,290,242,108,19,11,4,9600
2026-02-03,R_N,D2C,ppc,PPC_R_N,3093.07,9240,308,257,115,20,12,5,12000
2026-02-04,R_N,D2C,ppc,PPC_R_N,3018.79,9030,301,251,112,20,12,5,12000
2026-02-05,R_N,D2C,ppc,PPC_R_N,3111.78,9300,310,259,116,20,12,5,12000
2026-02-06,R_N,D2C,ppc,PPC_R_N,2847.8,8520,284,237,106,18,10,4,9600
2026-02-07,R_N,D2C,ppc,PPC_R_N,3124.24,9360,312,260,117,20,12,5,12000
2026-02-08,R_N,D2C,ppc,PPC_R_N,3140.78,9390,313,261,117,20,12,5,12000
2026-02-02,R_S,D2C,ppc,PPC_R_S,1566.59,4680,156,130,58,10,6,2,4800
2026-02-03,R_S,D2C,ppc,PPC_R_S,1370.54,4080,136,114,51,9,5,2,4800
2026-02-04,R_S,D2C,ppc,PPC_R_S,1633.85,4890,163,136,61,10,6,2,4800
2026-02-05,R_S,D2C,ppc,PPC_R_S,1523.06,4530,151,126,56,10,6,2,4800
2026-02-06,R_S,D2C,ppc,PPC_R_S,1431.7,4260,142,119,53,9,5,2,4800
2026-02-07,R_S,D2C,ppc,PPC_R_S,1480.24,4410,147,123,55,9,5,2,4800
2026-02-08,R_S,D2C,ppc,PPC_R_S,1505.28,4500,150,125,56,10,6,2,4800
