order_id,order_date,channel,region_id,sku_id,customer_id,account_id,requested_qty_kg,fulfilled_qty_kg,unit_price_inr,status,promised_date,delivered_date
O000004,2024-01-01,D2C,R_N,SKU_CC_500,C00001,,1.5,1.5,1600,fulfilled,2024-01-03,2024-01-03
O000005,2024-01-01,D2C,R_N,SKU_CC_500,C00002,,1.0,1.0,1600,fulfilled,2024-01-03,2024-01-03
O000011,2024-01-01,D2C,R_N,SKU_CC_500,C00000,,1.5,1.5,1600,fulfilled,2024-01-03,2024-01-03
O006194,2024-01-01,B2B,R_N,SKU_CC_500,,ACC_DIST,86.9,86.9,1250,fulfilled,2024-01-04,2024-01-04
O000006,2024-01-02,D2C,R_N,SKU_CC_500,C00005,,0.5,0.5,1600,fulfilled,2024-01-04,2024-01-04
O000010,2024-01-02,D2C,R_N,SKU_CC_500,C00007,,1.5,1.5,1600,fulfilled,2024-01-04,2024-01-04
O000012,2024-01-02,D2C,R_N,SKU_CC_500,C00006,,1.5,1.5,1600,fulfilled,2024-01-04,2024-01-04
O000018,2024-01-02,D2C,R_S,SKU_CC_500,C00010,,1.0,1.0,1600,fulfilled,2024-01-04,2024-01-04
O000002,2024-01-03,D2C,R_N,SKU_CC_500,C00002,,2.0,2.0,1600,fulfilled,2024-01-05,2024-01-05
O000019,2024-01-03,D2C,R_S,SKU_CC_500,C00011,,2.0,2.0,1600,fulfilled,2024-01-05,2024-01-05
O000009,2024-01-04,D2C,R_N,SKU_CC_500,C00006,,0.5,0.5,1600,fulfilled,2024-01-06,2024-01-06
O000015,2024-01-04,D2C,R_S,SKU_CC_500,C00011,,2.0,2.0,1600,fulfilled,2024-01-06,2024-01-06
O000016,2024-01-04,D2C,R_S,SKU_CC_500,C00012,,2.0,2.0,1600,fulfilled,2024-01-06,2024-01-06
O000008,2024-01-05,D2C,R_N,SKU_CC_500,C00001,,2.0,2.0,1600,fulfilled,2024-01-07,2024-01-07
O000014,2024-01-05,D2C,R_S,SKU_CC_500,C00010,,2.0,2.0,1600,fulfilled,2024-01-07,2024-01-07
O000017,2024-01-05,D2C,R_S,SKU_CC_500,C00011,,1.0,1.0,1600,fulfilled,2024-01-07,2024-01-07
O000013,2024-01-06,D2C,R_S,SKU_CC_500,C00011,,1.0,1.0,1600,fulfilled,2024-01-08,2024-01-08
O000001,2024-01-07,D2C,R_N,SKU_CC_500,C00000,,0.5,0.5,1600,fulfilled,2024-01-09,2024-01-09
O000003,2024-01-07,D2C,R_N,SKU_CC_500,C00006,,2.0,2.0,1600,fulfilled,2024-01-09,2024-01-09
O000007,2024-01-07,D2C,R_N,SKU_CC_500,C00005,,2.0,2.0,1600,fulfilled,2024-01-09,2024-01-09
O000021,2024-01-08,D2C,R_N,SKU_CC_500,C00019,,2.0,2.0,1600,fulfilled,2024-01-10,2024-01-10
O000029,2024-01-08,D2C,R_N,SKU_CC_500,C00001,,2.0,2.0,1600,fulfilled,2024-01-10,2024-01-10
O006195,2024-01-08,B2B,R_N,SKU_CC_500,,ACC_DIST,84.7,84.7,1250,fulfilled,2024-01-11,2024-01-11
O000025,2024-01-09,D2C,R_N,SKU_CC_500,C00018,,0.5,0.5,1600,fulfilled,2024-01-11,2024-01-11
O000030,2024-01-09,D2C,R_N,SKU_CC_500,C00005,,0.5,0.5,1600,fulfilled,2024-01-11,2024-01-11
O000031,2024-01-09,D2C,R_N,SKU_CC_500,C00015,,0.5,0.5,1600,fulfilled,2024-01-11,2024-01-11
O000037,2024-01-09,D2C,R_S,SKU_CC_500,C00009,,1.0,1.0,1600,fulfilled,2024-01-11,2024-01-11
O000039,2024-01-09,D2C,R_S,SKU_CC_500,C00021,,1.0,1.0,1600,fulfilled,2024-01-11,2024-01-11
O000022,2024-01-10,D2C,R_N,SKU_CC_500,C00014,,0.5,0.5,1600,fulfilled,2024-01-12,2024-01-12
O000024,2024-01-10,D2C,R_N,SKU_CC_500,C00020,,2.0,2.0,1600,fulfilled,2024-01-12,2024-01-12
O000028,2024-01-10,D2C,R_N,SKU_CC_500,C00014,,1.5,1.5,1600,fulfilled,2024-01-12,2024-01-12
O000035,2024-01-10,D2C,R_S,SKU_CC_500,C00008,,1.0,1.0,1600,fulfilled,2024-01-12,2024-01-12
O000033,2024-01-11,D2C,R_S,SKU_CC_500,C00024,,1.0,1.0,1600,fulfilled,2024-01-13,2024-01-13
O000034,2024-01-11,D2C,R_S,SKU_CC_500,C00022,,2.0,2.0,1600,fulfilled,2024-01-13,2024-01-13
O000026,2024-01-12,D2C,R_N,SKU_CC_500,C00018,,0.5,0.5,1600,fulfilled,2024-01-14,2024-01-14
O000027,2024-01-12,D2C,R_N,SKU_CC_500,C00019,,0.5,0.5,1600,fulfilled,2024-01-14,2024-01-14
O000020,2024-01-13,D2C,R_N,SKU_CC_500,C00005,,0.5,0.5,1600,fulfilled,2024-01-15,2024-01-15
O000023,2024-01-13,D2C,R_N,SKU_CC_500,C00006,,2.0,2.0,1600,fulfilled,2024-01-15,2024-01-15
O000032,2024-01-14,D2C,R_N,SKU_CC_500,C00005,,1.0,1.0,1600,fulfilled,2024-01-16,2024-01-16
O000036,2024-01-14,D2C,R_S,SKU_CC_500,C00011,,1.5,1.5,1600,fulfilled,2024-01-16,2024-01-16
O000038,2024-01-14,D2C,R_S,SKU_CC_500,C00021,,2.0,2.0,1600,fulfilled,2024-01-16,2024-01-16
O000041,2024-01-15,D2C,R_N,SKU_CC_500,C00001,,1.5,1.5,1600,fulfilled,2024-01-17,2024-01-17
O000049,2024-01-15,D2C,R_N,SKU_CC_500,C00018,,1.5,1.5,1600,fulfilled,2024-01-17,2024-01-17
O000055,2024-01-15,D2C,R_S,SKU_CC_500,C00011,,1.5,1.5,1600,fulfilled,2024-01-17,2024-01-17
O000056,2024-01-15,D2C,R_S,SKU_CC_500,C00034,,1.5,1.5,1600,fulfilled,2024-01-17,2024-01-17
O006196,2024-01-15,B2B,R_N,SKU_CC_500,,ACC_DIST,82.5,82.5,1250,fulfilled,2024-01-18,2024-01-18
O000045,2024-01-16,D2C,R_N,SKU_CC_500,C00000,,0.5,0.5,1600,fulfilled,2024-01-18,2024-01-18
O000054,2024-01-16,D2C,R_S,SKU_CC_500,C00037,,2.0,2.0,1600,fulfilled,2024-01-18,2024-01-18
O000057,2024-01-16,D2C,R_S,SKU_CC_500,C00012,,2.0,2.0,1600,fulfilled,2024-01-18,2024-01-18
O000058,2024-01-16,D2C,R_S,SKU_CC_500,C00023,,1.5,1.5,1600,fulfilled,2024-01-18,2024-01-18
O000040,2024-01-17,D2C,R_N,SKU_CC_500,C00031,,1.5,1.5,1600,fulfilled,2024-01-19,2024-01-19
O000043,2024-01-17,D2C,R_N,SKU_CC_500,C00030,,0.5,0.5,1600,fulfilled,2024-01-19,2024-01-19
O000059,2024-01-17,D2C,R_S,SKU_CC_500,C00021,,2.0,2.0,1600,fulfilled,2024-01-19,2024-01-19
O000042,2024-01-18,D2C,R_N,SKU_CC_500,C00019,,1.5,1.5,1600,fulfilled,2024-01-20,2024-01-20
O000046,2024-01-18,D2C,R_N,SKU_CC_500,C00032,,1.5,1.5,1600,fulfilled,2024-01-20,2024-01-20
O000048,2024-01-18,D2C,R_N,SKU_CC_500,C00029,,0.5,0.5,1600,fulfilled,2024-01-20,2024-01-20
O000050,2024-01-18,D2C,R_N,SKU_CC_500,C00029,,1.5,1.5,1600,fulfilled,2024-01-20,2024-01-20
O000053,2024-01-18,D2C,R_S,SKU_CC_500,C00038,,1.5,1.5,1600,fulfilled,2024-01-20,2024-01-20
O000052,2024-01-19,D2C,R_N,SKU_CC_500,C00029,,2.0,2.0,1600,fulfilled,2024-01-21,2024-01-21
O000060,2024-01-19,D2C,R_S,SKU_CC_500,C00036,,0.5,0.5,1600,fulfilled,2024-01-21,2024-01-21
O000044,2024-01-21,D2C,R_N,SKU_CC_500,C00033,,1.0,1.0,1600,fulfilled,2024-01-23,2024-01-23
O000047,2024-01-21,D2C,R_N,SKU_CC_500,C00002,,0.5,0.5,1600,fulfilled,2024-01-23,2024-01-23
O000051,2024-01-21,D2C,R_N,SKU_CC_500,C00013,,0.5,0.5,1600,fulfilled,2024-01-23,2024-01-23
O000071,2024-01-22,D2C,R_N,SKU_CC_500,C00000,,0.5,0.5,1600,fulfilled,2024-01-24,2024-01-24
O000075,2024-01-22,D2C,R_S,SKU_CC_500,C00011,,1.0,1.0,1600,fulfilled,2024-01-24,2024-01-24
O000079,2024-01-22,D2C,R_S,SKU_CC_500,C00023,,1.0,1.0,1600,fulfilled,2024-01-24,2024-01-24
O000080,2024-01-22,D2C,R_S,SKU_CC_500,C00048,,2.0,2.0,1600,fulfilled,2024-01-24,2024-01-24
O006197,2024-01-22,B2B,R_N,SKU_CC_500,,ACC_DIST,92.5,92.5,1250,fulfilled,2024-01-25,2024-01-25
O000065,2024-01-23,D2C,R_N,SKU_CC_500,C00013,,2.0,2.0,1600,fulfilled,2024-01-25,2024-01-25
O000082,2024-01-23,D2C,R_S,SKU_CC_500,C00011,,0.5,0.5,1600,fulfilled,2024-01-25,2024-01-25
O000063,2024-01-24,D2C,R_N,SKU_CC_500,C00032,,1.5,1.5,1600,fulfilled,2024-01-26,2024-01-26
O000073,2024-01-24,D2C,R_N,SKU_CC_500,C00032,,0.5,0.5,1600,fulfilled,2024-01-26,2024-01-26
O000070,2024-01-25,D2C,R_N,SKU_CC_500,C00028,,1.0,1.0,1600,fulfilled,2024-01-27,2024-01-27
O000061,2024-01-26,D2C,R_N,SKU_CC_500,C00014,,2.0,2.0,1600,fulfilled,2024-01-28,2024-01-28
O000067,2024-01-26,D2C,R_N,SKU_CC_500,C00005,,0.5,0.5,1600,fulfilled,2024-01-28,2024-01-28
O000062,2024-01-27,D2C,R_N,SKU_CC_500,C00013,,1.0,1.0,1600,fulfilled,2024-01-29,2024-01-29
O000064,2024-01-27,D2C,R_N,SKU_CC_500,C00017,,1.5,1.5,1600,fulfilled,2024-01-29,2024-01-29
O000068,2024-01-27,D2C,R_N,SKU_CC_500,C00005,,2.0,2.0,1600,fulfilled,2024-01-29,2024-01-29
O000069,2024-01-27,D2C,R_N,SKU_CC_500,C00043,,1.0,1.0,1600,fulfilled,2024-01-29,2024-01-29
O000072,2024-01-27,D2C,R_N,SKU_CC_500,C00039,,1.0,1.0,1600,fulfilled,2024-01-29,2024-01-29
O000074,2024-01-27,D2C,R_N,SKU_CC_500,C00013,,0.5,0.5,1600,fulfilled,2024-01-29,2024-01-29
O000077,2024-01-27,D2C,R_S,SKU_CC_500,C00049,,1.5,1.5,1600,fulfilled,2024-01-29,2024-01-29
O000078,2024-01-27,D2C,R_S,SKU_CC_500,C00034,,1.0,1.0,1600,fulfilled,2024-01-29,2024-01-29
O000066,2024-01-28,D2C,R_N,SKU_CC_500,C00020,,1.0,1.0,1600,fulfilled,2024-01-30,2024-01-30
O000076,2024-01-28,D2C,R_S,SKU_CC_500,C00034,,1.0,1.0,1600,fulfilled,2024-01-30,2024-01-30
O000081,2024-01-28,D2C,R_S,SKU_CC_500,C00048,,0.5,0.5,1600,fulfilled,2024-01-30,2024-01-30
O000086,2024-01-29,D2C,R_N,SKU_CC_500,C00019,,2.0,2.0,1600,fulfilled,2024-01-31,2024-01-31
O000090,2024-01-29,D2C,R_N,SKU_CC_500,C00004,,1.0,1.0,1600,fulfilled,2024-01-31,2024-01-31
O006198,2024-01-29,B2B,R_N,SKU_CC_500,,ACC_DIST,77.4,77.4,1250,fulfilled,2024-02-01,2024-02-01
O000083,2024-01-30,D2C,R_N,SKU_CC_500,C00006,,1.5,1.5,1600,fulfilled,2024-02-01,2024-02-01
O000084,2024-01-30,D2C,R_N,SKU_CC_500,C00041,,0.5,0.5,1600,fulfilled,2024-02-01,2024-02-01
O000088,2024-01-30,D2C,R_N,SKU_CC_500,C00029,,1.5,1.5,1600,fulfilled,2024-02-01,2024-02-01
O000097,2024-01-30,D2C,R_S,SKU_CC_500,C00011,,0.5,0.5,1600,fulfilled,2024-02-01,2024-02-01
O000091,2024-01-31,D2C,R_N,SKU_CC_500,C00055,,2.0,2.0,1600,fulfilled,2024-02-02,2024-02-02
O000093,2024-01-31,D2C,R_N,SKU_CC_500,C00045,,0.5,0.5,1600,fulfilled,2024-02-02,2024-02-02
O000094,2024-01-31,D2C,R_N,SKU_CC_500,C00013,,2.0,2.0,1600,fulfilled,2024-02-02,2024-02-02
O000101,2024-01-31,D2C,R_S,SKU_CC_500,C00008,,1.5,1.5,1600,fulfilled,2024-02-02,2024-02-02
O000103,2024-01-31,D2C,R_S,SKU_CC_500,C00064,,0.5,0.5,1600,fulfilled,2024-02-02,2024-02-02
O000089,2024-02-01,D2C,R_N,SKU_CC_500,C00004,,2.0,2.0,1600,fulfilled,2024-02-03,2024-02-03
O000092,2024-02-01,D2C,R_N,SKU_CC_500,C00017,,1.5,1.5,1600,fulfilled,2024-02-03,2024-02-03
O000104,2024-02-01,D2C,R_S,SKU_CC_500,C00022,,1.0,1.0,1600,fulfilled,2024-02-03,2024-02-03
O000087,2024-02-02,D2C,R_N,SKU_CC_500,C00043,,0.5,0.5,1600,fulfilled,2024-02-04,2024-02-04
O000095,2024-02-02,D2C,R_N,SKU_CC_500,C00040,,2.0,2.0,1600,fulfilled,2024-02-04,2024-02-04
O000102,2024-02-02,D2C,R_S,SKU_CC_500,C00012,,0.5,0.5,1600,fulfilled,2024-02-04,2024-02-04
O000085,2024-02-03,D2C,R_N,SKU_CC_500,C00056,,1.5,1.5,1600,fulfilled,2024-02-05,2024-02-05
O000096,2024-02-03,D2C,R_N,SKU_CC_500,C00001,,2.0,2.0,1600,fulfilled,2024-02-05,2024-02-05
O000098,2024-02-03,D2C,R_S,SKU_CC_500,C00012,,0.5,0.5,1600,fulfilled,2024-02-05,2024-02-05
O000099,2024-02-03,D2C,R_S,SKU_CC_500,C00021,,1.5,1.5,1600,fulfilled,2024-02-05,2024-02-05
O000100,2024-02-03,D2C,R_S,SKU_CC_500,C00048,,1.0,1.0,1600,fulfilled,2024-02-05,2024-02-05
O000108,2024-02-05,D2C,R_N,SKU_CC_500,C00003,,1.0,1.0,1600,fulfilled,2024-02-07,2024-02-07
O000128,2024-02-05,D2C,R_S,SKU_CC_500,C00061,,1.5,1.5,1600,fulfilled,2024-02-07,2024-02-07
O006199,2024-02-05,B2B,R_N,SKU_CC_500,,ACC_DIST,76.8,76.8,1250,fulfilled,2024-02-08,2024-02-08
O000113,2024-02-06,D2C,R_N,SKU_CC_500,C00017,,1.5,1.5,1600,fulfilled,2024-02-08,2024-02-08
O000116,2024-02-06,D2C,R_N,SKU_CC_500,C00046,,1.5,1.5,1600,fulfilled,2024-02-08,2024-02-08
O000117,2024-02-06,D2C,R_N,SKU_CC_500,C00066,,0.5,0.5,1600,fulfilled,2024-02-08,2024-02-08
O000118,2024-02-06,D2C,R_N,SKU_CC_500,C00004,,1.0,1.0,1600,fulfilled,2024-02-08,2024-02-08
O000111,2024-02-07,D2C,R_N,SKU_CC_500,C00016,,1.5,1.5,1600,fulfilled,2024-02-09,2024-02-09
O000122,2024-02-07,D2C,R_S,SKU_CC_500,C00062,,1.0,1.0,1600,fulfilled,2024-02-09,2024-02-09
O000125,2024-02-07,D2C,R_S,SKU_CC_500,C00064,,2.0,2.0,1600,fulfilled,2024-02-09,2024-02-09
O000109,2024-02-08,D2C,R_N,SKU_CC_500,C00040,,2.0,2.0,1600,fulfilled,2024-02-10,2024-02-10
O000112,2024-02-08,D2C,R_N,SKU_CC_500,C00042,,1.0,1.0,1600,fulfilled,2024-02-10,2024-02-10
O000114,2024-02-08,D2C,R_N,SKU_CC_500,C00020,,0.5,0.5,1600,fulfilled,2024-02-10,2024-02-10
O000119,2024-02-08,D2C,R_N,SKU_CC_500,C00007,,2.0,2.0,1600,fulfilled,2024-02-10,2024-02-10
O000121,2024-02-08,D2C,R_S,SKU_CC_500,C00025,,1.5,1.5,1600,fulfilled,2024-02-10,2024-02-10
O000123,2024-02-08,D2C,R_S,SKU_CC_500,C00008,,2.0,2.0,1600,fulfilled,2024-02-10,2024-02-10
O000127,2024-02-08,D2C,R_S,SKU_CC_500,C00061,,1.5,1.5,1600,fulfilled,2024-02-10,2024-02-10
O000106,2024-02-09,D2C,R_N,SKU_CC_500,C00071,,0.5,0.5,1600,fulfilled,2024-02-11,2024-02-11
O000105,2024-02-10,D2C,R_N,SKU_CC_500,C00004,,1.5,1.5,1600,fulfilled,2024-02-12,2024-02-12
O000110,2024-02-10,D2C,R_N,SKU_CC_500,C00055,,1.0,1.0,1600,fulfilled,2024-02-12,2024-02-12
O000126,2024-02-10,D2C,R_S,SKU_CC_500,C00051,,1.5,1.5,1600,fulfilled,2024-02-12,2024-02-12
O000107,2024-02-11,D2C,R_N,SKU_CC_500,C00002,,1.5,1.5,1600,fulfilled,2024-02-13,2024-02-13
O000115,2024-02-11,D2C,R_N,SKU_CC_500,C00000,,1.0,1.0,1600,fulfilled,2024-02-13,2024-02-13
O000120,2024-02-11,D2C,R_S,SKU_CC_500,C00023,,2.0,2.0,1600,fulfilled,2024-02-13,2024-02-13
O000124,2024-02-11,D2C,R_S,SKU_CC_500,C00035,,1.5,1.5,1600,fulfilled,2024-02-13,2024-02-13
O000129,2024-02-12,D2C,R_N,SKU_CC_500,C00044,,2.0,2.0,1600,fulfilled,2024-02-14,2024-02-14
O000145,2024-02-12,D2C,R_S,SKU_CC_500,C00036,,2.0,2.0,1600,fulfilled,2024-02-14,2024-02-14
O006200,2024-02-12,B2B,R_N,SKU_CC_500,,ACC_DIST,89.8,89.8,1250,fulfilled,2024-02-15,2024-02-15
O000131,2024-02-13,D2C,R_N,SKU_CC_500,C00084,,1.0,1.0,1600,fulfilled,2024-02-15,2024-02-15
O000132,2024-02-13,D2C,R_N,SKU_CC_500,C00015,,1.5,1.5,1600,fulfilled,2024-02-15,2024-02-15
O000134,2024-02-13,D2C,R_N,SKU_CC_500,C00020,,1.5,1.5,1600,fulfilled,2024-02-15,2024-02-15
O000135,2024-02-13,D2C,R_N,SKU_CC_500,C00014,,0.5,0.5,1600,fulfilled,2024-02-15,2024-02-15
O000142,2024-02-13,D2C,R_N,SKU_CC_500,C00072,,2.0,2.0,1600,fulfilled,2024-02-15,2024-02-15
O000147,2024-02-13,D2C,R_S,SKU_CC_500,C00010,,0.5,0.5,1600,fulfilled,2024-02-15,2024-02-15
O000151,2024-02-13,D2C,R_S,SKU_CC_500,C00062,,2.0,2.0,1600,fulfilled,2024-02-15,2024-02-15
O000139,2024-02-14,D2C,R_N,SKU_CC_500,C00069,,0.5,0.5,1600,fulfilled,2024-02-16,2024-02-16
O000143,2024-02-14,D2C,R_N,SKU_CC_500,C00017,,2.0,2.0,1600,fulfilled,2024-02-16,2024-02-16
O000141,2024-02-15,D2C,R_N,SKU_CC_500,C00000,,2.0,2.0,1600,fulfilled,2024-02-17,2024-02-17
O000133,2024-02-16,D2C,R_N,SKU_CC_500,C00080,,1.5,1.5,1600,fulfilled,2024-02-18,2024-02-18
O000138,2024-02-16,D2C,R_N,SKU_CC_500,C00042,,1.5,1.5,1600,fulfilled,2024-02-18,2024-02-18
O000146,2024-02-16,D2C,R_S,SKU_CC_500,C00038,,0.5,0.5,1600,fulfilled,2024-02-18,2024-02-18
O000148,2024-02-16,D2C,R_S,SKU_CC_500,C00063,,1.0,1.0,1600,fulfilled,2024-02-18,2024-02-18
O000149,2024-02-16,D2C,R_S,SKU_CC_500,C00012,,1.5,1.5,1600,fulfilled,2024-02-18,2024-02-18
O000152,2024-02-16,D2C,R_S,SKU_CC_500,C00060,,1.5,1.5,1600,fulfilled,2024-02-18,2024-02-18
O000130,2024-02-17,D2C,R_N,SKU_CC_500,C00013,,1.5,1.5,1600,fulfilled,2024-02-19,2024-02-19
O000136,2024-02-17,D2C,R_N,SKU_CC_500,C00028,,0.5,0.5,1600,fulfilled,2024-02-19,2024-02-19
O000144,2024-02-17,D2C,R_S,SKU_CC_500,C00009,,1.5,1.5,1600,fulfilled,2024-02-19,2024-02-19
O000137,2024-02-18,D2C,R_N,SKU_CC_500,C00029,,0.5,0.5,1600,fulfilled,2024-02-20,2024-02-20
O000140,2024-02-18,D2C,R_N,SKU_CC_500,C00026,,1.5,1.5,1600,fulfilled,2024-02-20,2024-02-20
O000150,2024-02-18,D2C,R_S,SKU_CC_500,C00049,,1.0,1.0,1600,fulfilled,2024-02-20,2024-02-20
O000156,2024-02-19,D2C,R_N,SKU_CC_500,C00081,,2.0,2.0,1600,fulfilled,2024-02-21,2024-02-21
O000165,2024-02-19,D2C,R_N,SKU_CC_500,C00028,,2.0,2.0,1600,fulfilled,2024-02-21,2024-02-21
O000167,2024-02-19,D2C,R_N,SKU_CC_500,C00041,,1.0,1.0,1600,fulfilled,2024-02-21,2024-02-21
O006201,2024-02-19,B2B,R_N,SKU_CC_500,,ACC_DIST,104.5,104.5,1250,fulfilled,2024-02-22,2024-02-22
O000157,2024-02-20,D2C,R_N,SKU_CC_500,C00004,,1.0,1.0,1600,fulfilled,2024-02-22,2024-02-22
O000161,2024-02-21,D2C,R_N,SKU_CC_500,C00005,,1.5,1.5,1600,fulfilled,2024-02-23,2024-02-23
O000164,2024-02-21,D2C,R_N,SKU_CC_500,C00095,,0.5,0.5,1600,fulfilled,2024-02-23,2024-02-23
O000169,2024-02-21,D2C,R_S,SKU_CC_500,C00103,,1.0,1.0,1600,fulfilled,2024-02-23,2024-02-23
O000173,2024-02-22,D2C,R_S,SKU_CC_500,C00087,,2.0,2.0,1600,fulfilled,2024-02-24,2024-02-24
O000175,2024-02-22,D2C,R_S,SKU_CC_500,C00049,,1.5,1.5,1600,fulfilled,2024-02-24,2024-02-24
O000177,2024-02-22,D2C,R_S,SKU_CC_500,C00089,,0.5,0.5,1600,fulfilled,2024-02-24,2024-02-24
O000155,2024-02-23,D2C,R_N,SKU_CC_500,C00013,,1.0,1.0,1600,fulfilled,2024-02-25,2024-02-25
O000159,2024-02-23,D2C,R_N,SKU_CC_500,C00054,,1.5,1.5,1600,fulfilled,2024-02-25,2024-02-25
O000168,2024-02-23,D2C,R_N,SKU_CC_500,C00042,,1.5,1.5,1600,fulfilled,2024-02-25,2024-02-25
O000171,2024-02-23,D2C,R_S,SKU_CC_500,C00010,,1.5,1.5,1600,fulfilled,2024-02-25,2024-02-25
O000176,2024-02-23,D2C,R_S,SKU_CC_500,C00036,,1.5,1.5,1600,fulfilled,2024-02-25,2024-02-25
O000153,2024-02-24,D2C,R_N,SKU_CC_500,C00013,,1.5,1.5,1600,fulfilled,2024-02-26,2024-02-26
O000154,2024-02-24,D2C,R_N,SKU_CC_500,C00005,,2.0,2.0,1600,fulfilled,2024-02-26,2024-02-26
O000158,2024-02-24,D2C,R_N,SKU_CC_500,C00006,,1.0,1.0,1600,fulfilled,2024-02-26,2024-02-26
O000162,2024-02-24,D2C,R_N,SKU_CC_500,C00031,,0.5,0.5,1600,fulfilled,2024-02-26,2024-02-26
O000166,2024-02-24,D2C,R_N,SKU_CC_500,C00003,,2.0,2.0,1600,fulfilled,2024-02-26,2024-02-26
O000170,2024-02-24,D2C,R_S,SKU_CC_500,C00021,,1.5,1.5,1600,fulfilled,2024-02-26,2024-02-26
O000174,2024-02-24,D2C,R_S,SKU_CC_500,C00101,,2.0,2.0,1600,fulfilled,2024-02-26,2024-02-26
O000160,2024-02-25,D2C,R_N,SKU_CC_500,C00020,,1.5,1.5,1600,fulfilled,2024-02-27,2024-02-27
O000163,2024-02-25,D2C,R_N,SKU_CC_500,C00043,,1.0,1.0,1600,fulfilled,2024-02-27,2024-02-27
O000172,2024-02-25,D2C,R_S,SKU_CC_500,C00022,,1.5,1.5,1600,fulfilled,2024-02-27,2024-02-27
O000180,2024-02-26,D2C,R_N,SKU_CC_500,C00031,,1.0,1.0,1600,fulfilled,2024-02-28,2024-02-28
O000181,2024-02-26,D2C,R_N,SKU_CC_500,C00095,,0.5,0.5,1600,fulfilled,2024-02-28,2024-02-28
O000194,2024-02-26,D2C,R_N,SKU_CC_500,C00030,,1.0,1.0,1600,fulfilled,2024-02-28,2024-02-28
O000201,2024-02-26,D2C,R_S,SKU_CC_500,C00047,,1.0,1.0,1600,fulfilled,2024-02-28,2024-02-28
O000203,2024-02-26,D2C,R_S,SKU_CC_500,C00050,,1.5,1.5,1600,fulfilled,2024-02-28,2024-02-28
O006202,2024-02-26,B2B,R_N,SKU_CC_500,,ACC_DIST,80.3,80.3,1250,fulfilled,2024-02-29,2024-02-29
O000189,2024-02-27,D2C,R_N,SKU_CC_500,C00043,,2.0,2.0,1600,fulfilled,2024-02-29,2024-02-29
O000200,2024-02-27,D2C,R_S,SKU_CC_500,C00073,,1.5,1.5,1600,fulfilled,2024-02-29,2024-02-29
O000202,2024-02-27,D2C,R_S,SKU_CC_500,C00035,,1.5,1.5,1600,fulfilled,2024-02-29,2024-02-29
O000178,2024-02-28,D2C,R_N,SKU_CC_500,C00110,,0.5,0.5,1600,fulfilled,2024-03-01,2024-03-01
O000187,2024-02-28,D2C,R_N,SKU_CC_500,C00094,,2.0,2.0,1600,fulfilled,2024-03-01,2024-03-01
O000190,2024-02-28,D2C,R_N,SKU_CC_500,C00111,,0.5,0.5,1600,fulfilled,2024-03-01,2024-03-01
O000198,2024-02-28,D2C,R_S,SKU_CC_500,C00103,,1.0,1.0,1600,fulfilled,2024-03-01,2024-03-01
O000199,2024-02-28,D2C,R_S,SKU_CC_500,C00011,,1.0,1.0,1600,fulfilled,2024-03-01,2024-03-01
O000179,2024-02-29,D2C,R_N,SKU_CC_500,C00104,,1.5,1.5,1600,fulfilled,2024-03-02,2024-03-02
O000191,2024-02-29,D2C,R_N,SKU_CC_500,C00109,,1.5,1.5,1600,fulfilled,2024-03-02,2024-03-02
O000192,2024-02-29,D2C,R_N,SKU_CC_500,C00043,,1.0,1.0,1600,fulfilled,2024-03-02,2024-03-02
O000193,2024-02-29,D2C,R_N,SKU_CC_500,C00020,,1.0,1.0,1600,fulfilled,2024-03-02,2024-03-02
O000195,2024-02-29,D2C,R_S,SKU_CC_500,C00099,,0.5,0.5,1600,fulfilled,2024-03-02,2024-03-02
O000183,2024-03-01,D2C,R_N,SKU_CC_500,C00083,,2.0,2.0,1600,fulfilled,2024-03-03,2024-03-03
O000197,2024-03-01,D2C,R_S,SKU_CC_500,C00073,,1.0,1.0,1600,fulfilled,2024-03-03,2024-03-03
O000184,2024-03-02,D2C,R_N,SKU_CC_500,C00079,,0.5,0.5,1600,fulfilled,2024-03-04,2024-03-04
O000185,2024-03-02,D2C,R_N,SKU_CC_500,C00045,,0.5,0.5,1600,fulfilled,2024-03-04,2024-03-04
O000188,2024-03-02,D2C,R_N,SKU_CC_500,C00046,,0.5,0.5,1600,fulfilled,2024-03-04,2024-03-04
O000204,2024-03-02,D2C,R_S,SKU_CC_500,C00012,,0.5,0.5,1600,fulfilled,2024-03-04,2024-03-04
O000182,2024-03-03,D2C,R_N,SKU_CC_500,C00031,,1.0,1.0,1600,fulfilled,2024-03-05,2024-03-05
O000186,2024-03-03,D2C,R_N,SKU_CC_500,C00040,,2.0,2.0,1600,fulfilled,2024-03-05,2024-03-05
O000196,2024-03-03,D2C,R_S,SKU_CC_500,C00103,,1.0,1.0,1600,fulfilled,2024-03-05,2024-03-05
O000219,2024-03-04,D2C,R_N,SKU_CC_500,C00002,,1.5,1.5,1600,fulfilled,2024-03-06,2024-03-06
O006203,2024-03-04,B2B,R_N,SKU_CC_500,,ACC_DIST,81.3,81.3,1250,fulfilled,2024-03-07,2024-03-07
O006304,2024-03-04,B2B,R_S,SKU_CC_500,,ACC_REST,16.6,16.6,1400,fulfilled,2024-03-07,2024-03-07
O000205,2024-03-05,D2C,R_N,SKU_CC_500,C00095,,0.5,0.5,1600,fulfilled,2024-03-07,2024-03-07
O000212,2024-03-05,D2C,R_N,SKU_CC_500,C00066,,1.0,1.0,1600,fulfilled,2024-03-07,2024-03-07
O000216,2024-03-05,D2C,R_N,SKU_CC_500,C00092,,1.0,1.0,1600,fulfilled,2024-03-07,2024-03-07
O000217,2024-03-06,D2C,R_N,SKU_CC_500,C00055,,0.5,0.5,1600,fulfilled,2024-03-08,2024-03-08
O000225,2024-03-06,D2C,R_S,SKU_CC_500,C00129,,2.0,2.0,1600,fulfilled,2024-03-08,2024-03-08
O000231,2024-03-06,D2C,R_S,SKU_CC_500,C00115,,1.0,1.0,1600,fulfilled,2024-03-08,2024-03-08
O000208,2024-03-07,D2C,R_N,SKU_CC_500,C00118,,2.0,2.0,1600,fulfilled,2024-03-09,2024-03-09
O000209,2024-03-07,D2C,R_N,SKU_CC_500,C00058,,1.0,1.0,1600,fulfilled,2024-03-09,2024-03-09
O000226,2024-03-07,D2C,R_S,SKU_CC_500,C00036,,0.5,0.5,1600,fulfilled,2024-03-09,2024-03-09
O000206,2024-03-08,D2C,R_N,SKU_CC_500,C00094,,1.0,1.0,1600,fulfilled,2024-03-10,2024-03-10
O000207,2024-03-08,D2C,R_N,SKU_CC_500,C00095,,0.5,0.5,1600,fulfilled,2024-03-10,2024-03-10
O000211,2024-03-08,D2C,R_N,SKU_CC_500,C00039,,1.0,1.0,1600,fulfilled,2024-03-10,2024-03-10
O000213,2024-03-08,D2C,R_N,SKU_CC_500,C00042,,1.5,1.5,1600,fulfilled,2024-03-10,2024-03-10
O000220,2024-03-08,D2C,R_N,SKU_CC_500,C00118,,1.5,1.5,1600,fulfilled,2024-03-10,2024-03-10
O000224,2024-03-08,D2C,R_S,SKU_CC_500,C00112,,1.5,1.5,1600,fulfilled,2024-03-10,2024-03-10
O000210,2024-03-09,D2C,R_N,SKU_CC_500,C00002,,0.5,0.5,1600,fulfilled,2024-03-11,2024-03-11
O000214,2024-03-09,D2C,R_N,SKU_CC_500,C00046,,1.5,1.5,1600,fulfilled,2024-03-11,2024-03-11
O000215,2024-03-09,D2C,R_N,SKU_CC_500,C00007,,1.5,1.5,1600,fulfilled,2024-03-11,2024-03-11
O000221,2024-03-09,D2C,R_N,SKU_CC_500,C00028,,1.5,1.5,1600,fulfilled,2024-03-11,2024-03-11
O000228,2024-03-09,D2C,R_S,SKU_CC_500,C00034,,1.0,1.0,1600,fulfilled,2024-03-11,2024-03-11
O000229,2024-03-09,D2C,R_S,SKU_CC_500,C00012,,1.0,1.0,1600,fulfilled,2024-03-11,2024-03-11
O000230,2024-03-09,D2C,R_S,SKU_CC_500,C00099,,0.5,0.5,1600,fulfilled,2024-03-11,2024-03-11
O000218,2024-03-10,D2C,R_N,SKU_CC_500,C00110,,2.0,2.0,1600,fulfilled,2024-03-12,2024-03-12
O000222,2024-03-10,D2C,R_S,SKU_CC_500,C00127,,0.5,0.5,1600,fulfilled,2024-03-12,2024-03-12
O000223,2024-03-10,D2C,R_S,SKU_CC_500,C00088,,1.5,1.5,1600,fulfilled,2024-03-12,2024-03-12
O000227,2024-03-10,D2C,R_S,SKU_CC_500,C00087,,1.5,1.5,1600,fulfilled,2024-03-12,2024-03-12
O000232,2024-03-11,D2C,R_N,SKU_CC_500,C00120,,1.0,1.0,1600,fulfilled,2024-03-13,2024-03-13
O000235,2024-03-11,D2C,R_N,SKU_CC_500,C00016,,1.0,1.0,1600,fulfilled,2024-03-13,2024-03-13
O000239,2024-03-11,D2C,R_N,SKU_CC_500,C00000,,1.5,1.5,1600,fulfilled,2024-03-13,2024-03-13
O000257,2024-03-11,D2C,R_S,SKU_CC_500,C00022,,0.5,0.5,1600,fulfilled,2024-03-13,2024-03-13
O006204,2024-03-11,B2B,R_N,SKU_CC_500,,ACC_DIST,81.2,81.2,1250,fulfilled,2024-03-14,2024-03-14
O006305,2024-03-11,B2B,R_S,SKU_CC_500,,ACC_REST,16.5,16.5,1400,fulfilled,2024-03-14,2024-03-14
O000236,2024-03-12,D2C,R_N,SKU_CC_500,C00111,,1.0,1.0,1600,fulfilled,2024-03-14,2024-03-14
O000256,2024-03-12,D2C,R_S,SKU_CC_500,C00140,,1.0,1.0,1600,fulfilled,2024-03-14,2024-03-14
O000240,2024-03-13,D2C,R_N,SKU_CC_500,C00085,,1.0,1.0,1600,fulfilled,2024-03-15,2024-03-15
O000245,2024-03-13,D2C,R_N,SKU_CC_500,C00133,,0.5,0.5,1600,fulfilled,2024-03-15,2024-03-15
O000246,2024-03-13,D2C,R_N,SKU_CC_500,C00083,,0.5,0.5,1600,fulfilled,2024-03-15,2024-03-15
O000258,2024-03-13,D2C,R_S,SKU_CC_500,C00129,,1.5,1.5,1600,fulfilled,2024-03-15,2024-03-15
O000259,2024-03-13,D2C,R_S,SKU_CC_500,C00140,,1.5,1.5,1600,fulfilled,2024-03-15,2024-03-15
O000244,2024-03-14,D2C,R_N,SKU_CC_500,C00137,,0.5,0.5,1600,fulfilled,2024-03-16,2024-03-16
O000247,2024-03-14,D2C,R_N,SKU_CC_500,C00042,,1.5,1.5,1600,fulfilled,2024-03-16,2024-03-16
O000248,2024-03-14,D2C,R_N,SKU_CC_500,C00065,,2.0,2.0,1600,fulfilled,2024-03-16,2024-03-16
O000249,2024-03-14,D2C,R_N,SKU_CC_500,C00105,,2.0,2.0,1600,fulfilled,2024-03-16,2024-03-16
O000253,2024-03-14,D2C,R_S,SKU_CC_500,C00060,,0.5,0.5,1600,fulfilled,2024-03-16,2024-03-16
O000233,2024-03-15,D2C,R_N,SKU_CC_500,C00005,,2.0,2.0,1600,fulfilled,2024-03-17,2024-03-17
O000234,2024-03-15,D2C,R_N,SKU_CC_500,C00030,,1.0,1.0,1600,fulfilled,2024-03-17,2024-03-17
O000237,2024-03-15,D2C,R_N,SKU_CC_500,C00026,,1.0,1.0,1600,fulfilled,2024-03-17,2024-03-17
O000250,2024-03-15,D2C,R_S,SKU_CC_500,C00100,,2.0,2.0,1600,fulfilled,2024-03-17,2024-03-17
O000241,2024-03-16,D2C,R_N,SKU_CC_500,C00069,,0.5,0.5,1600,fulfilled,2024-03-18,2024-03-18
O000242,2024-03-16,D2C,R_N,SKU_CC_500,C00120,,1.0,1.0,1600,fulfilled,2024-03-18,2024-03-18
O000243,2024-03-16,D2C,R_N,SKU_CC_500,C00107,,1.5,1.5,1600,fulfilled,2024-03-18,2024-03-18
O000251,2024-03-16,D2C,R_S,SKU_CC_500,C00113,,2.0,2.0,1600,fulfilled,2024-03-18,2024-03-18
O000255,2024-03-16,D2C,R_S,SKU_CC_500,C00141,,1.0,1.0,1600,fulfilled,2024-03-18,2024-03-18
O000238,2024-03-17,D2C,R_N,SKU_CC_500,C00029,,0.5,0.5,1600,fulfilled,2024-03-19,2024-03-19
O000252,2024-03-17,D2C,R_S,SKU_CC_500,C00113,,1.5,1.5,1600,fulfilled,2024-03-19,2024-03-19
O000254,2024-03-17,D2C,R_S,SKU_CC_500,C00061,,0.5,0.5,1600,fulfilled,2024-03-19,2024-03-19
O000263,2024-03-18,D2C,R_N,SKU_CC_500,C00119,,1.5,1.5,1600,fulfilled,2024-03-20,2024-03-20
O000274,2024-03-18,D2C,R_N,SKU_CC_500,C00040,,1.0,1.0,1600,fulfilled,2024-03-20,2024-03-20
O000276,2024-03-18,D2C,R_N,SKU_CC_500,C00069,,1.0,1.0,1600,fulfilled,2024-03-20,2024-03-20
O000287,2024-03-18,D2C,R_S,SKU_CC_500,C00113,,1.0,1.0,1600,fulfilled,2024-03-20,2024-03-20
O006205,2024-03-18,B2B,R_N,SKU_CC_500,,ACC_DIST,76.6,76.6,1250,fulfilled,2024-03-21,2024-03-21
O006306,2024-03-18,B2B,R_S,SKU_CC_500,,ACC_REST,18.8,18.8,1400,fulfilled,2024-03-21,2024-03-21
O000272,2024-03-19,D2C,R_N,SKU_CC_500,C00092,,1.5,1.5,1600,fulfilled,2024-03-21,2024-03-21
O000283,2024-03-19,D2C,R_S,SKU_CC_500,C00009,,0.5,0.5,1600,fulfilled,2024-03-21,2024-03-21
O000286,2024-03-19,D2C,R_S,SKU_CC_500,C00087,,1.5,1.5,1600,fulfilled,2024-03-21,2024-03-21
O000264,2024-03-20,D2C,R_N,SKU_CC_500,C00046,,1.5,1.5,1600,fulfilled,2024-03-22,2024-03-22
O000266,2024-03-20,D2C,R_N,SKU_CC_500,C00137,,2.0,2.0,1600,fulfilled,2024-03-22,2024-03-22
O000273,2024-03-20,D2C,R_N,SKU_CC_500,C00093,,1.0,1.0,1600,fulfilled,2024-03-22,2024-03-22
O000281,2024-03-20,D2C,R_S,SKU_CC_500,C00075,,1.5,1.5,1600,fulfilled,2024-03-22,2024-03-22
O000285,2024-03-20,D2C,R_S,SKU_CC_500,C00037,,0.5,0.5,1600,fulfilled,2024-03-22,2024-03-22
O000262,2024-03-21,D2C,R_N,SKU_CC_500,C00110,,2.0,2.0,1600,fulfilled,2024-03-23,2024-03-23
O000271,2024-03-21,D2C,R_N,SKU_CC_500,C00122,,2.0,2.0,1600,fulfilled,2024-03-23,2024-03-23
O000275,2024-03-21,D2C,R_N,SKU_CC_500,C00093,,2.0,2.0,1600,fulfilled,2024-03-23,2024-03-23
O000261,2024-03-22,D2C,R_N,SKU_CC_500,C00017,,0.5,0.5,1600,fulfilled,2024-03-24,2024-03-24
O000265,2024-03-22,D2C,R_N,SKU_CC_500,C00091,,1.5,1.5,1600,fulfilled,2024-03-24,2024-03-24
O000270,2024-03-22,D2C,R_N,SKU_CC_500,C00016,,1.5,1.5,1600,fulfilled,2024-03-24,2024-03-24
O000278,2024-03-22,D2C,R_S,SKU_CC_500,C00050,,2.0,2.0,1600,fulfilled,2024-03-24,2024-03-24
O000279,2024-03-22,D2C,R_S,SKU_CC_500,C00152,,1.5,1.5,1600,fulfilled,2024-03-24,2024-03-24
O000288,2024-03-22,D2C,R_S,SKU_CC_500,C00138,,1.0,1.0,1600,fulfilled,2024-03-24,2024-03-24
O000267,2024-03-23,D2C,R_N,SKU_CC_500,C00068,,0.5,0.5,1600,fulfilled,2024-03-25,2024-03-25
O000280,2024-03-23,D2C,R_S,SKU_CC_500,C00114,,2.0,2.0,1600,fulfilled,2024-03-25,2024-03-25
O000282,2024-03-23,D2C,R_S,SKU_CC_500,C00089,,0.5,0.5,1600,fulfilled,2024-03-25,2024-03-25
O000284,2024-03-23,D2C,R_S,SKU_CC_500,C00036,,2.0,2.0,1600,fulfilled,2024-03-25,2024-03-25
O000260,2024-03-24,D2C,R_N,SKU_CC_500,C00082,,1.5,1.5,1600,fulfilled,2024-03-26,2024-03-26
O000268,2024-03-24,D2C,R_N,SKU_CC_500,C00003,,1.0,1.0,1600,fulfilled,2024-03-26,2024-03-26
O000269,2024-03-24,D2C,R_N,SKU_CC_500,C00144,,1.0,1.0,1600,fulfilled,2024-03-26,2024-03-26
O000277,2024-03-24,D2C,R_N,SKU_CC_500,C00081,,2.0,2.0,1600,fulfilled,2024-03-26,2024-03-26
O000290,2024-03-25,D2C,R_N,SKU_CC_500,C00015,,1.0,1.0,1600,fulfilled,2024-03-27,2024-03-27
O000292,2024-03-25,D2C,R_N,SKU_CC_500,C00156,,2.0,2.0,1600,fulfilled,2024-03-27,2024-03-27
O000296,2024-03-25,D2C,R_N,SKU_CC_500,C00111,,0.5,0.5,1600,fulfilled,2024-03-27,2024-03-27
O000307,2024-03-25,D2C,R_S,SKU_CC_500,C00063,,2.0,2.0,1600,fulfilled,2024-03-27,2024-03-27
O000308,2024-03-25,D2C,R_S,SKU_CC_500,C00022,,0.5,0.5,1600,fulfilled,2024-03-27,2024-03-27
O000316,2024-03-25,D2C,R_S,SKU_CC_500,C00166,,1.0,1.0,1600,fulfilled,2024-03-27,2024-03-27
O000317,2024-03-25,D2C,R_S,SKU_CC_500,C00100,,1.5,1.5,1600,fulfilled,2024-03-27,2024-03-27
O006206,2024-03-25,B2B,R_N,SKU_CC_500,,ACC_DIST,77.1,77.1,1250,fulfilled,2024-03-28,2024-03-28
O006307,2024-03-25,B2B,R_S,SKU_CC_500,,ACC_REST,16.0,16.0,1400,fulfilled,2024-03-28,2024-03-28
O000294,2024-03-26,D2C,R_N,SKU_CC_500,C00046,,1.0,1.0,1600,fulfilled,2024-03-28,2024-03-28
O000295,2024-03-26,D2C,R_N,SKU_CC_500,C00085,,0.5,0.5,1600,fulfilled,2024-03-28,2024-03-28
O000298,2024-03-26,D2C,R_N,SKU_CC_500,C00094,,0.5,0.5,1600,fulfilled,2024-03-28,2024-03-28
O000301,2024-03-26,D2C,R_N,SKU_CC_500,C00065,,1.0,1.0,1600,fulfilled,2024-03-28,2024-03-28
O000303,2024-03-26,D2C,R_N,SKU_CC_500,C00137,,2.0,2.0,1600,fulfilled,2024-03-28,2024-03-28
O000311,2024-03-26,D2C,R_S,SKU_CC_500,C00100,,2.0,2.0,1600,fulfilled,2024-03-28,2024-03-28
O000314,2024-03-26,D2C,R_S,SKU_CC_500,C00008,,0.5,0.5,1600,fulfilled,2024-03-28,2024-03-28
O000315,2024-03-26,D2C,R_S,SKU_CC_500,C00102,,1.5,1.5,1600,fulfilled,2024-03-28,2024-03-28
O000291,2024-03-27,D2C,R_N,SKU_CC_500,C00028,,0.5,0.5,1600,fulfilled,2024-03-29,2024-03-29
O000297,2024-03-27,D2C,R_N,SKU_CC_500,C00078,,2.0,2.0,1600,fulfilled,2024-03-29,2024-03-29
O000302,2024-03-28,D2C,R_N,SKU_CC_500,C00054,,1.0,1.0,1600,fulfilled,2024-03-30,2024-03-30
O000306,2024-03-28,D2C,R_N,SKU_CC_500,C00093,,2.0,2.0,1600,fulfilled,2024-03-30,2024-03-30
O000310,2024-03-28,D2C,R_S,SKU_CC_500,C00074,,1.0,1.0,1600,fulfilled,2024-03-30,2024-03-30
O000313,2024-03-28,D2C,R_S,SKU_CC_500,C00060,,2.0,2.0,1600,fulfilled,2024-03-30,2024-03-30
O000299,2024-03-29,D2C,R_N,SKU_CC_500,C00027,,0.5,0.5,1600,fulfilled,2024-03-31,2024-03-31
O000300,2024-03-29,D2C,R_N,SKU_CC_500,C00108,,1.0,1.0,1600,fulfilled,2024-03-31,2024-03-31
O000309,2024-03-29,D2C,R_S,SKU_CC_500,C00048,,1.5,1.5,1600,fulfilled,2024-03-31,2024-03-31
O000289,2024-03-30,D2C,R_N,SKU_CC_500,C00044,,2.0,2.0,1600,fulfilled,2024-04-01,2024-04-01
O000293,2024-03-30,D2C,R_N,SKU_CC_500,C00053,,1.5,1.5,1600,fulfilled,2024-04-01,2024-04-01
O000304,2024-03-30,D2C,R_N,SKU_CC_500,C00085,,0.5,0.5,1600,fulfilled,2024-04-01,2024-04-01
O000305,2024-03-31,D2C,R_N,SKU_CC_500,C00054,,1.5,1.5,1600,fulfilled,2024-04-02,2024-04-02
O000312,2024-03-31,D2C,R_S,SKU_CC_500,C00155,,1.0,1.0,1600,fulfilled,2024-04-02,2024-04-02
O000321,2024-04-01,D2C,R_N,SKU_CC_500,C00081,,2.0,2.0,1600,fulfilled,2024-04-03,2024-04-03
O000323,2024-04-01,D2C,R_N,SKU_CC_500,C00106,,2.0,2.0,1600,fulfilled,2024-04-03,2024-04-03
O000334,2024-04-01,D2C,R_N,SKU_CC_500,C00097,,2.0,2.0,1600,fulfilled,2024-04-03,2024-04-03
O000335,2024-04-01,D2C,R_N,SKU_CC_500,C00033,,0.5,0.5,1600,fulfilled,2024-04-03,2024-04-03
O000337,2024-04-01,D2C,R_S,SKU_CC_500,C00167,,1.0,1.0,1600,fulfilled,2024-04-03,2024-04-03
O000338,2024-04-01,D2C,R_S,SKU_CC_500,C00151,,0.5,0.5,1600,fulfilled,2024-04-03,2024-04-03
O000342,2024-04-01,D2C,R_S,SKU_CC_500,C00102,,1.0,1.0,1600,fulfilled,2024-04-03,2024-04-03
O006207,2024-04-01,B2B,R_N,SKU_CC_500,,ACC_DIST,84.2,84.2,1250,fulfilled,2024-04-04,2024-04-04
O006308,2024-04-01,B2B,R_S,SKU_CC_500,,ACC_REST,19.3,19.3,1400,fulfilled,2024-04-04,2024-04-04
O000330,2024-04-02,D2C,R_N,SKU_CC_500,C00072,,2.0,2.0,1600,fulfilled,2024-04-04,2024-04-04
O000336,2024-04-02,D2C,R_N,SKU_CC_500,C00108,,1.5,1.5,1600,fulfilled,2024-04-04,2024-04-04
O000328,2024-04-03,D2C,R_N,SKU_CC_500,C00032,,1.0,1.0,1600,fulfilled,2024-04-05,2024-04-05
O000332,2024-04-03,D2C,R_N,SKU_CC_500,C00055,,1.5,1.5,1600,fulfilled,2024-04-05,2024-04-05
O000333,2024-04-03,D2C,R_N,SKU_CC_500,C00173,,2.0,2.0,1600,fulfilled,2024-04-05,2024-04-05
O000346,2024-04-03,D2C,R_S,SKU_CC_500,C00076,,1.0,1.0,1600,fulfilled,2024-04-05,2024-04-05
O000318,2024-04-04,D2C,R_N,SKU_CC_500,C00079,,1.0,1.0,1600,fulfilled,2024-04-06,2024-04-06
O000324,2024-04-04,D2C,R_N,SKU_CC_500,C00016,,0.5,0.5,1600,fulfilled,2024-04-06,2024-04-06
O000327,2024-04-04,D2C,R_N,SKU_CC_500,C00157,,0.5,0.5,1600,fulfilled,2024-04-06,2024-04-06
O000343,2024-04-04,D2C,R_S,SKU_CC_500,C00012,,1.0,1.0,1600,fulfilled,2024-04-06,2024-04-06
O000320,2024-04-05,D2C,R_N,SKU_CC_500,C00105,,1.5,1.5,1600,fulfilled,2024-04-07,2024-04-07
O000326,2024-04-05,D2C,R_N,SKU_CC_500,C00052,,1.0,1.0,1600,fulfilled,2024-04-07,2024-04-07
O000341,2024-04-05,D2C,R_S,SKU_CC_500,C00086,,2.0,2.0,1600,fulfilled,2024-04-07,2024-04-07
O000319,2024-04-06,D2C,R_N,SKU_CC_500,C00070,,1.5,1.5,1600,fulfilled,2024-04-08,2024-04-08
O000331,2024-04-06,D2C,R_N,SKU_CC_500,C00149,,2.0,2.0,1600,fulfilled,2024-04-08,2024-04-08
O000339,2024-04-06,D2C,R_S,SKU_CC_500,C00113,,1.0,1.0,1600,fulfilled,2024-04-08,2024-04-08
O000345,2024-04-06,D2C,R_S,SKU_CC_500,C00022,,1.5,1.5,1600,fulfilled,2024-04-08,2024-04-08
O000322,2024-04-07,D2C,R_N,SKU_CC_500,C00171,,0.5,0.5,1600,fulfilled,2024-04-09,2024-04-09
O000325,2024-04-07,D2C,R_N,SKU_CC_500,C00002,,2.0,2.0,1600,fulfilled,2024-04-09,2024-04-09
O000329,2024-04-07,D2C,R_N,SKU_CC_500,C00069,,0.5,0.5,1600,fulfilled,2024-04-09,2024-04-09
O000340,2024-04-07,D2C,R_S,SKU_CC_500,C00099,,0.5,0.5,1600,fulfilled,2024-04-09,2024-04-09
O000344,2024-04-07,D2C,R_S,SKU_CC_500,C00074,,2.0,2.0,1600,fulfilled,2024-04-09,2024-04-09
O000347,2024-04-07,D2C,R_S,SKU_CC_500,C00076,,2.0,2.0,1600,fulfilled,2024-04-09,2024-04-09
O000350,2024-04-08,D2C,R_N,SKU_CC_500,C00159,,0.5,0.5,1600,fulfilled,2024-04-10,2024-04-10
O000354,2024-04-08,D2C,R_N,SKU_CC_500,C00104,,1.0,1.0,1600,fulfilled,2024-04-10,2024-04-10
O000355,2024-04-08,D2C,R_N,SKU_CC_500,C00176,,2.0,2.0,1600,fulfilled,2024-04-10,2024-04-10
O000356,2024-04-08,D2C,R_N,SKU_CC_500,C00131,,2.0,2.0,1600,fulfilled,2024-04-10,2024-04-10
O000359,2024-04-08,D2C,R_N,SKU_CC_500,C00065,,1.5,1.5,1600,fulfilled,2024-04-10,2024-04-10
O000360,2024-04-08,D2C,R_N,SKU_CC_500,C00188,,1.0,1.0,1600,fulfilled,2024-04-10,2024-04-10
O000368,2024-04-08,D2C,R_S,SKU_CC_500,C00075,,0.5,0.5,1600,fulfilled,2024-04-10,2024-04-10
O000369,2024-04-08,D2C,R_S,SKU_CC_500,C00062,,1.5,1.5,1600,fulfilled,2024-04-10,2024-04-10
O000372,2024-04-08,D2C,R_S,SKU_CC_500,C00063,,0.5,0.5,1600,fulfilled,2024-04-10,2024-04-10
O000373,2024-04-08,D2C,R_S,SKU_CC_500,C00113,,1.5,1.5,1600,fulfilled,2024-04-10,2024-04-10
O006208,2024-04-08,B2B,R_N,SKU_CC_500,,ACC_DIST,83.1,83.1,1250,fulfilled,2024-04-11,2024-04-11
O006309,2024-04-08,B2B,R_S,SKU_CC_500,,ACC_REST,15.3,15.3,1400,fulfilled,2024-04-11,2024-04-11
O000362,2024-04-09,D2C,R_N,SKU_CC_500,C00092,,2.0,2.0,1600,fulfilled,2024-04-11,2024-04-11
O000352,2024-04-10,D2C,R_N,SKU_CC_500,C00097,,1.5,1.5,1600,fulfilled,2024-04-12,2024-04-12
O000377,2024-04-10,D2C,R_S,SKU_CC_500,C00025,,1.5,1.5,1600,fulfilled,2024-04-12,2024-04-12
O000348,2024-04-11,D2C,R_N,SKU_CC_500,C00157,,1.0,1.0,1600,fulfilled,2024-04-13,2024-04-13
O000351,2024-04-11,D2C,R_N,SKU_CC_500,C00184,,0.5,0.5,1600,fulfilled,2024-04-13,2024-04-13
O000367,2024-04-11,D2C,R_S,SKU_CC_500,C00049,,1.5,1.5,1600,fulfilled,2024-04-13,2024-04-13
O000374,2024-04-11,D2C,R_S,SKU_CC_500,C00127,,0.5,0.5,1600,fulfilled,2024-04-13,2024-04-13
O000358,2024-04-12,D2C,R_N,SKU_CC_500,C00098,,1.0,1.0,1600,fulfilled,2024-04-14,2024-04-14
O000363,2024-04-12,D2C,R_N,SKU_CC_500,C00176,,1.0,1.0,1600,fulfilled,2024-04-14,2024-04-14
O000370,2024-04-12,D2C,R_S,SKU_CC_500,C00142,,1.0,1.0,1600,fulfilled,2024-04-14,2024-04-14
O000371,2024-04-12,D2C,R_S,SKU_CC_500,C00129,,1.0,1.0,1600,fulfilled,2024-04-14,2024-04-14
O000375,2024-04-12,D2C,R_S,SKU_CC_500,C00099,,2.0,2.0,1600,fulfilled,2024-04-14,2024-04-14
O000349,2024-04-13,D2C,R_N,SKU_CC_500,C00065,,1.0,1.0,1600,fulfilled,2024-04-15,2024-04-15
O000366,2024-04-13,D2C,R_N,SKU_CC_500,C00013,,1.0,1.0,1600,fulfilled,2024-04-15,2024-04-15
O000376,2024-04-13,D2C,R_S,SKU_CC_500,C00047,,1.0,1.0,1600,fulfilled,2024-04-15,2024-04-15
O000353,2024-04-14,D2C,R_N,SKU_CC_500,C00020,,1.0,1.0,1600,fulfilled,2024-04-16,2024-04-16
O000357,2024-04-14,D2C,R_N,SKU_CC_500,C00068,,1.5,1.5,1600,fulfilled,2024-04-16,2024-04-16
O000361,2024-04-14,D2C,R_N,SKU_CC_500,C00018,,2.0,2.0,1600,fulfilled,2024-04-16,2024-04-16
O000364,2024-04-14,D2C,R_N,SKU_CC_500,C00068,,0.5,0.5,1600,fulfilled,2024-04-16,2024-04-16
O000365,2024-04-14,D2C,R_N,SKU_CC_500,C00147,,1.5,1.5,1600,fulfilled,2024-04-16,2024-04-16
O000379,2024-04-15,D2C,R_N,SKU_CC_500,C00183,,1.0,1.0,1600,fulfilled,2024-04-17,2024-04-17
O000380,2024-04-15,D2C,R_N,SKU_CC_500,C00160,,1.5,1.5,1600,fulfilled,2024-04-17,2024-04-17
O000383,2024-04-15,D2C,R_N,SKU_CC_500,C00189,,2.0,2.0,1600,fulfilled,2024-04-17,2024-04-17
O000384,2024-04-15,D2C,R_N,SKU_CC_500,C00146,,2.0,2.0,1600,fulfilled,2024-04-17,2024-04-17
O000399,2024-04-15,D2C,R_S,SKU_CC_500,C00075,,1.5,1.5,1600,fulfilled,2024-04-17,2024-04-17
O000408,2024-04-15,D2C,R_S,SKU_CC_500,C00008,,0.5,0.5,1600,fulfilled,2024-04-17,2024-04-17
O006209,2024-04-15,B2B,R_N,SKU_CC_500,,ACC_DIST,92.9,92.9,1250,fulfilled,2024-04-18,2024-04-18
O006310,2024-04-15,B2B,R_S,SKU_CC_500,,ACC_REST,17.3,17.3,1400,fulfilled,2024-04-18,2024-04-18
O000394,2024-04-16,D2C,R_N,SKU_CC_500,C00122,,1.0,1.0,1600,fulfilled,2024-04-18,2024-04-18
O000396,2024-04-16,D2C,R_N,SKU_CC_500,C00081,,1.5,1.5,1600,fulfilled,2024-04-18,2024-04-18
O000403,2024-04-16,D2C,R_S,SKU_CC_500,C00152,,0.5,0.5,1600,fulfilled,2024-04-18,2024-04-18
O000405,2024-04-16,D2C,R_S,SKU_CC_500,C00165,,1.0,1.0,1600,fulfilled,2024-04-18,2024-04-18
O000406,2024-04-16,D2C,R_S,SKU_CC_500,C00009,,1.0,1.0,1600,fulfilled,2024-04-18,2024-04-18
O000407,2024-04-16,D2C,R_S,SKU_CC_500,C00190,,2.0,2.0,1600,fulfilled,2024-04-18,2024-04-18
O000409,2024-04-16,D2C,R_S,SKU_CC_500,C00152,,0.5,0.5,1600,fulfilled,2024-04-18,2024-04-18
O000382,2024-04-17,D2C,R_N,SKU_CC_500,C00159,,0.5,0.5,1600,fulfilled,2024-04-19,2024-04-19
O000391,2024-04-17,D2C,R_N,SKU_CC_500,C00069,,0.5,0.5,1600,fulfilled,2024-04-19,2024-04-19
O000397,2024-04-17,D2C,R_N,SKU_CC_500,C00017,,1.5,1.5,1600,fulfilled,2024-04-19,2024-04-19
O000398,2024-04-17,D2C,R_S,SKU_CC_500,C00192,,1.0,1.0,1600,fulfilled,2024-04-19,2024-04-19
O000401,2024-04-17,D2C,R_S,SKU_CC_500,C00125,,2.0,2.0,1600,fulfilled,2024-04-19,2024-04-19
O000378,2024-04-18,D2C,R_N,SKU_CC_500,C00055,,1.5,1.5,1600,fulfilled,2024-04-20,2024-04-20
O000386,2024-04-18,D2C,R_N,SKU_CC_500,C00158,,1.5,1.5,1600,fulfilled,2024-04-20,2024-04-20
O000387,2024-04-18,D2C,R_N,SKU_CC_500,C00020,,1.5,1.5,1600,fulfilled,2024-04-20,2024-04-20
O000390,2024-04-18,D2C,R_N,SKU_CC_500,C00173,,1.0,1.0,1600,fulfilled,2024-04-20,2024-04-20
O000402,2024-04-18,D2C,R_S,SKU_CC_500,C00178,,2.0,2.0,1600,fulfilled,2024-04-20,2024-04-20
O000381,2024-04-19,D2C,R_N,SKU_CC_500,C00028,,1.0,1.0,1600,fulfilled,2024-04-21,2024-04-21
O000388,2024-04-19,D2C,R_N,SKU_CC_500,C00201,,0.5,0.5,1600,fulfilled,2024-04-21,2024-04-21
O000392,2024-04-19,D2C,R_N,SKU_CC_500,C00054,,1.5,1.5,1600,fulfilled,2024-04-21,2024-04-21
O000393,2024-04-19,D2C,R_N,SKU_CC_500,C00200,,2.0,2.0,1600,fulfilled,2024-04-21,2024-04-21
O000385,2024-04-20,D2C,R_N,SKU_CC_500,C00078,,1.0,1.0,1600,fulfilled,2024-04-22,2024-04-22
O000395,2024-04-20,D2C,R_N,SKU_CC_500,C00098,,2.0,2.0,1600,fulfilled,2024-04-22,2024-04-22
O000400,2024-04-20,D2C,R_S,SKU_CC_500,C00050,,2.0,2.0,1600,fulfilled,2024-04-22,2024-04-22
O000389,2024-04-21,D2C,R_N,SKU_CC_500,C00105,,1.5,1.5,1600,fulfilled,2024-04-23,2024-04-23
O000404,2024-04-21,D2C,R_S,SKU_CC_500,C00138,,0.5,0.5,1600,fulfilled,2024-04-23,2024-04-23
O000413,2024-04-22,D2C,R_N,SKU_CC_500,C00095,,0.5,0.5,1600,fulfilled,2024-04-24,2024-04-24
O000432,2024-04-22,D2C,R_S,SKU_CC_500,C00087,,0.5,0.5,1600,fulfilled,2024-04-24,2024-04-24
O000433,2024-04-22,D2C,R_S,SKU_CC_500,C00012,,1.5,1.5,1600,fulfilled,2024-04-24,2024-04-24
O006210,2024-04-22,B2B,R_N,SKU_CC_500,,ACC_DIST,79.2,79.2,1250,fulfilled,2024-04-25,2024-04-25
O006311,2024-04-22,B2B,R_S,SKU_CC_500,,ACC_REST,16.6,16.6,1400,fulfilled,2024-04-25,2024-04-25
O000430,2024-04-23,D2C,R_S,SKU_CC_500,C00012,,1.5,1.5,1600,fulfilled,2024-04-25,2024-04-25
O000437,2024-04-23,D2C,R_S,SKU_CC_500,C00076,,1.0,1.0,1600,fulfilled,2024-04-25,2024-04-25
O000411,2024-04-24,D2C,R_N,SKU_CC_500,C00176,,0.5,0.5,1600,fulfilled,2024-04-26,2024-04-26
O000412,2024-04-24,D2C,R_N,SKU_CC_500,C00004,,0.5,0.5,1600,fulfilled,2024-04-26,2024-04-26
O000436,2024-04-24,D2C,R_S,SKU_CC_500,C00088,,0.5,0.5,1600,fulfilled,2024-04-26,2024-04-26
O000415,2024-04-25,D2C,R_N,SKU_CC_500,C00068,,1.0,1.0,1600,fulfilled,2024-04-27,2024-04-27
O000417,2024-04-25,D2C,R_N,SKU_CC_500,C00039,,1.0,1.0,1600,fulfilled,2024-04-27,2024-04-27
O000419,2024-04-25,D2C,R_N,SKU_CC_500,C00150,,1.5,1.5,1600,fulfilled,2024-04-27,2024-04-27
O000425,2024-04-25,D2C,R_N,SKU_CC_500,C00214,,1.0,1.0,1600,fulfilled,2024-04-27,2024-04-27
O000431,2024-04-25,D2C,R_S,SKU_CC_500,C00035,,2.0,2.0,1600,fulfilled,2024-04-27,2024-04-27
O000441,2024-04-25,D2C,R_S,SKU_CC_500,C00062,,1.5,1.5,1600,fulfilled,2024-04-27,2024-04-27
O000410,2024-04-26,D2C,R_N,SKU_CC_500,C00109,,1.0,1.0,1600,fulfilled,2024-04-28,2024-04-28
O000414,2024-04-26,D2C,R_N,SKU_CC_500,C00016,,2.0,2.0,1600,fulfilled,2024-04-28,2024-04-28
O000418,2024-04-26,D2C,R_N,SKU_CC_500,C00195,,2.0,2.0,1600,fulfilled,2024-04-28,2024-04-28
O000420,2024-04-26,D2C,R_N,SKU_CC_500,C00092,,1.0,1.0,1600,fulfilled,2024-04-28,2024-04-28
O000421,2024-04-26,D2C,R_N,SKU_CC_500,C00046,,0.5,0.5,1600,fulfilled,2024-04-28,2024-04-28
O000427,2024-04-26,D2C,R_N,SKU_CC_500,C00013,,0.5,0.5,1600,fulfilled,2024-04-28,2024-04-28
O000429,2024-04-26,D2C,R_N,SKU_CC_500,C00200,,1.0,1.0,1600,fulfilled,2024-04-28,2024-04-28
O000435,2024-04-26,D2C,R_S,SKU_CC_500,C00074,,1.5,1.5,1600,fulfilled,2024-04-28,2024-04-28
O000440,2024-04-26,D2C,R_S,SKU_CC_500,C00193,,0.5,0.5,1600,fulfilled,2024-04-28,2024-04-28
O000424,2024-04-27,D2C,R_N,SKU_CC_500,C00082,,1.0,1.0,1600,fulfilled,2024-04-29,2024-04-29
O000434,2024-04-27,D2C,R_S,SKU_CC_500,C00218,,1.0,1.0,1600,fulfilled,2024-04-29,2024-04-29
O000438,2024-04-27,D2C,R_S,SKU_CC_500,C00180,,1.0,1.0,1600,fulfilled,2024-04-29,2024-04-29
O000439,2024-04-27,D2C,R_S,SKU_CC_500,C00142,,1.0,1.0,1600,fulfilled,2024-04-29,2024-04-29
O000416,2024-04-28,D2C,R_N,SKU_CC_500,C00016,,1.0,1.0,1600,fulfilled,2024-04-30,2024-04-30
O000422,2024-04-28,D2C,R_N,SKU_CC_500,C00055,,1.0,1.0,1600,fulfilled,2024-04-30,2024-04-30
O000423,2024-04-28,D2C,R_N,SKU_CC_500,C00029,,0.5,0.5,1600,fulfilled,2024-04-30,2024-04-30
O000426,2024-04-28,D2C,R_N,SKU_CC_500,C00079,,2.0,2.0,1600,fulfilled,2024-04-30,2024-04-30
O000428,2024-04-28,D2C,R_N,SKU_CC_500,C00052,,0.5,0.5,1600,fulfilled,2024-04-30,2024-04-30
O000446,2024-04-29,D2C,R_N,SKU_CC_500,C00149,,1.5,1.5,1600,fulfilled,2024-05-01,2024-05-01
O000454,2024-04-29,D2C,R_N,SKU_CC_500,C00108,,1.0,1.0,1600,fulfilled,2024-05-01,2024-05-01
O000463,2024-04-29,D2C,R_S,SKU_CC_500,C00076,,0.5,0.5,1600,fulfilled,2024-05-01,2024-05-01
O006211,2024-04-29,B2B,R_N,SKU_CC_500,,ACC_DIST,103.3,103.3,1250,fulfilled,2024-05-02,2024-05-02
O006312,2024-04-29,B2B,R_S,SKU_CC_500,,ACC_REST,14.8,14.8,1400,fulfilled,2024-05-02,2024-05-02
O000448,2024-04-30,D2C,R_N,SKU_CC_500,C00033,,0.5,0.5,1600,fulfilled,2024-05-02,2024-05-02
O000449,2024-04-30,D2C,R_N,SKU_CC_500,C00043,,1.5,1.5,1600,fulfilled,2024-05-02,2024-05-02
O000458,2024-04-30,D2C,R_N,SKU_CC_500,C00071,,1.0,1.0,1600,fulfilled,2024-05-02,2024-05-02
O000459,2024-04-30,D2C,R_N,SKU_CC_500,C00162,,1.0,1.0,1600,fulfilled,2024-05-02,2024-05-02
O000473,2024-04-30,D2C,R_S,SKU_CC_500,C00050,,0.5,0.5,1600,fulfilled,2024-05-02,2024-05-02
O000456,2024-05-01,D2C,R_N,SKU_CC_500,C00147,,1.5,1.5,1600,fulfilled,2024-05-03,2024-05-03
O000467,2024-05-01,D2C,R_S,SKU_CC_500,C00074,,1.0,1.0,1600,fulfilled,2024-05-03,2024-05-03
O000469,2024-05-01,D2C,R_S,SKU_CC_500,C00064,,1.0,1.0,1600,fulfilled,2024-05-03,2024-05-03
O000471,2024-05-01,D2C,R_S,SKU_CC_500,C00177,,1.0,1.0,1600,fulfilled,2024-05-03,2024-05-03
O000465,2024-05-02,D2C,R_S,SKU_CC_500,C00177,,0.5,0.5,1600,fulfilled,2024-05-04,2024-05-04
O000468,2024-05-02,D2C,R_S,SKU_CC_500,C00062,,0.5,0.5,1600,fulfilled,2024-05-04,2024-05-04
O000443,2024-05-03,D2C,R_N,SKU_CC_500,C00123,,1.0,1.0,1600,fulfilled,2024-05-05,2024-05-05
O000447,2024-05-03,D2C,R_N,SKU_CC_500,C00066,,2.0,2.0,1600,fulfilled,2024-05-05,2024-05-05
O000452,2024-05-03,D2C,R_N,SKU_CC_500,C00221,,0.5,0.5,1600,fulfilled,2024-05-05,2024-05-05
O000453,2024-05-03,D2C,R_N,SKU_CC_500,C00095,,2.0,2.0,1600,fulfilled,2024-05-05,2024-05-05
O000461,2024-05-03,D2C,R_N,SKU_CC_500,C00044,,0.5,0.5,1600,fulfilled,2024-05-05,2024-05-05
O000462,2024-05-03,D2C,R_S,SKU_CC_500,C00217,,1.5,1.5,1600,fulfilled,2024-05-05,2024-05-05
O000470,2024-05-03,D2C,R_S,SKU_CC_500,C00193,,1.5,1.5,1600,fulfilled,2024-05-05,2024-05-05
O000472,2024-05-03,D2C,R_S,SKU_CC_500,C00192,,1.5,1.5,1600,fulfilled,2024-05-05,2024-05-05
O000444,2024-05-04,D2C,R_N,SKU_CC_500,C00148,,2.0,2.0,1600,fulfilled,2024-05-06,2024-05-06
O000450,2024-05-04,D2C,R_N,SKU_CC_500,C00134,,1.5,1.5,1600,fulfilled,2024-05-06,2024-05-06
O000464,2024-05-04,D2C,R_S,SKU_CC_500,C00100,,1.0,1.0,1600,fulfilled,2024-05-06,2024-05-06
O000466,2024-05-04,D2C,R_S,SKU_CC_500,C00181,,2.0,2.0,1600,fulfilled,2024-05-06,2024-05-06
O000442,2024-05-05,D2C,R_N,SKU_CC_500,C00081,,1.5,1.5,1600,fulfilled,2024-05-07,2024-05-07
O000445,2024-05-05,D2C,R_N,SKU_CC_500,C00208,,1.5,1.5,1600,fulfilled,2024-05-07,2024-05-07
O000451,2024-05-05,D2C,R_N,SKU_CC_500,C00176,,1.0,1.0,1600,fulfilled,2024-05-07,2024-05-07
O000455,2024-05-05,D2C,R_N,SKU_CC_500,C00080,,0.5,0.5,1600,fulfilled,2024-05-07,2024-05-07
O000457,2024-05-05,D2C,R_N,SKU_CC_500,C00148,,1.0,1.0,1600,fulfilled,2024-05-07,2024-05-07
O000460,2024-05-05,D2C,R_N,SKU_CC_500,C00056,,2.0,2.0,1600,fulfilled,2024-05-07,2024-05-07
O000475,2024-05-06,D2C,R_N,SKU_CC_500,C00043,,1.0,1.0,1600,fulfilled,2024-05-08,2024-05-08
O000478,2024-05-06,D2C,R_N,SKU_CC_500,C00046,,0.5,0.5,1600,fulfilled,2024-05-08,2024-05-08
O000479,2024-05-06,D2C,R_N,SKU_CC_500,C00018,,1.0,1.0,1600,fulfilled,2024-05-08,2024-05-08
O000494,2024-05-06,D2C,R_N,SKU_CC_500,C00042,,0.5,0.5,1600,fulfilled,2024-05-08,2024-05-08
O000496,2024-05-06,D2C,R_S,SKU_CC_500,C00010,,1.0,1.0,1600,fulfilled,2024-05-08,2024-05-08
O000499,2024-05-06,D2C,R_S,SKU_CC_500,C00245,,1.0,1.0,1600,fulfilled,2024-05-08,2024-05-08
O006212,2024-05-06,B2B,R_N,SKU_CC_500,,ACC_DIST,92.3,92.3,1250,fulfilled,2024-05-09,2024-05-09
O006313,2024-05-06,B2B,R_S,SKU_CC_500,,ACC_REST,19.3,19.3,1400,fulfilled,2024-05-09,2024-05-09
O000481,2024-05-07,D2C,R_N,SKU_CC_500,C00027,,2.0,2.0,1600,fulfilled,2024-05-09,2024-05-09
O000486,2024-05-07,D2C,R_N,SKU_CC_500,C00137,,2.0,2.0,1600,fulfilled,2024-05-09,2024-05-09
O000491,2024-05-07,D2C,R_N,SKU_CC_500,C00149,,2.0,2.0,1600,fulfilled,2024-05-09,2024-05-09
O000504,2024-05-07,D2C,R_S,SKU_CC_500,C00218,,2.0,2.0,1600,fulfilled,2024-05-09,2024-05-09
O000477,2024-05-08,D2C,R_N,SKU_CC_500,C00174,,2.0,2.0,1600,fulfilled,2024-05-10,2024-05-10
O000480,2024-05-08,D2C,R_N,SKU_CC_500,C00150,,1.5,1.5,1600,fulfilled,2024-05-10,2024-05-10
O000485,2024-05-09,D2C,R_N,SKU_CC_500,C00055,,0.5,0.5,1600,fulfilled,2024-05-11,2024-05-11
O000492,2024-05-09,D2C,R_N,SKU_CC_500,C00212,,1.5,1.5,1600,fulfilled,2024-05-11,2024-05-11
O000500,2024-05-09,D2C,R_S,SKU_CC_500,C00129,,2.0,2.0,1600,fulfilled,2024-05-11,2024-05-11
O000501,2024-05-09,D2C,R_S,SKU_CC_500,C00244,,0.5,0.5,1600,fulfilled,2024-05-11,2024-05-11
O000502,2024-05-09,D2C,R_S,SKU_CC_500,C00008,,1.5,1.5,1600,fulfilled,2024-05-11,2024-05-11
O000505,2024-05-09,D2C,R_S,SKU_CC_500,C00012,,2.0,2.0,1600,fulfilled,2024-05-11,2024-05-11
O000506,2024-05-09,D2C,R_S,SKU_CC_500,C00073,,1.5,1.5,1600,fulfilled,2024-05-11,2024-05-11
O000474,2024-05-10,D2C,R_N,SKU_CC_500,C00030,,0.5,0.5,1600,fulfilled,2024-05-12,2024-05-12
O000489,2024-05-10,D2C,R_N,SKU_CC_500,C00150,,1.0,1.0,1600,fulfilled,2024-05-12,2024-05-12
O000490,2024-05-10,D2C,R_N,SKU_CC_500,C00159,,0.5,0.5,1600,fulfilled,2024-05-12,2024-05-12
O000503,2024-05-10,D2C,R_S,SKU_CC_500,C00064,,1.5,1.5,1600,fulfilled,2024-05-12,2024-05-12
O000476,2024-05-11,D2C,R_N,SKU_CC_500,C00041,,0.5,0.5,1600,fulfilled,2024-05-13,2024-05-13
O000483,2024-05-11,D2C,R_N,SKU_CC_500,C00146,,1.5,1.5,1600,fulfilled,2024-05-13,2024-05-13
O000488,2024-05-11,D2C,R_N,SKU_CC_500,C00055,,0.5,0.5,1600,fulfilled,2024-05-13,2024-05-13
O000497,2024-05-11,D2C,R_S,SKU_CC_500,C00037,,1.0,1.0,1600,fulfilled,2024-05-13,2024-05-13
O000482,2024-05-12,D2C,R_N,SKU_CC_500,C00195,,2.0,2.0,1600,fulfilled,2024-05-14,2024-05-14
O000484,2024-05-12,D2C,R_N,SKU_CC_500,C00184,,1.5,1.5,1600,fulfilled,2024-05-14,2024-05-14
O000487,2024-05-12,D2C,R_N,SKU_CC_500,C00019,,2.0,2.0,1600,fulfilled,2024-05-14,2024-05-14
O000493,2024-05-12,D2C,R_N,SKU_CC_500,C00002,,1.5,1.5,1600,fulfilled,2024-05-14,2024-05-14
O000495,2024-05-12,D2C,R_S,SKU_CC_500,C00244,,1.5,1.5,1600,fulfilled,2024-05-14,2024-05-14
O000498,2024-05-12,D2C,R_S,SKU_CC_500,C00194,,1.5,1.5,1600,fulfilled,2024-05-14,2024-05-14
O000511,2024-05-13,D2C,R_N,SKU_CC_500,C00130,,2.0,2.0,1600,fulfilled,2024-05-15,2024-05-15
O000516,2024-05-13,D2C,R_N,SKU_CC_500,C00160,,1.5,1.5,1600,fulfilled,2024-05-15,2024-05-15
O000520,2024-05-13,D2C,R_N,SKU_CC_500,C00236,,2.0,2.0,1600,fulfilled,2024-05-15,2024-05-15
O000521,2024-05-13,D2C,R_N,SKU_CC_500,C00091,,1.5,1.5,1600,fulfilled,2024-05-15,2024-05-15
O000525,2024-05-13,D2C,R_N,SKU_CC_500,C00188,,2.0,2.0,1600,fulfilled,2024-05-15,2024-05-15
O000526,2024-05-13,D2C,R_N,SKU_CC_500,C00000,,2.0,2.0,1600,fulfilled,2024-05-15,2024-05-15
O000535,2024-05-13,D2C,R_S,SKU_CC_500,C00233,,0.5,0.5,1600,fulfilled,2024-05-15,2024-05-15
O000539,2024-05-13,D2C,R_S,SKU_CC_500,C00010,,1.5,1.5,1600,fulfilled,2024-05-15,2024-05-15
O006213,2024-05-13,B2B,R_N,SKU_CC_500,,ACC_DIST,99.9,99.9,1250,fulfilled,2024-05-16,2024-05-16
O006314,2024-05-13,B2B,R_S,SKU_CC_500,,ACC_REST,20.5,20.5,1400,fulfilled,2024-05-16,2024-05-16
O000512,2024-05-14,D2C,R_N,SKU_CC_500,C00184,,1.0,1.0,1600,fulfilled,2024-05-16,2024-05-16
O000522,2024-05-14,D2C,R_N,SKU_CC_500,C00095,,0.5,0.5,1600,fulfilled,2024-05-16,2024-05-16
O000527,2024-05-14,D2C,R_N,SKU_CC_500,C00006,,2.0,2.0,1600,fulfilled,2024-05-16,2024-05-16
O000517,2024-05-15,D2C,R_N,SKU_CC_500,C00097,,1.0,1.0,1600,fulfilled,2024-05-17,2024-05-17
O000518,2024-05-15,D2C,R_N,SKU_CC_500,C00182,,2.0,2.0,1600,fulfilled,2024-05-17,2024-05-17
O000519,2024-05-15,D2C,R_N,SKU_CC_500,C00068,,2.0,2.0,1600,fulfilled,2024-05-17,2024-05-17
O000538,2024-05-15,D2C,R_S,SKU_CC_500,C00243,,1.5,1.5,1600,fulfilled,2024-05-17,2024-05-17
O000528,2024-05-16,D2C,R_S,SKU_CC_500,C00036,,1.0,1.0,1600,fulfilled,2024-05-18,2024-05-18
O000529,2024-05-16,D2C,R_S,SKU_CC_500,C00219,,1.0,1.0,1600,fulfilled,2024-05-18,2024-05-18
O000533,2024-05-16,D2C,R_S,SKU_CC_500,C00155,,1.0,1.0,1600,fulfilled,2024-05-18,2024-05-18
O000537,2024-05-16,D2C,R_S,SKU_CC_500,C00191,,2.0,2.0,1600,fulfilled,2024-05-18,2024-05-18
O000507,2024-05-17,D2C,R_N,SKU_CC_500,C00095,,1.5,1.5,1600,fulfilled,2024-05-19,2024-05-19
O000509,2024-05-17,D2C,R_N,SKU_CC_500,C00053,,1.0,1.0,1600,fulfilled,2024-05-19,2024-05-19
O000531,2024-05-17,D2C,R_S,SKU_CC_500,C00220,,0.5,0.5,1600,fulfilled,2024-05-19,2024-05-19
O000532,2024-05-17,D2C,R_S,SKU_CC_500,C00090,,1.5,1.5,1600,fulfilled,2024-05-19,2024-05-19
O000508,2024-05-18,D2C,R_N,SKU_CC_500,C00131,,1.5,1.5,1600,fulfilled,2024-05-20,2024-05-20
O000523,2024-05-18,D2C,R_N,SKU_CC_500,C00215,,1.0,1.0,1600,fulfilled,2024-05-20,2024-05-20
O000510,2024-05-19,D2C,R_N,SKU_CC_500,C00066,,2.0,2.0,1600,fulfilled,2024-05-21,2024-05-21
O000513,2024-05-19,D2C,R_N,SKU_CC_500,C00222,,0.5,0.5,1600,fulfilled,2024-05-21,2024-05-21
O000514,2024-05-19,D2C,R_N,SKU_CC_500,C00237,,2.0,2.0,1600,fulfilled,2024-05-21,2024-05-21
O000515,2024-05-19,D2C,R_N,SKU_CC_500,C00183,,1.0,1.0,1600,fulfilled,2024-05-21,2024-05-21
O000524,2024-05-19,D2C,R_N,SKU_CC_500,C00122,,2.0,2.0,1600,fulfilled,2024-05-21,2024-05-21
O000530,2024-05-19,D2C,R_S,SKU_CC_500,C00051,,2.0,2.0,1600,fulfilled,2024-05-21,2024-05-21
O000534,2024-05-19,D2C,R_S,SKU_CC_500,C00009,,1.5,1.5,1600,fulfilled,2024-05-21,2024-05-21
O000536,2024-05-19,D2C,R_S,SKU_CC_500,C00113,,1.0,1.0,1600,fulfilled,2024-05-21,2024-05-21
O000543,2024-05-20,D2C,R_N,SKU_CC_500,C00263,,0.5,0.5,1600,fulfilled,2024-05-22,2024-05-22
O000549,2024-05-20,D2C,R_N,SKU_CC_500,C00188,,1.0,1.0,1600,fulfilled,2024-05-22,2024-05-22
O006214,2024-05-20,B2B,R_N,SKU_CC_500,,ACC_DIST,78.0,78.0,1250,fulfilled,2024-05-23,2024-05-23
O006315,2024-05-20,B2B,R_S,SKU_CC_500,,ACC_REST,17.3,17.3,1400,fulfilled,2024-05-23,2024-05-23
O000544,2024-05-21,D2C,R_N,SKU_CC_500,C00212,,1.5,1.5,1600,fulfilled,2024-05-23,2024-05-23
O000546,2024-05-21,D2C,R_N,SKU_CC_500,C00132,,0.5,0.5,1600,fulfilled,2024-05-23,2024-05-23
O000551,2024-05-21,D2C,R_N,SKU_CC_500,C00059,,1.0,1.0,1600,fulfilled,2024-05-23,2024-05-23
O000556,2024-05-21,D2C,R_N,SKU_CC_500,C00069,,0.5,0.5,1600,fulfilled,2024-05-23,2024-05-23
O000558,2024-05-21,D2C,R_N,SKU_CC_500,C00082,,1.0,1.0,1600,fulfilled,2024-05-23,2024-05-23
O000559,2024-05-21,D2C,R_N,SKU_CC_500,C00072,,0.5,0.5,1600,fulfilled,2024-05-23,2024-05-23
O000565,2024-05-21,D2C,R_S,SKU_CC_500,C00218,,1.5,1.5,1600,fulfilled,2024-05-23,2024-05-23
O000540,2024-05-22,D2C,R_N,SKU_CC_500,C00252,,1.0,1.0,1600,fulfilled,2024-05-24,2024-05-24
O000542,2024-05-22,D2C,R_N,SKU_CC_500,C00144,,2.0,2.0,1600,fulfilled,2024-05-24,2024-05-24
O000548,2024-05-22,D2C,R_N,SKU_CC_500,C00019,,0.5,0.5,1600,fulfilled,2024-05-24,2024-05-24
O000563,2024-05-22,D2C,R_S,SKU_CC_500,C00178,,0.5,0.5,1600,fulfilled,2024-05-24,2024-05-24
O000564,2024-05-22,D2C,R_S,SKU_CC_500,C00088,,1.0,1.0,1600,fulfilled,2024-05-24,2024-05-24
O000566,2024-05-22,D2C,R_S,SKU_CC_500,C00167,,1.0,1.0,1600,fulfilled,2024-05-24,2024-05-24
O000568,2024-05-22,D2C,R_S,SKU_CC_500,C00113,,1.0,1.0,1600,fulfilled,2024-05-24,2024-05-24
O000571,2024-05-22,D2C,R_S,SKU_CC_500,C00022,,0.5,0.5,1600,fulfilled,2024-05-24,2024-05-24
O000552,2024-05-23,D2C,R_N,SKU_CC_500,C00110,,1.0,1.0,1600,fulfilled,2024-05-25,2024-05-25
O000553,2024-05-23,D2C,R_N,SKU_CC_500,C00041,,2.0,2.0,1600,fulfilled,2024-05-25,2024-05-25
O000555,2024-05-23,D2C,R_N,SKU_CC_500,C00197,,2.0,2.0,1600,fulfilled,2024-05-25,2024-05-25
O000572,2024-05-23,D2C,R_S,SKU_CC_500,C00060,,1.5,1.5,1600,fulfilled,2024-05-25,2024-05-25
O000545,2024-05-24,D2C,R_N,SKU_CC_500,C00042,,1.0,1.0,1600,fulfilled,2024-05-26,2024-05-26
O000547,2024-05-24,D2C,R_N,SKU_CC_500,C00136,,1.5,1.5,1600,fulfilled,2024-05-26,2024-05-26
O000557,2024-05-24,D2C,R_N,SKU_CC_500,C00144,,2.0,2.0,1600,fulfilled,2024-05-26,2024-05-26
O000561,2024-05-24,D2C,R_S,SKU_CC_500,C00167,,0.5,0.5,1600,fulfilled,2024-05-26,2024-05-26
O000541,2024-05-25,D2C,R_N,SKU_CC_500,C00224,,1.0,1.0,1600,fulfilled,2024-05-27,2024-05-27
O000550,2024-05-25,D2C,R_N,SKU_CC_500,C00068,,1.5,1.5,1600,fulfilled,2024-05-27,2024-05-27
O000554,2024-05-25,D2C,R_N,SKU_CC_500,C00056,,1.0,1.0,1600,fulfilled,2024-05-27,2024-05-27
O000562,2024-05-25,D2C,R_S,SKU_CC_500,C00179,,1.0,1.0,1600,fulfilled,2024-05-27,2024-05-27
O000560,2024-05-26,D2C,R_N,SKU_CC_500,C00163,,0.5,0.5,1600,fulfilled,2024-05-28,2024-05-28
O000567,2024-05-26,D2C,R_S,SKU_CC_500,C00036,,2.0,2.0,1600,fulfilled,2024-05-28,2024-05-28
O000569,2024-05-26,D2C,R_S,SKU_CC_500,C00139,,2.0,2.0,1600,fulfilled,2024-05-28,2024-05-28
O000570,2024-05-26,D2C,R_S,SKU_CC_500,C00232,,1.5,1.5,1600,fulfilled,2024-05-28,2024-05-28
O000578,2024-05-27,D2C,R_N,SKU_CC_500,C00098,,2.0,2.0,1600,fulfilled,2024-05-29,2024-05-29
O000579,2024-05-27,D2C,R_N,SKU_CC_500,C00239,,2.0,2.0,1600,fulfilled,2024-05-29,2024-05-29
O000582,2024-05-27,D2C,R_N,SKU_CC_500,C00093,,0.5,0.5,1600,fulfilled,2024-05-29,2024-05-29
O000598,2024-05-27,D2C,R_S,SKU_CC_500,C00074,,1.0,1.0,1600,fulfilled,2024-05-29,2024-05-29
O000604,2024-05-27,D2C,R_S,SKU_CC_500,C00035,,1.0,1.0,1600,fulfilled,2024-05-29,2024-05-29
O006215,2024-05-27,B2B,R_N,SKU_CC_500,,ACC_DIST,100.3,100.3,1250,fulfilled,2024-05-30,2024-05-30
O006316,2024-05-27,B2B,R_S,SKU_CC_500,,ACC_REST,16.3,16.3,1400,fulfilled,2024-05-30,2024-05-30
O000573,2024-05-28,D2C,R_N,SKU_CC_500,C00228,,0.5,0.5,1600,fulfilled,2024-05-30,2024-05-30
O000576,2024-05-28,D2C,R_N,SKU_CC_500,C00173,,0.5,0.5,1600,fulfilled,2024-05-30,2024-05-30
O000588,2024-05-28,D2C,R_N,SKU_CC_500,C00273,,1.5,1.5,1600,fulfilled,2024-05-30,2024-05-30
O000591,2024-05-28,D2C,R_N,SKU_CC_500,C00104,,1.0,1.0,1600,fulfilled,2024-05-30,2024-05-30
O000593,2024-05-28,D2C,R_N,SKU_CC_500,C00109,,1.0,1.0,1600,fulfilled,2024-05-30,2024-05-30
O000599,2024-05-28,D2C,R_S,SKU_CC_500,C00037,,1.0,1.0,1600,fulfilled,2024-05-30,2024-05-30
O000601,2024-05-28,D2C,R_S,SKU_CC_500,C00232,,1.0,1.0,1600,fulfilled,2024-05-30,2024-05-30
O000577,2024-05-29,D2C,R_N,SKU_CC_500,C00052,,2.0,2.0,1600,fulfilled,2024-05-31,2024-05-31
O000580,2024-05-29,D2C,R_N,SKU_CC_500,C00082,,2.0,2.0,1600,fulfilled,2024-05-31,2024-05-31
O000584,2024-05-29,D2C,R_N,SKU_CC_500,C00161,,1.0,1.0,1600,fulfilled,2024-05-31,2024-05-31
O000589,2024-05-29,D2C,R_N,SKU_CC_500,C00249,,1.0,1.0,1600,fulfilled,2024-05-31,2024-05-31
O000595,2024-05-29,D2C,R_S,SKU_CC_500,C00285,,2.0,2.0,1600,fulfilled,2024-05-31,2024-05-31
O000597,2024-05-29,D2C,R_S,SKU_CC_500,C00139,,2.0,2.0,1600,fulfilled,2024-05-31,2024-05-31
O000600,2024-05-29,D2C,R_S,SKU_CC_500,C00101,,2.0,2.0,1600,fulfilled,2024-05-31,2024-05-31
O000585,2024-05-30,D2C,R_N,SKU_CC_500,C00002,,1.5,1.5,1600,fulfilled,2024-06-01,2024-06-01
O000587,2024-05-30,D2C,R_N,SKU_CC_500,C00007,,0.5,0.5,1600,fulfilled,2024-06-01,2024-06-01
O000594,2024-05-30,D2C,R_S,SKU_CC_500,C00192,,1.0,1.0,1600,fulfilled,2024-06-01,2024-06-01
O000596,2024-05-30,D2C,R_S,SKU_CC_500,C00025,,1.0,1.0,1600,fulfilled,2024-06-01,2024-06-01
O000602,2024-05-30,D2C,R_S,SKU_CC_500,C00243,,0.5,0.5,1600,fulfilled,2024-06-01,2024-06-01
O000583,2024-05-31,D2C,R_N,SKU_CC_500,C00223,,1.0,1.0,1600,fulfilled,2024-06-02,2024-06-02
O000586,2024-05-31,D2C,R_N,SKU_CC_500,C00253,,0.5,0.5,1600,fulfilled,2024-06-02,2024-06-02
O000590,2024-05-31,D2C,R_N,SKU_CC_500,C00147,,2.0,2.0,1600,fulfilled,2024-06-02,2024-06-02
O000592,2024-05-31,D2C,R_N,SKU_CC_500,C00122,,2.0,2.0,1600,fulfilled,2024-06-02,2024-06-02
O000605,2024-05-31,D2C,R_S,SKU_CC_500,C00190,,2.0,2.0,1600,fulfilled,2024-06-02,2024-06-02
O000574,2024-06-01,D2C,R_N,SKU_CC_500,C00176,,1.0,1.0,1600,fulfilled,2024-06-03,2024-06-03
O000581,2024-06-01,D2C,R_N,SKU_CC_500,C00209,,0.5,0.5,1600,fulfilled,2024-06-03,2024-06-03
O000603,2024-06-01,D2C,R_S,SKU_CC_500,C00008,,1.5,1.5,1600,fulfilled,2024-06-03,2024-06-03
O000575,2024-06-02,D2C,R_N,SKU_CC_500,C00030,,0.5,0.5,1600,fulfilled,2024-06-04,2024-06-04
O000606,2024-06-02,D2C,R_S,SKU_CC_500,C00102,,1.5,1.5,1600,fulfilled,2024-06-04,2024-06-04
O000618,2024-06-03,D2C,R_N,SKU_CC_500,C00293,,1.5,1.5,1600,fulfilled,2024-06-05,2024-06-05
O006216,2024-06-03,B2B,R_N,SKU_CC_500,,ACC_DIST,87.1,87.1,1250,fulfilled,2024-06-06,2024-06-06
O006317,2024-06-03,B2B,R_S,SKU_CC_500,,ACC_REST,19.0,19.0,1400,fulfilled,2024-06-06,2024-06-06
O000612,2024-06-04,D2C,R_N,SKU_CC_500,C00137,,1.0,1.0,1600,fulfilled,2024-06-06,2024-06-06
O000620,2024-06-04,D2C,R_N,SKU_CC_500,C00078,,0.5,0.5,1600,fulfilled,2024-06-06,2024-06-06
O000624,2024-06-04,D2C,R_N,SKU_CC_500,C00279,,1.5,1.5,1600,fulfilled,2024-06-06,2024-06-06
O000629,2024-06-04,D2C,R_S,SKU_CC_500,C00060,,0.5,0.5,1600,fulfilled,2024-06-06,2024-06-06
O000637,2024-06-04,D2C,R_S,SKU_CC_500,C00216,,1.0,1.0,1600,fulfilled,2024-06-06,2024-06-06
O000608,2024-06-05,D2C,R_N,SKU_CC_500,C00137,,1.0,1.0,1600,fulfilled,2024-06-07,2024-06-07
O000613,2024-06-05,D2C,R_N,SKU_CC_500,C00122,,0.5,0.5,1600,fulfilled,2024-06-07,2024-06-07
O000615,2024-06-05,D2C,R_N,SKU_CC_500,C00280,,1.0,1.0,1600,fulfilled,2024-06-07,2024-06-07
O000619,2024-06-05,D2C,R_N,SKU_CC_500,C00253,,1.5,1.5,1600,fulfilled,2024-06-07,2024-06-07
O000621,2024-06-05,D2C,R_N,SKU_CC_500,C00000,,1.0,1.0,1600,fulfilled,2024-06-07,2024-06-07
O000626,2024-06-05,D2C,R_N,SKU_CC_500,C00182,,0.5,0.5,1600,fulfilled,2024-06-07,2024-06-07
O000630,2024-06-05,D2C,R_S,SKU_CC_500,C00178,,1.5,1.5,1600,fulfilled,2024-06-07,2024-06-07
O000634,2024-06-05,D2C,R_S,SKU_CC_500,C00152,,1.0,1.0,1600,fulfilled,2024-06-07,2024-06-07
O000635,2024-06-05,D2C,R_S,SKU_CC_500,C00259,,0.5,0.5,1600,fulfilled,2024-06-07,2024-06-07
O000636,2024-06-05,D2C,R_S,SKU_CC_500,C00089,,0.5,0.5,1600,fulfilled,2024-06-07,2024-06-07
O000617,2024-06-06,D2C,R_N,SKU_CC_500,C00006,,0.5,0.5,1600,fulfilled,2024-06-08,2024-06-08
O000622,2024-06-06,D2C,R_N,SKU_CC_500,C00176,,1.5,1.5,1600,fulfilled,2024-06-08,2024-06-08
O000625,2024-06-06,D2C,R_N,SKU_CC_500,C00157,,0.5,0.5,1600,fulfilled,2024-06-08,2024-06-08
O000638,2024-06-06,D2C,R_S,SKU_CC_500,C00060,,1.0,1.0,1600,fulfilled,2024-06-08,2024-06-08
O000639,2024-06-06,D2C,R_S,SKU_CC_500,C00115,,0.5,0.5,1600,fulfilled,2024-06-08,2024-06-08
O000640,2024-06-06,D2C,R_S,SKU_CC_500,C00259,,1.0,1.0,1600,fulfilled,2024-06-08,2024-06-08
O000641,2024-06-06,D2C,R_S,SKU_CC_500,C00216,,0.5,0.5,1600,fulfilled,2024-06-08,2024-06-08
O000607,2024-06-07,D2C,R_N,SKU_CC_500,C00276,,2.0,2.0,1600,fulfilled,2024-06-09,2024-06-09
O000610,2024-06-07,D2C,R_N,SKU_CC_500,C00080,,2.0,2.0,1600,fulfilled,2024-06-09,2024-06-09
O000614,2024-06-07,D2C,R_N,SKU_CC_500,C00253,,1.5,1.5,1600,fulfilled,2024-06-09,2024-06-09
O000628,2024-06-07,D2C,R_N,SKU_CC_500,C00147,,1.5,1.5,1600,fulfilled,2024-06-09,2024-06-09
O000633,2024-06-07,D2C,R_S,SKU_CC_500,C00141,,2.0,2.0,1600,fulfilled,2024-06-09,2024-06-09
O000623,2024-06-08,D2C,R_N,SKU_CC_500,C00134,,1.5,1.5,1600,fulfilled,2024-06-10,2024-06-10
O000631,2024-06-08,D2C,R_S,SKU_CC_500,C00153,,2.0,2.0,1600,fulfilled,2024-06-10,2024-06-10
O000609,2024-06-09,D2C,R_N,SKU_CC_500,C00175,,1.5,1.5,1600,fulfilled,2024-06-11,2024-06-11
O000611,2024-06-09,D2C,R_N,SKU_CC_500,C00195,,1.0,1.0,1600,fulfilled,2024-06-11,2024-06-11
O000616,2024-06-09,D2C,R_N,SKU_CC_500,C00227,,0.5,0.5,1600,fulfilled,2024-06-11,2024-06-11
O000627,2024-06-09,D2C,R_N,SKU_CC_500,C00003,,1.0,1.0,1600,fulfilled,2024-06-11,2024-06-11
O000632,2024-06-09,D2C,R_S,SKU_CC_500,C00141,,1.5,1.5,1600,fulfilled,2024-06-11,2024-06-11
O000644,2024-06-10,D2C,R_N,SKU_CC_500,C00043,,1.0,1.0,1600,fulfilled,2024-06-12,2024-06-12
O000646,2024-06-10,D2C,R_N,SKU_CC_500,C00291,,2.0,2.0,1600,fulfilled,2024-06-12,2024-06-12
O000652,2024-06-10,D2C,R_N,SKU_CC_500,C00079,,2.0,2.0,1600,fulfilled,2024-06-12,2024-06-12
O000653,2024-06-10,D2C,R_N,SKU_CC_500,C00005,,0.5,0.5,1600,fulfilled,2024-06-12,2024-06-12
O000662,2024-06-10,D2C,R_N,SKU_CC_500,C00143,,2.0,2.0,1600,fulfilled,2024-06-12,2024-06-12
O000670,2024-06-10,D2C,R_S,SKU_CC_500,C00282,,2.0,2.0,1600,fulfilled,2024-06-12,2024-06-12
O000674,2024-06-10,D2C,R_S,SKU_CC_500,C00010,,2.0,2.0,1600,fulfilled,2024-06-12,2024-06-12
O006217,2024-06-10,B2B,R_N,SKU_CC_500,,ACC_DIST,84.6,84.6,1250,fulfilled,2024-06-13,2024-06-13
O006318,2024-06-10,B2B,R_S,SKU_CC_500,,ACC_REST,15.5,15.5,1400,fulfilled,2024-06-13,2024-06-13
O000654,2024-06-11,D2C,R_N,SKU_CC_500,C00082,,1.5,1.5,1600,fulfilled,2024-06-13,2024-06-13
O000659,2024-06-11,D2C,R_N,SKU_CC_500,C00159,,1.5,1.5,1600,fulfilled,2024-06-13,2024-06-13
O000650,2024-06-12,D2C,R_N,SKU_CC_500,C00201,,1.5,1.5,1600,fulfilled,2024-06-14,2024-06-14
O000666,2024-06-12,D2C,R_S,SKU_CC_500,C00165,,2.0,2.0,1600,fulfilled,2024-06-14,2024-06-14
O000675,2024-06-12,D2C,R_S,SKU_CC_500,C00166,,1.5,1.5,1600,fulfilled,2024-06-14,2024-06-14
O000642,2024-06-13,D2C,R_N,SKU_CC_500,C00042,,1.0,1.0,1600,fulfilled,2024-06-15,2024-06-15
O000648,2024-06-13,D2C,R_N,SKU_CC_500,C00005,,2.0,2.0,1600,fulfilled,2024-06-15,2024-06-15
O000649,2024-06-13,D2C,R_N,SKU_CC_500,C00173,,0.5,0.5,1600,fulfilled,2024-06-15,2024-06-15
O000656,2024-06-13,D2C,R_N,SKU_CC_500,C00169,,1.5,1.5,1600,fulfilled,2024-06-15,2024-06-15
O000658,2024-06-13,D2C,R_N,SKU_CC_500,C00150,,1.0,1.0,1600,fulfilled,2024-06-15,2024-06-15
O000668,2024-06-13,D2C,R_S,SKU_CC_500,C00310,,1.5,1.5,1600,fulfilled,2024-06-15,2024-06-15
O000671,2024-06-13,D2C,R_S,SKU_CC_500,C00086,,0.5,0.5,1600,fulfilled,2024-06-15,2024-06-15
O000673,2024-06-13,D2C,R_S,SKU_CC_500,C00023,,0.5,0.5,1600,fulfilled,2024-06-15,2024-06-15
O000676,2024-06-13,D2C,R_S,SKU_CC_500,C00048,,2.0,2.0,1600,fulfilled,2024-06-15,2024-06-15
O000643,2024-06-14,D2C,R_N,SKU_CC_500,C00176,,2.0,2.0,1600,fulfilled,2024-06-16,2024-06-16
O000660,2024-06-14,D2C,R_N,SKU_CC_500,C00263,,0.5,0.5,1600,fulfilled,2024-06-16,2024-06-16
O000663,2024-06-14,D2C,R_N,SKU_CC_500,C00267,,1.5,1.5,1600,fulfilled,2024-06-16,2024-06-16
O000645,2024-06-15,D2C,R_N,SKU_CC_500,C00169,,1.5,1.5,1600,fulfilled,2024-06-17,2024-06-17
O000651,2024-06-15,D2C,R_N,SKU_CC_500,C00212,,1.5,1.5,1600,fulfilled,2024-06-17,2024-06-17
O000664,2024-06-15,D2C,R_S,SKU_CC_500,C00256,,0.5,0.5,1600,fulfilled,2024-06-17,2024-06-17
O000667,2024-06-15,D2C,R_S,SKU_CC_500,C00025,,1.5,1.5,1600,fulfilled,2024-06-17,2024-06-17
O000669,2024-06-15,D2C,R_S,SKU_CC_500,C00281,,1.0,1.0,1600,fulfilled,2024-06-17,2024-06-17
O000647,2024-06-16,D2C,R_N,SKU_CC_500,C00013,,1.5,1.5,1600,fulfilled,2024-06-18,2024-06-18
O000655,2024-06-16,D2C,R_N,SKU_CC_500,C00093,,0.5,0.5,1600,fulfilled,2024-06-18,2024-06-18
O000657,2024-06-16,D2C,R_N,SKU_CC_500,C00171,,2.0,2.0,1600,fulfilled,2024-06-18,2024-06-18
O000661,2024-06-16,D2C,R_N,SKU_CC_500,C00301,,0.5,0.5,1600,fulfilled,2024-06-18,2024-06-18
O000665,2024-06-16,D2C,R_S,SKU_CC_500,C00207,,1.5,1.5,1600,fulfilled,2024-06-18,2024-06-18
O000672,2024-06-16,D2C,R_S,SKU_CC_500,C00246,,2.0,2.0,1600,fulfilled,2024-06-18,2024-06-18
O000689,2024-06-17,D2C,R_N,SKU_CC_500,C00201,,2.0,2.0,1600,fulfilled,2024-06-19,2024-06-19
O000694,2024-06-17,D2C,R_N,SKU_CC_500,C00235,,1.5,1.5,1600,fulfilled,2024-06-19,2024-06-19
O000701,2024-06-17,D2C,R_S,SKU_CC_500,C00310,,1.5,1.5,1600,fulfilled,2024-06-19,2024-06-19
O006218,2024-06-17,B2B,R_N,SKU_CC_500,,ACC_DIST,102.3,102.3,1250,fulfilled,2024-06-20,2024-06-20
O006319,2024-06-17,B2B,R_S,SKU_CC_500,,ACC_REST,20.3,20.3,1400,fulfilled,2024-06-20,2024-06-20
O000677,2024-06-18,D2C,R_N,SKU_CC_500,C00214,,2.0,2.0,1600,fulfilled,2024-06-20,2024-06-20
O000686,2024-06-18,D2C,R_N,SKU_CC_500,C00209,,1.0,1.0,1600,fulfilled,2024-06-20,2024-06-20
O000698,2024-06-18,D2C,R_N,SKU_CC_500,C00057,,0.5,0.5,1600,fulfilled,2024-06-20,2024-06-20
O000703,2024-06-18,D2C,R_S,SKU_CC_500,C00321,,0.5,0.5,1600,fulfilled,2024-06-20,2024-06-20
O000706,2024-06-18,D2C,R_S,SKU_CC_500,C00283,,0.5,0.5,1600,fulfilled,2024-06-20,2024-06-20
O000678,2024-06-19,D2C,R_N,SKU_CC_500,C00026,,1.0,1.0,1600,fulfilled,2024-06-21,2024-06-21
O000700,2024-06-19,D2C,R_S,SKU_CC_500,C00113,,1.5,1.5,1600,fulfilled,2024-06-21,2024-06-21
O000708,2024-06-19,D2C,R_S,SKU_CC_500,C00283,,2.0,2.0,1600,fulfilled,2024-06-21,2024-06-21
O000690,2024-06-20,D2C,R_N,SKU_CC_500,C00027,,1.0,1.0,1600,fulfilled,2024-06-22,2024-06-22
O000691,2024-06-20,D2C,R_N,SKU_CC_500,C00264,,0.5,0.5,1600,fulfilled,2024-06-22,2024-06-22
O000709,2024-06-20,D2C,R_S,SKU_CC_500,C00025,,0.5,0.5,1600,fulfilled,2024-06-22,2024-06-22
O000680,2024-06-21,D2C,R_N,SKU_CC_500,C00026,,2.0,2.0,1600,fulfilled,2024-06-23,2024-06-23
O000681,2024-06-21,D2C,R_N,SKU_CC_500,C00302,,2.0,2.0,1600,fulfilled,2024-06-23,2024-06-23
O000692,2024-06-21,D2C,R_N,SKU_CC_500,C00248,,1.0,1.0,1600,fulfilled,2024-06-23,2024-06-23
O000697,2024-06-21,D2C,R_N,SKU_CC_500,C00020,,1.0,1.0,1600,fulfilled,2024-06-23,2024-06-23
O000699,2024-06-21,D2C,R_S,SKU_CC_500,C00049,,2.0,2.0,1600,fulfilled,2024-06-23,2024-06-23
O000705,2024-06-21,D2C,R_S,SKU_CC_500,C00154,,1.0,1.0,1600,fulfilled,2024-06-23,2024-06-23
O000682,2024-06-22,D2C,R_N,SKU_CC_500,C00085,,2.0,2.0,1600,fulfilled,2024-06-24,2024-06-24
O000685,2024-06-22,D2C,R_N,SKU_CC_500,C00005,,1.5,1.5,1600,fulfilled,2024-06-24,2024-06-24
O000695,2024-06-22,D2C,R_N,SKU_CC_500,C00109,,1.0,1.0,1600,fulfilled,2024-06-24,2024-06-24
O000702,2024-06-22,D2C,R_S,SKU_CC_500,C00164,,1.0,1.0,1600,fulfilled,2024-06-24,2024-06-24
O000704,2024-06-22,D2C,R_S,SKU_CC_500,C00050,,2.0,2.0,1600,fulfilled,2024-06-24,2024-06-24
O000710,2024-06-22,D2C,R_S,SKU_CC_500,C00075,,2.0,2.0,1600,fulfilled,2024-06-24,2024-06-24
O000679,2024-06-23,D2C,R_N,SKU_CC_500,C00002,,1.0,1.0,1600,fulfilled,2024-06-25,2024-06-25
O000683,2024-06-23,D2C,R_N,SKU_CC_500,C00182,,2.0,2.0,1600,fulfilled,2024-06-25,2024-06-25
O000684,2024-06-23,D2C,R_N,SKU_CC_500,C00084,,0.5,0.5,1600,fulfilled,2024-06-25,2024-06-25
O000687,2024-06-23,D2C,R_N,SKU_CC_500,C00175,,1.0,1.0,1600,fulfilled,2024-06-25,2024-06-25
O000688,2024-06-23,D2C,R_N,SKU_CC_500,C00030,,1.0,1.0,1600,fulfilled,2024-06-25,2024-06-25
O000693,2024-06-23,D2C,R_N,SKU_CC_500,C00303,,2.0,2.0,1600,fulfilled,2024-06-25,2024-06-25
O000696,2024-06-23,D2C,R_N,SKU_CC_500,C00185,,0.5,0.5,1600,fulfilled,2024-06-25,2024-06-25
O000707,2024-06-23,D2C,R_S,SKU_CC_500,C00217,,0.5,0.5,1600,fulfilled,2024-06-25,2024-06-25
O000711,2024-06-23,D2C,R_S,SKU_CC_500,C00077,,1.0,1.0,1600,fulfilled,2024-06-25,2024-06-25
O000714,2024-06-24,D2C,R_N,SKU_CC_500,C00069,,2.0,2.0,1600,fulfilled,2024-06-26,2024-06-26
O000719,2024-06-24,D2C,R_N,SKU_CC_500,C00300,,1.5,1.5,1600,fulfilled,2024-06-26,2024-06-26
O000721,2024-06-24,D2C,R_N,SKU_CC_500,C00059,,2.0,2.0,1600,fulfilled,2024-06-26,2024-06-26
O000734,2024-06-24,D2C,R_S,SKU_CC_500,C00088,,1.5,1.5,1600,fulfilled,2024-06-26,2024-06-26
O006219,2024-06-24,B2B,R_N,SKU_CC_500,,ACC_DIST,88.1,88.1,1250,fulfilled,2024-06-27,2024-06-27
O006320,2024-06-24,B2B,R_S,SKU_CC_500,,ACC_REST,18.1,18.1,1400,fulfilled,2024-06-27,2024-06-27
O000729,2024-06-25,D2C,R_N,SKU_CC_500,C00280,,0.5,0.5,1600,fulfilled,2024-06-27,2024-06-27
O000730,2024-06-25,D2C,R_N,SKU_CC_500,C00293,,1.5,1.5,1600,fulfilled,2024-06-27,2024-06-27
O000731,2024-06-25,D2C,R_N,SKU_CC_500,C00278,,1.0,1.0,1600,fulfilled,2024-06-27,2024-06-27
O000737,2024-06-25,D2C,R_S,SKU_CC_500,C00181,,1.0,1.0,1600,fulfilled,2024-06-27,2024-06-27
O000741,2024-06-25,D2C,R_S,SKU_CC_500,C00050,,1.0,1.0,1600,fulfilled,2024-06-27,2024-06-27
O000742,2024-06-25,D2C,R_S,SKU_CC_500,C00323,,2.0,2.0,1600,fulfilled,2024-06-27,2024-06-27
O000743,2024-06-25,D2C,R_S,SKU_CC_500,C00155,,1.5,1.5,1600,fulfilled,2024-06-27,2024-06-27
O000716,2024-06-26,D2C,R_N,SKU_CC_500,C00163,,2.0,2.0,1600,fulfilled,2024-06-28,2024-06-28
O000717,2024-06-26,D2C,R_N,SKU_CC_500,C00031,,1.0,1.0,1600,fulfilled,2024-06-28,2024-06-28
O000718,2024-06-26,D2C,R_N,SKU_CC_500,C00228,,0.5,0.5,1600,fulfilled,2024-06-28,2024-06-28
O000724,2024-06-26,D2C,R_N,SKU_CC_500,C00078,,1.5,1.5,1600,fulfilled,2024-06-28,2024-06-28
O000732,2024-06-26,D2C,R_N,SKU_CC_500,C00043,,1.5,1.5,1600,fulfilled,2024-06-28,2024-06-28
O000712,2024-06-27,D2C,R_N,SKU_CC_500,C00278,,1.5,1.5,1600,fulfilled,2024-06-29,2024-06-29
O000713,2024-06-27,D2C,R_N,SKU_CC_500,C00109,,2.0,2.0,1600,fulfilled,2024-06-29,2024-06-29
O000715,2024-06-27,D2C,R_N,SKU_CC_500,C00290,,0.5,0.5,1600,fulfilled,2024-06-29,2024-06-29
O000720,2024-06-27,D2C,R_N,SKU_CC_500,C00004,,1.5,1.5,1600,fulfilled,2024-06-29,2024-06-29
O000725,2024-06-27,D2C,R_N,SKU_CC_500,C00104,,1.0,1.0,1600,fulfilled,2024-06-29,2024-06-29
O000736,2024-06-27,D2C,R_S,SKU_CC_500,C00155,,0.5,0.5,1600,fulfilled,2024-06-29,2024-06-29
O000744,2024-06-27,D2C,R_S,SKU_CC_500,C00181,,2.0,2.0,1600,fulfilled,2024-06-29,2024-06-29
O000745,2024-06-27,D2C,R_S,SKU_CC_500,C00036,,2.0,2.0,1600,fulfilled,2024-06-29,2024-06-29
O000746,2024-06-27,D2C,R_S,SKU_CC_500,C00021,,1.0,1.0,1600,fulfilled,2024-06-29,2024-06-29
O000722,2024-06-28,D2C,R_N,SKU_CC_500,C00314,,0.5,0.5,1600,fulfilled,2024-06-30,2024-06-30
O000728,2024-06-28,D2C,R_N,SKU_CC_500,C00014,,1.5,1.5,1600,fulfilled,2024-06-30,2024-06-30
O000733,2024-06-28,D2C,R_N,SKU_CC_500,C00237,,1.5,1.5,1600,fulfilled,2024-06-30,2024-06-30
O000726,2024-06-29,D2C,R_N,SKU_CC_500,C00170,,0.5,0.5,1600,fulfilled,2024-07-01,2024-07-01
O000727,2024-06-29,D2C,R_N,SKU_CC_500,C00117,,1.0,1.0,1600,fulfilled,2024-07-01,2024-07-01
O000738,2024-06-29,D2C,R_S,SKU_CC_500,C00060,,2.0,2.0,1600,fulfilled,2024-07-01,2024-07-01
O000740,2024-06-29,D2C,R_S,SKU_CC_500,C00102,,1.0,1.0,1600,fulfilled,2024-07-01,2024-07-01
O000723,2024-06-30,D2C,R_N,SKU_CC_500,C00328,,2.0,2.0,1600,fulfilled,2024-07-02,2024-07-02
O000735,2024-06-30,D2C,R_S,SKU_CC_500,C00298,,1.5,1.5,1600,fulfilled,2024-07-02,2024-07-02
O000739,2024-06-30,D2C,R_S,SKU_CC_500,C00061,,0.5,0.5,1600,fulfilled,2024-07-02,2024-07-02
O000765,2024-07-01,D2C,R_N,SKU_CC_500,C00000,,0.5,0.5,1600,fulfilled,2024-07-03,2024-07-03
O000767,2024-07-01,D2C,R_N,SKU_CC_500,C00227,,1.0,1.0,1600,fulfilled,2024-07-03,2024-07-03
O000772,2024-07-01,D2C,R_S,SKU_CC_500,C00335,,1.5,1.5,1600,fulfilled,2024-07-03,2024-07-03
O000774,2024-07-01,D2C,R_S,SKU_CC_500,C00012,,0.5,0.5,1600,fulfilled,2024-07-03,2024-07-03
O000777,2024-07-01,D2C,R_S,SKU_CC_500,C00336,,2.0,2.0,1600,fulfilled,2024-07-03,2024-07-03
O006220,2024-07-01,B2B,R_N,SKU_CC_500,,ACC_DIST,83.4,83.4,1250,fulfilled,2024-07-04,2024-07-04
O006321,2024-07-01,B2B,R_S,SKU_CC_500,,ACC_REST,19.2,19.2,1400,fulfilled,2024-07-04,2024-07-04
O000748,2024-07-02,D2C,R_N,SKU_CC_500,C00202,,0.5,0.5,1600,fulfilled,2024-07-04,2024-07-04
O000751,2024-07-02,D2C,R_N,SKU_CC_500,C00332,,2.0,2.0,1600,fulfilled,2024-07-04,2024-07-04
O000756,2024-07-02,D2C,R_N,SKU_CC_500,C00085,,0.5,0.5,1600,fulfilled,2024-07-04,2024-07-04
O000758,2024-07-02,D2C,R_N,SKU_CC_500,C00033,,2.0,2.0,1600,fulfilled,2024-07-04,2024-07-04
O000759,2024-07-02,D2C,R_N,SKU_CC_500,C00280,,0.5,0.5,1600,fulfilled,2024-07-04,2024-07-04
O000760,2024-07-02,D2C,R_N,SKU_CC_500,C00235,,0.5,0.5,1600,fulfilled,2024-07-04,2024-07-04
O000761,2024-07-02,D2C,R_N,SKU_CC_500,C00212,,0.5,0.5,1600,fulfilled,2024-07-04,2024-07-04
O000762,2024-07-02,D2C,R_N,SKU_CC_500,C00146,,1.5,1.5,1600,fulfilled,2024-07-04,2024-07-04
O000769,2024-07-02,D2C,R_S,SKU_CC_500,C00141,,1.0,1.0,1600,fulfilled,2024-07-04,2024-07-04
O000771,2024-07-02,D2C,R_S,SKU_CC_500,C00125,,1.0,1.0,1600,fulfilled,2024-07-04,2024-07-04
O000749,2024-07-03,D2C,R_N,SKU_CC_500,C00172,,0.5,0.5,1600,fulfilled,2024-07-05,2024-07-05
O000750,2024-07-03,D2C,R_N,SKU_CC_500,C00200,,0.5,0.5,1600,fulfilled,2024-07-05,2024-07-05
O000754,2024-07-03,D2C,R_N,SKU_CC_500,C00279,,2.0,2.0,1600,fulfilled,2024-07-05,2024-07-05
O000755,2024-07-03,D2C,R_N,SKU_CC_500,C00001,,1.5,1.5,1600,fulfilled,2024-07-05,2024-07-05
O000763,2024-07-03,D2C,R_N,SKU_CC_500,C00195,,1.5,1.5,1600,fulfilled,2024-07-05,2024-07-05
O000770,2024-07-03,D2C,R_S,SKU_CC_500,C00112,,1.5,1.5,1600,fulfilled,2024-07-05,2024-07-05
O000778,2024-07-03,D2C,R_S,SKU_CC_500,C00334,,1.5,1.5,1600,fulfilled,2024-07-05,2024-07-05
O000781,2024-07-03,D2C,R_S,SKU_CC_500,C00038,,0.5,0.5,1600,fulfilled,2024-07-05,2024-07-05
O000747,2024-07-04,D2C,R_N,SKU_CC_500,C00314,,1.0,1.0,1600,fulfilled,2024-07-06,2024-07-06
O000753,2024-07-04,D2C,R_N,SKU_CC_500,C00072,,2.0,2.0,1600,fulfilled,2024-07-06,2024-07-06
O000764,2024-07-04,D2C,R_N,SKU_CC_500,C00072,,1.0,1.0,1600,fulfilled,2024-07-06,2024-07-06
O000768,2024-07-04,D2C,R_N,SKU_CC_500,C00183,,0.5,0.5,1600,fulfilled,2024-07-06,2024-07-06
O000779,2024-07-05,D2C,R_S,SKU_CC_500,C00243,,0.5,0.5,1600,fulfilled,2024-07-07,2024-07-07
O000752,2024-07-06,D2C,R_N,SKU_CC_500,C00239,,1.5,1.5,1600,fulfilled,2024-07-08,2024-07-08
O000757,2024-07-06,D2C,R_N,SKU_CC_500,C00267,,0.5,0.5,1600,fulfilled,2024-07-08,2024-07-08
O000773,2024-07-06,D2C,R_S,SKU_CC_500,C00282,,2.0,2.0,1600,fulfilled,2024-07-08,2024-07-08
O000766,2024-07-07,D2C,R_N,SKU_CC_500,C00169,,2.0,2.0,1600,fulfilled,2024-07-09,2024-07-09
O000775,2024-07-07,D2C,R_S,SKU_CC_500,C00009,,0.5,0.5,1600,fulfilled,2024-07-09,2024-07-09
O000776,2024-07-07,D2C,R_S,SKU_CC_500,C00102,,1.5,1.5,1600,fulfilled,2024-07-09,2024-07-09
O000780,2024-07-07,D2C,R_S,SKU_CC_500,C00220,,0.5,0.5,1600,fulfilled,2024-07-09,2024-07-09
O000785,2024-07-08,D2C,R_N,SKU_CC_500,C00136,,1.0,1.0,1600,fulfilled,2024-07-10,2024-07-10
O000790,2024-07-08,D2C,R_N,SKU_CC_500,C00096,,0.5,0.5,1600,fulfilled,2024-07-10,2024-07-10
O000796,2024-07-08,D2C,R_N,SKU_CC_500,C00146,,1.0,1.0,1600,fulfilled,2024-07-10,2024-07-10
O000797,2024-07-08,D2C,R_N,SKU_CC_500,C00058,,2.0,2.0,1600,fulfilled,2024-07-10,2024-07-10
O000806,2024-07-08,D2C,R_S,SKU_CC_500,C00088,,2.0,2.0,1600,fulfilled,2024-07-10,2024-07-10
O000809,2024-07-08,D2C,R_S,SKU_CC_500,C00034,,2.0,2.0,1600,fulfilled,2024-07-10,2024-07-10
O000812,2024-07-08,D2C,R_S,SKU_CC_500,C00103,,1.0,1.0,1600,fulfilled,2024-07-10,2024-07-10
O006221,2024-07-08,B2B,R_N,SKU_CC_500,,ACC_DIST,86.8,86.8,1250,fulfilled,2024-07-11,2024-07-11
O006322,2024-07-08,B2B,R_S,SKU_CC_500,,ACC_REST,16.8,16.8,1400,fulfilled,2024-07-11,2024-07-11
O000795,2024-07-09,D2C,R_N,SKU_CC_500,C00134,,1.0,1.0,1600,fulfilled,2024-07-11,2024-07-11
O000800,2024-07-09,D2C,R_N,SKU_CC_500,C00251,,1.5,1.5,1600,fulfilled,2024-07-11,2024-07-11
O000802,2024-07-09,D2C,R_N,SKU_CC_500,C00240,,0.5,0.5,1600,fulfilled,2024-07-11,2024-07-11
O000804,2024-07-09,D2C,R_S,SKU_CC_500,C00321,,0.5,0.5,1600,fulfilled,2024-07-11,2024-07-11
O000811,2024-07-09,D2C,R_S,SKU_CC_500,C00334,,0.5,0.5,1600,fulfilled,2024-07-11,2024-07-11
O000786,2024-07-10,D2C,R_N,SKU_CC_500,C00081,,1.5,1.5,1600,fulfilled,2024-07-12,2024-07-12
O000803,2024-07-10,D2C,R_N,SKU_CC_500,C00031,,1.5,1.5,1600,fulfilled,2024-07-12,2024-07-12
O000808,2024-07-10,D2C,R_S,SKU_CC_500,C00295,,0.5,0.5,1600,fulfilled,2024-07-12,2024-07-12
O000782,2024-07-11,D2C,R_N,SKU_CC_500,C00304,,1.0,1.0,1600,fulfilled,2024-07-13,2024-07-13
O000784,2024-07-11,D2C,R_N,SKU_CC_500,C00188,,0.5,0.5,1600,fulfilled,2024-07-13,2024-07-13
O000787,2024-07-11,D2C,R_N,SKU_CC_500,C00202,,1.5,1.5,1600,fulfilled,2024-07-13,2024-07-13
O000813,2024-07-11,D2C,R_S,SKU_CC_500,C00271,,1.5,1.5,1600,fulfilled,2024-07-13,2024-07-13
O000815,2024-07-11,D2C,R_S,SKU_CC_500,C00062,,0.5,0.5,1600,fulfilled,2024-07-13,2024-07-13
O000792,2024-07-12,D2C,R_N,SKU_CC_500,C00133,,0.5,0.5,1600,fulfilled,2024-07-14,2024-07-14
O000798,2024-07-12,D2C,R_N,SKU_CC_500,C00133,,1.0,1.0,1600,fulfilled,2024-07-14,2024-07-14
O000799,2024-07-12,D2C,R_N,SKU_CC_500,C00149,,0.5,0.5,1600,fulfilled,2024-07-14,2024-07-14
O000801,2024-07-12,D2C,R_N,SKU_CC_500,C00343,,1.0,1.0,1600,fulfilled,2024-07-14,2024-07-14
O000814,2024-07-12,D2C,R_S,SKU_CC_500,C00177,,2.0,2.0,1600,fulfilled,2024-07-14,2024-07-14
O000789,2024-07-13,D2C,R_N,SKU_CC_500,C00299,,0.5,0.5,1600,fulfilled,2024-07-15,2024-07-15
O000794,2024-07-13,D2C,R_N,SKU_CC_500,C00085,,0.5,0.5,1600,fulfilled,2024-07-15,2024-07-15
O000810,2024-07-13,D2C,R_S,SKU_CC_500,C00151,,1.5,1.5,1600,fulfilled,2024-07-15,2024-07-15
O000783,2024-07-14,D2C,R_N,SKU_CC_500,C00209,,1.0,1.0,1600,fulfilled,2024-07-16,2024-07-16
O000788,2024-07-14,D2C,R_N,SKU_CC_500,C00057,,1.5,1.5,1600,fulfilled,2024-07-16,2024-07-16
O000791,2024-07-14,D2C,R_N,SKU_CC_500,C00279,,1.0,1.0,1600,fulfilled,2024-07-16,2024-07-16
O000793,2024-07-14,D2C,R_N,SKU_CC_500,C00211,,2.0,2.0,1600,fulfilled,2024-07-16,2024-07-16
O000805,2024-07-14,D2C,R_S,SKU_CC_500,C00270,,2.0,2.0,1600,fulfilled,2024-07-16,2024-07-16
O000807,2024-07-14,D2C,R_S,SKU_CC_500,C00218,,1.5,1.5,1600,fulfilled,2024-07-16,2024-07-16
O000816,2024-07-14,D2C,R_S,SKU_CC_500,C00270,,2.0,2.0,1600,fulfilled,2024-07-16,2024-07-16
O000818,2024-07-15,D2C,R_N,SKU_CC_500,C00044,,1.0,1.0,1600,fulfilled,2024-07-17,2024-07-17
O000820,2024-07-15,D2C,R_N,SKU_CC_500,C00313,,0.5,0.5,1600,fulfilled,2024-07-17,2024-07-17
O000827,2024-07-15,D2C,R_N,SKU_CC_500,C00228,,2.0,2.0,1600,fulfilled,2024-07-17,2024-07-17
O000830,2024-07-15,D2C,R_N,SKU_CC_500,C00094,,2.0,2.0,1600,fulfilled,2024-07-17,2024-07-17
O000831,2024-07-15,D2C,R_N,SKU_CC_500,C00314,,2.0,2.0,1600,fulfilled,2024-07-17,2024-07-17
O000838,2024-07-15,D2C,R_N,SKU_CC_500,C00289,,2.0,2.0,1600,fulfilled,2024-07-17,2024-07-17
O000840,2024-07-15,D2C,R_S,SKU_CC_500,C00181,,1.0,1.0,1600,fulfilled,2024-07-17,2024-07-17
O000845,2024-07-15,D2C,R_S,SKU_CC_500,C00009,,1.0,1.0,1600,fulfilled,2024-07-17,2024-07-17
O000849,2024-07-15,D2C,R_S,SKU_CC_500,C00192,,1.0,1.0,1600,fulfilled,2024-07-17,2024-07-17
O000850,2024-07-15,D2C,R_S,SKU_CC_500,C00113,,1.0,1.0,1600,fulfilled,2024-07-17,2024-07-17
O000851,2024-07-15,D2C,R_S,SKU_CC_500,C00153,,1.5,1.5,1600,fulfilled,2024-07-17,2024-07-17
O006222,2024-07-15,B2B,R_N,SKU_CC_500,,ACC_DIST,93.0,93.0,1250,fulfilled,2024-07-18,2024-07-18
O006323,2024-07-15,B2B,R_S,SKU_CC_500,,ACC_REST,18.2,18.2,1400,fulfilled,2024-07-18,2024-07-18
O000828,2024-07-16,D2C,R_N,SKU_CC_500,C00107,,2.0,2.0,1600,fulfilled,2024-07-18,2024-07-18
O000832,2024-07-16,D2C,R_N,SKU_CC_500,C00015,,1.5,1.5,1600,fulfilled,2024-07-18,2024-07-18
O000824,2024-07-17,D2C,R_N,SKU_CC_500,C00247,,1.5,1.5,1600,fulfilled,2024-07-19,2024-07-19
O000839,2024-07-17,D2C,R_N,SKU_CC_500,C00158,,0.5,0.5,1600,fulfilled,2024-07-19,2024-07-19
O000841,2024-07-17,D2C,R_S,SKU_CC_500,C00205,,0.5,0.5,1600,fulfilled,2024-07-19,2024-07-19
O000847,2024-07-17,D2C,R_S,SKU_CC_500,C00088,,0.5,0.5,1600,fulfilled,2024-07-19,2024-07-19
O000852,2024-07-17,D2C,R_S,SKU_CC_500,C00076,,2.0,2.0,1600,fulfilled,2024-07-19,2024-07-19
O000825,2024-07-18,D2C,R_N,SKU_CC_500,C00147,,1.5,1.5,1600,fulfilled,2024-07-20,2024-07-20
O000843,2024-07-18,D2C,R_S,SKU_CC_500,C00375,,0.5,0.5,1600,fulfilled,2024-07-20,2024-07-20
O000848,2024-07-18,D2C,R_S,SKU_CC_500,C00217,,1.0,1.0,1600,fulfilled,2024-07-20,2024-07-20
O000819,2024-07-19,D2C,R_N,SKU_CC_500,C00221,,1.0,1.0,1600,fulfilled,2024-07-21,2024-07-21
O000823,2024-07-19,D2C,R_N,SKU_CC_500,C00365,,0.5,0.5,1600,fulfilled,2024-07-21,2024-07-21
O000833,2024-07-19,D2C,R_N,SKU_CC_500,C00358,,2.0,2.0,1600,fulfilled,2024-07-21,2024-07-21
O000837,2024-07-19,D2C,R_N,SKU_CC_500,C00052,,1.0,1.0,1600,fulfilled,2024-07-21,2024-07-21
O000842,2024-07-19,D2C,R_S,SKU_CC_500,C00050,,0.5,0.5,1600,fulfilled,2024-07-21,2024-07-21
O000817,2024-07-20,D2C,R_N,SKU_CC_500,C00133,,1.0,1.0,1600,fulfilled,2024-07-22,2024-07-22
O000821,2024-07-20,D2C,R_N,SKU_CC_500,C00031,,1.0,1.0,1600,fulfilled,2024-07-22,2024-07-22
O000826,2024-07-20,D2C,R_N,SKU_CC_500,C00305,,0.5,0.5,1600,fulfilled,2024-07-22,2024-07-22
O000835,2024-07-20,D2C,R_N,SKU_CC_500,C00332,,1.0,1.0,1600,fulfilled,2024-07-22,2024-07-22
O000836,2024-07-20,D2C,R_N,SKU_CC_500,C00015,,1.0,1.0,1600,fulfilled,2024-07-22,2024-07-22
O000844,2024-07-20,D2C,R_S,SKU_CC_500,C00336,,2.0,2.0,1600,fulfilled,2024-07-22,2024-07-22
O000822,2024-07-21,D2C,R_N,SKU_CC_500,C00132,,2.0,2.0,1600,fulfilled,2024-07-23,2024-07-23
O000829,2024-07-21,D2C,R_N,SKU_CC_500,C00163,,0.5,0.5,1600,fulfilled,2024-07-23,2024-07-23
O000834,2024-07-21,D2C,R_N,SKU_CC_500,C00288,,0.5,0.5,1600,fulfilled,2024-07-23,2024-07-23
O000846,2024-07-21,D2C,R_S,SKU_CC_500,C00268,,1.0,1.0,1600,fulfilled,2024-07-23,2024-07-23
O000858,2024-07-22,D2C,R_N,SKU_CC_500,C00328,,2.0,2.0,1600,fulfilled,2024-07-24,2024-07-24
O000860,2024-07-22,D2C,R_N,SKU_CC_500,C00215,,1.0,1.0,1600,fulfilled,2024-07-24,2024-07-24
O000866,2024-07-22,D2C,R_N,SKU_CC_500,C00001,,2.0,2.0,1600,fulfilled,2024-07-24,2024-07-24
O000871,2024-07-22,D2C,R_N,SKU_CC_500,C00169,,1.0,1.0,1600,fulfilled,2024-07-24,2024-07-24
O000881,2024-07-22,D2C,R_S,SKU_CC_500,C00142,,1.0,1.0,1600,fulfilled,2024-07-24,2024-07-24
O006223,2024-07-22,B2B,R_N,SKU_CC_500,,ACC_DIST,81.7,81.7,1250,fulfilled,2024-07-25,2024-07-25
O006324,2024-07-22,B2B,R_S,SKU_CC_500,,ACC_REST,18.4,18.4,1400,fulfilled,2024-07-25,2024-07-25
O000859,2024-07-23,D2C,R_N,SKU_CC_500,C00266,,0.5,0.5,1600,fulfilled,2024-07-25,2024-07-25
O000865,2024-07-23,D2C,R_N,SKU_CC_500,C00367,,0.5,0.5,1600,fulfilled,2024-07-25,2024-07-25
O000867,2024-07-23,D2C,R_N,SKU_CC_500,C00043,,1.0,1.0,1600,fulfilled,2024-07-25,2024-07-25
O000874,2024-07-23,D2C,R_N,SKU_CC_500,C00108,,2.0,2.0,1600,fulfilled,2024-07-25,2024-07-25
O000878,2024-07-23,D2C,R_S,SKU_CC_500,C00269,,1.5,1.5,1600,fulfilled,2024-07-25,2024-07-25
O000880,2024-07-23,D2C,R_S,SKU_CC_500,C00282,,1.0,1.0,1600,fulfilled,2024-07-25,2024-07-25
O000857,2024-07-24,D2C,R_N,SKU_CC_500,C00122,,1.0,1.0,1600,fulfilled,2024-07-26,2024-07-26
O000862,2024-07-24,D2C,R_N,SKU_CC_500,C00377,,1.5,1.5,1600,fulfilled,2024-07-26,2024-07-26
O000863,2024-07-24,D2C,R_N,SKU_CC_500,C00266,,2.0,2.0,1600,fulfilled,2024-07-26,2024-07-26
O000885,2024-07-24,D2C,R_S,SKU_CC_500,C00346,,1.0,1.0,1600,fulfilled,2024-07-26,2024-07-26
O000886,2024-07-24,D2C,R_S,SKU_CC_500,C00373,,2.0,2.0,1600,fulfilled,2024-07-26,2024-07-26
O000856,2024-07-25,D2C,R_N,SKU_CC_500,C00070,,0.5,0.5,1600,fulfilled,2024-07-27,2024-07-27
O000869,2024-07-25,D2C,R_N,SKU_CC_500,C00006,,1.5,1.5,1600,fulfilled,2024-07-27,2024-07-27
O000875,2024-07-25,D2C,R_N,SKU_CC_500,C00091,,1.0,1.0,1600,fulfilled,2024-07-27,2024-07-27
O000876,2024-07-25,D2C,R_S,SKU_CC_500,C00271,,1.0,1.0,1600,fulfilled,2024-07-27,2024-07-27
O000854,2024-07-26,D2C,R_N,SKU_CC_500,C00071,,2.0,2.0,1600,fulfilled,2024-07-28,2024-07-28
O000855,2024-07-26,D2C,R_N,SKU_CC_500,C00342,,1.5,1.5,1600,fulfilled,2024-07-28,2024-07-28
O000870,2024-07-26,D2C,R_N,SKU_CC_500,C00221,,2.0,2.0,1600,fulfilled,2024-07-28,2024-07-28
O000872,2024-07-26,D2C,R_N,SKU_CC_500,C00342,,1.5,1.5,1600,fulfilled,2024-07-28,2024-07-28
O000879,2024-07-26,D2C,R_S,SKU_CC_500,C00010,,2.0,2.0,1600,fulfilled,2024-07-28,2024-07-28
O000888,2024-07-26,D2C,R_S,SKU_CC_500,C00047,,2.0,2.0,1600,fulfilled,2024-07-28,2024-07-28
O000861,2024-07-27,D2C,R_N,SKU_CC_500,C00121,,2.0,2.0,1600,fulfilled,2024-07-29,2024-07-29
O000873,2024-07-27,D2C,R_N,SKU_CC_500,C00132,,1.0,1.0,1600,fulfilled,2024-07-29,2024-07-29
O000877,2024-07-27,D2C,R_S,SKU_CC_500,C00141,,1.0,1.0,1600,fulfilled,2024-07-29,2024-07-29
O000887,2024-07-27,D2C,R_S,SKU_CC_500,C00166,,0.5,0.5,1600,fulfilled,2024-07-29,2024-07-29
O000853,2024-07-28,D2C,R_N,SKU_CC_500,C00253,,1.0,1.0,1600,fulfilled,2024-07-30,2024-07-30
O000864,2024-07-28,D2C,R_N,SKU_CC_500,C00094,,1.0,1.0,1600,fulfilled,2024-07-30,2024-07-30
O000868,2024-07-28,D2C,R_N,SKU_CC_500,C00014,,0.5,0.5,1600,fulfilled,2024-07-30,2024-07-30
O000882,2024-07-28,D2C,R_S,SKU_CC_500,C00138,,1.5,1.5,1600,fulfilled,2024-07-30,2024-07-30
O000883,2024-07-28,D2C,R_S,SKU_CC_500,C00376,,1.0,1.0,1600,fulfilled,2024-07-30,2024-07-30
O000884,2024-07-28,D2C,R_S,SKU_CC_500,C00244,,2.0,2.0,1600,fulfilled,2024-07-30,2024-07-30
O000889,2024-07-28,D2C,R_S,SKU_CC_500,C00177,,1.0,1.0,1600,fulfilled,2024-07-30,2024-07-30
O000903,2024-07-29,D2C,R_N,SKU_CC_500,C00055,,1.5,1.5,1600,fulfilled,2024-07-31,2024-07-31
O000906,2024-07-29,D2C,R_N,SKU_CC_500,C00330,,1.0,1.0,1600,fulfilled,2024-07-31,2024-07-31
O000909,2024-07-29,D2C,R_N,SKU_CC_500,C00254,,1.0,1.0,1600,fulfilled,2024-07-31,2024-07-31
O000911,2024-07-29,D2C,R_N,SKU_CC_500,C00040,,2.0,2.0,1600,fulfilled,2024-07-31,2024-07-31
O000913,2024-07-29,D2C,R_S,SKU_CC_500,C00233,,0.5,0.5,1600,fulfilled,2024-07-31,2024-07-31
O000916,2024-07-29,D2C,R_S,SKU_CC_500,C00166,,0.5,0.5,1600,fulfilled,2024-07-31,2024-07-31
O000921,2024-07-29,D2C,R_S,SKU_CC_500,C00348,,2.0,2.0,1600,fulfilled,2024-07-31,2024-07-31
O000925,2024-07-29,D2C,R_S,SKU_CC_500,C00204,,1.0,1.0,1600,fulfilled,2024-07-31,2024-07-31
O006224,2024-07-29,B2B,R_N,SKU_CC_500,,ACC_DIST,90.1,90.1,1250,fulfilled,2024-08-01,2024-08-01
O006325,2024-07-29,B2B,R_S,SKU_CC_500,,ACC_REST,18.8,18.8,1400,fulfilled,2024-08-01,2024-08-01
O000899,2024-07-30,D2C,R_N,SKU_CC_500,C00186,,2.0,2.0,1600,fulfilled,2024-08-01,2024-08-01
O000890,2024-07-31,D2C,R_N,SKU_CC_500,C00352,,1.0,1.0,1600,fulfilled,2024-08-02,2024-08-02
O000891,2024-07-31,D2C,R_N,SKU_CC_500,C00251,,1.0,1.0,1600,fulfilled,2024-08-02,2024-08-02
O000895,2024-07-31,D2C,R_N,SKU_CC_500,C00170,,1.0,1.0,1600,fulfilled,2024-08-02,2024-08-02
O000904,2024-07-31,D2C,R_N,SKU_CC_500,C00345,,2.0,2.0,1600,fulfilled,2024-08-02,2024-08-02
O000918,2024-07-31,D2C,R_S,SKU_CC_500,C00272,,2.0,2.0,1600,fulfilled,2024-08-02,2024-08-02
O000922,2024-07-31,D2C,R_S,SKU_CC_500,C00037,,1.0,1.0,1600,fulfilled,2024-08-02,2024-08-02
O000901,2024-08-01,D2C,R_N,SKU_CC_500,C00072,,0.5,0.5,1600,fulfilled,2024-08-03,2024-08-03
O000915,2024-08-01,D2C,R_S,SKU_CC_500,C00373,,2.0,2.0,1600,fulfilled,2024-08-03,2024-08-03
O000926,2024-08-01,D2C,R_S,SKU_CC_500,C00024,,2.0,2.0,1600,fulfilled,2024-08-03,2024-08-03
O000900,2024-08-02,D2C,R_N,SKU_CC_500,C00095,,1.0,1.0,1600,fulfilled,2024-08-04,2024-08-04
O000902,2024-08-02,D2C,R_N,SKU_CC_500,C00241,,1.0,1.0,1600,fulfilled,2024-08-04,2024-08-04
O000910,2024-08-02,D2C,R_N,SKU_CC_500,C00341,,1.5,1.5,1600,fulfilled,2024-08-04,2024-08-04
O000920,2024-08-02,D2C,R_S,SKU_CC_500,C00298,,1.5,1.5,1600,fulfilled,2024-08-04,2024-08-04
O000923,2024-08-02,D2C,R_S,SKU_CC_500,C00388,,0.5,0.5,1600,fulfilled,2024-08-04,2024-08-04
O000924,2024-08-02,D2C,R_S,SKU_CC_500,C00216,,0.5,0.5,1600,fulfilled,2024-08-04,2024-08-04
O000893,2024-08-03,D2C,R_N,SKU_CC_500,C00202,,1.0,1.0,1600,fulfilled,2024-08-05,2024-08-05
O000896,2024-08-03,D2C,R_N,SKU_CC_500,C00343,,1.0,1.0,1600,fulfilled,2024-08-05,2024-08-05
O000897,2024-08-03,D2C,R_N,SKU_CC_500,C00326,,2.0,2.0,1600,fulfilled,2024-08-05,2024-08-05
O000905,2024-08-03,D2C,R_N,SKU_CC_500,C00169,,0.5,0.5,1600,fulfilled,2024-08-05,2024-08-05
O000907,2024-08-03,D2C,R_N,SKU_CC_500,C00185,,0.5,0.5,1600,fulfilled,2024-08-05,2024-08-05
O000908,2024-08-03,D2C,R_N,SKU_CC_500,C00094,,2.0,2.0,1600,fulfilled,2024-08-05,2024-08-05
O000914,2024-08-03,D2C,R_S,SKU_CC_500,C00179,,1.0,1.0,1600,fulfilled,2024-08-05,2024-08-05
O000917,2024-08-03,D2C,R_S,SKU_CC_500,C00180,,1.0,1.0,1600,fulfilled,2024-08-05,2024-08-05
O000892,2024-08-04,D2C,R_N,SKU_CC_500,C00393,,0.5,0.5,1600,fulfilled,2024-08-06,2024-08-06
O000894,2024-08-04,D2C,R_N,SKU_CC_500,C00277,,0.5,0.5,1600,fulfilled,2024-08-06,2024-08-06
O000898,2024-08-04,D2C,R_N,SKU_CC_500,C00031,,0.5,0.5,1600,fulfilled,2024-08-06,2024-08-06
O000912,2024-08-04,D2C,R_N,SKU_CC_500,C00318,,1.0,1.0,1600,fulfilled,2024-08-06,2024-08-06
O000919,2024-08-04,D2C,R_S,SKU_CC_500,C00060,,1.5,1.5,1600,fulfilled,2024-08-06,2024-08-06
O000932,2024-08-05,D2C,R_N,SKU_CC_500,C00033,,1.0,1.0,1600,fulfilled,2024-08-07,2024-08-07
O000934,2024-08-05,D2C,R_N,SKU_CC_500,C00414,,1.5,1.5,1600,fulfilled,2024-08-07,2024-08-07
O000935,2024-08-05,D2C,R_N,SKU_CC_500,C00136,,1.5,1.5,1600,fulfilled,2024-08-07,2024-08-07
O000936,2024-08-05,D2C,R_N,SKU_CC_500,C00084,,1.5,1.5,1600,fulfilled,2024-08-07,2024-08-07
O000938,2024-08-05,D2C,R_N,SKU_CC_500,C00053,,1.0,1.0,1600,fulfilled,2024-08-07,2024-08-07
O000941,2024-08-05,D2C,R_N,SKU_CC_500,C00401,,2.0,2.0,1600,fulfilled,2024-08-07,2024-08-07
O000948,2024-08-05,D2C,R_N,SKU_CC_500,C00306,,1.0,1.0,1600,fulfilled,2024-08-07,2024-08-07
O000957,2024-08-05,D2C,R_S,SKU_CC_500,C00243,,0.5,0.5,1600,fulfilled,2024-08-07,2024-08-07
O006225,2024-08-05,B2B,R_N,SKU_CC_500,,ACC_DIST,84.5,84.5,1250,fulfilled,2024-08-08,2024-08-08
O006326,2024-08-05,B2B,R_S,SKU_CC_500,,ACC_REST,19.9,19.9,1400,fulfilled,2024-08-08,2024-08-08
O000940,2024-08-06,D2C,R_N,SKU_CC_500,C00104,,2.0,2.0,1600,fulfilled,2024-08-08,2024-08-08
O000959,2024-08-06,D2C,R_S,SKU_CC_500,C00229,,1.5,1.5,1600,fulfilled,2024-08-08,2024-08-08
O000964,2024-08-06,D2C,R_S,SKU_CC_500,C00178,,1.0,1.0,1600,fulfilled,2024-08-08,2024-08-08
O000927,2024-08-07,D2C,R_N,SKU_CC_500,C00124,,0.5,0.5,1600,fulfilled,2024-08-09,2024-08-09
O000930,2024-08-07,D2C,R_N,SKU_CC_500,C00134,,1.5,1.5,1600,fulfilled,2024-08-09,2024-08-09
O000933,2024-08-07,D2C,R_N,SKU_CC_500,C00252,,1.0,1.0,1600,fulfilled,2024-08-09,2024-08-09
O000937,2024-08-07,D2C,R_N,SKU_CC_500,C00326,,2.0,2.0,1600,fulfilled,2024-08-09,2024-08-09
O000944,2024-08-07,D2C,R_N,SKU_CC_500,C00239,,1.5,1.5,1600,fulfilled,2024-08-09,2024-08-09
O000949,2024-08-07,D2C,R_N,SKU_CC_500,C00098,,1.0,1.0,1600,fulfilled,2024-08-09,2024-08-09
O000956,2024-08-07,D2C,R_S,SKU_CC_500,C00112,,1.5,1.5,1600,fulfilled,2024-08-09,2024-08-09
O000960,2024-08-07,D2C,R_S,SKU_CC_500,C00296,,1.0,1.0,1600,fulfilled,2024-08-09,2024-08-09
O000931,2024-08-08,D2C,R_N,SKU_CC_500,C00277,,0.5,0.5,1600,fulfilled,2024-08-10,2024-08-10
O000945,2024-08-08,D2C,R_N,SKU_CC_500,C00413,,1.0,1.0,1600,fulfilled,2024-08-10,2024-08-10
O000961,2024-08-08,D2C,R_S,SKU_CC_500,C00010,,1.0,1.0,1600,fulfilled,2024-08-10,2024-08-10
O000943,2024-08-09,D2C,R_N,SKU_CC_500,C00209,,1.0,1.0,1600,fulfilled,2024-08-11,2024-08-11
O000950,2024-08-09,D2C,R_N,SKU_CC_500,C00028,,1.0,1.0,1600,fulfilled,2024-08-11,2024-08-11
O000954,2024-08-09,D2C,R_S,SKU_CC_500,C00362,,1.5,1.5,1600,fulfilled,2024-08-11,2024-08-11
O000955,2024-08-09,D2C,R_S,SKU_CC_500,C00064,,1.5,1.5,1600,fulfilled,2024-08-11,2024-08-11
O000958,2024-08-09,D2C,R_S,SKU_CC_500,C00190,,1.5,1.5,1600,fulfilled,2024-08-11,2024-08-11
O000942,2024-08-10,D2C,R_N,SKU_CC_500,C00081,,1.5,1.5,1600,fulfilled,2024-08-12,2024-08-12
O000953,2024-08-10,D2C,R_S,SKU_CC_500,C00349,,0.5,0.5,1600,fulfilled,2024-08-12,2024-08-12
O000928,2024-08-11,D2C,R_N,SKU_CC_500,C00275,,1.0,1.0,1600,fulfilled,2024-08-13,2024-08-13
O000929,2024-08-11,D2C,R_N,SKU_CC_500,C00379,,1.0,1.0,1600,fulfilled,2024-08-13,2024-08-13
O000939,2024-08-11,D2C,R_N,SKU_CC_500,C00070,,2.0,2.0,1600,fulfilled,2024-08-13,2024-08-13
O000946,2024-08-11,D2C,R_N,SKU_CC_500,C00396,,1.0,1.0,1600,fulfilled,2024-08-13,2024-08-13
O000947,2024-08-11,D2C,R_N,SKU_CC_500,C00186,,0.5,0.5,1600,fulfilled,2024-08-13,2024-08-13
O000951,2024-08-11,D2C,R_S,SKU_CC_500,C00021,,0.5,0.5,1600,fulfilled,2024-08-13,2024-08-13
O000952,2024-08-11,D2C,R_S,SKU_CC_500,C00334,,1.0,1.0,1600,fulfilled,2024-08-13,2024-08-13
O000962,2024-08-11,D2C,R_S,SKU_CC_500,C00322,,0.5,0.5,1600,fulfilled,2024-08-13,2024-08-13
O000963,2024-08-11,D2C,R_S,SKU_CC_500,C00077,,0.5,0.5,1600,fulfilled,2024-08-13,2024-08-13
O000982,2024-08-12,D2C,R_N,SKU_CC_500,C00417,,1.0,1.0,1600,fulfilled,2024-08-14,2024-08-14
O000983,2024-08-12,D2C,R_N,SKU_CC_500,C00069,,1.0,1.0,1600,fulfilled,2024-08-14,2024-08-14
O000992,2024-08-12,D2C,R_S,SKU_CC_500,C00075,,1.0,1.0,1600,fulfilled,2024-08-14,2024-08-14
O000993,2024-08-12,D2C,R_S,SKU_CC_500,C00335,,1.5,1.5,1600,fulfilled,2024-08-14,2024-08-14
O000994,2024-08-12,D2C,R_S,SKU_CC_500,C00387,,2.0,2.0,1600,fulfilled,2024-08-14,2024-08-14
O001000,2024-08-12,D2C,R_S,SKU_CC_500,C00335,,1.5,1.5,1600,fulfilled,2024-08-14,2024-08-14
O006226,2024-08-12,B2B,R_N,SKU_CC_500,,ACC_DIST,78.0,78.0,1250,fulfilled,2024-08-15,2024-08-15
O006327,2024-08-12,B2B,R_S,SKU_CC_500,,ACC_REST,17.6,17.6,1400,fulfilled,2024-08-15,2024-08-15
O000978,2024-08-13,D2C,R_N,SKU_CC_500,C00342,,0.5,0.5,1600,fulfilled,2024-08-15,2024-08-15
O000985,2024-08-13,D2C,R_N,SKU_CC_500,C00292,,1.0,1.0,1600,fulfilled,2024-08-15,2024-08-15
O000986,2024-08-13,D2C,R_N,SKU_CC_500,C00005,,2.0,2.0,1600,fulfilled,2024-08-15,2024-08-15
O000971,2024-08-14,D2C,R_N,SKU_CC_500,C00214,,1.5,1.5,1600,fulfilled,2024-08-16,2024-08-16
O000977,2024-08-14,D2C,R_N,SKU_CC_500,C00392,,0.5,0.5,1600,fulfilled,2024-08-16,2024-08-16
O000984,2024-08-14,D2C,R_N,SKU_CC_500,C00149,,1.0,1.0,1600,fulfilled,2024-08-16,2024-08-16
O000988,2024-08-14,D2C,R_N,SKU_CC_500,C00300,,1.5,1.5,1600,fulfilled,2024-08-16,2024-08-16
O000967,2024-08-15,D2C,R_N,SKU_CC_500,C00002,,1.5,1.5,1600,fulfilled,2024-08-17,2024-08-17
O000972,2024-08-15,D2C,R_N,SKU_CC_500,C00250,,0.5,0.5,1600,fulfilled,2024-08-17,2024-08-17
O000979,2024-08-15,D2C,R_N,SKU_CC_500,C00228,,0.5,0.5,1600,fulfilled,2024-08-17,2024-08-17
O000981,2024-08-15,D2C,R_N,SKU_CC_500,C00250,,1.0,1.0,1600,fulfilled,2024-08-17,2024-08-17
O000995,2024-08-15,D2C,R_S,SKU_CC_500,C00255,,1.0,1.0,1600,fulfilled,2024-08-17,2024-08-17
O000999,2024-08-15,D2C,R_S,SKU_CC_500,C00008,,2.0,2.0,1600,fulfilled,2024-08-17,2024-08-17
O000966,2024-08-16,D2C,R_N,SKU_CC_500,C00198,,0.5,0.5,1600,fulfilled,2024-08-18,2024-08-18
O000968,2024-08-16,D2C,R_N,SKU_CC_500,C00300,,1.0,1.0,1600,fulfilled,2024-08-18,2024-08-18
O000980,2024-08-16,D2C,R_N,SKU_CC_500,C00189,,0.5,0.5,1600,fulfilled,2024-08-18,2024-08-18
O000991,2024-08-16,D2C,R_S,SKU_CC_500,C00061,,1.0,1.0,1600,fulfilled,2024-08-18,2024-08-18
O000970,2024-08-17,D2C,R_N,SKU_CC_500,C00002,,2.0,2.0,1600,fulfilled,2024-08-19,2024-08-19
O000989,2024-08-17,D2C,R_S,SKU_CC_500,C00076,,1.0,1.0,1600,fulfilled,2024-08-19,2024-08-19
O000997,2024-08-17,D2C,R_S,SKU_CC_500,C00125,,0.5,0.5,1600,fulfilled,2024-08-19,2024-08-19
O000998,2024-08-17,D2C,R_S,SKU_CC_500,C00035,,2.0,2.0,1600,fulfilled,2024-08-19,2024-08-19
O001001,2024-08-17,D2C,R_S,SKU_CC_500,C00270,,1.0,1.0,1600,fulfilled,2024-08-19,2024-08-19
O000965,2024-08-18,D2C,R_N,SKU_CC_500,C00147,,1.0,1.0,1600,fulfilled,2024-08-20,2024-08-20
O000969,2024-08-18,D2C,R_N,SKU_CC_500,C00045,,1.0,1.0,1600,fulfilled,2024-08-20,2024-08-20
O000973,2024-08-18,D2C,R_N,SKU_CC_500,C00183,,2.0,2.0,1600,fulfilled,2024-08-20,2024-08-20
O000974,2024-08-18,D2C,R_N,SKU_CC_500,C00131,,1.5,1.5,1600,fulfilled,2024-08-20,2024-08-20
O000975,2024-08-18,D2C,R_N,SKU_CC_500,C00158,,0.5,0.5,1600,fulfilled,2024-08-20,2024-08-20
O000976,2024-08-18,D2C,R_N,SKU_CC_500,C00306,,1.0,1.0,1600,fulfilled,2024-08-20,2024-08-20
O000987,2024-08-18,D2C,R_N,SKU_CC_500,C00120,,1.0,1.0,1600,fulfilled,2024-08-20,2024-08-20
O000990,2024-08-18,D2C,R_S,SKU_CC_500,C00294,,0.5,0.5,1600,fulfilled,2024-08-20,2024-08-20
O000996,2024-08-18,D2C,R_S,SKU_CC_500,C00075,,0.5,0.5,1600,fulfilled,2024-08-20,2024-08-20
O001002,2024-08-18,D2C,R_S,SKU_CC_500,C00229,,1.5,1.5,1600,fulfilled,2024-08-20,2024-08-20
O001003,2024-08-19,D2C,R_N,SKU_CC_500,C00314,,2.0,2.0,1600,fulfilled,2024-08-21,2024-08-21
O001014,2024-08-19,D2C,R_N,SKU_CC_500,C00342,,1.5,1.5,1600,fulfilled,2024-08-21,2024-08-21
O001021,2024-08-19,D2C,R_N,SKU_CC_500,C00247,,1.5,1.5,1600,fulfilled,2024-08-21,2024-08-21
O001025,2024-08-19,D2C,R_N,SKU_CC_500,C00007,,1.5,1.5,1600,fulfilled,2024-08-21,2024-08-21
O001029,2024-08-19,D2C,R_S,SKU_CC_500,C00074,,1.5,1.5,1600,fulfilled,2024-08-21,2024-08-21
O001031,2024-08-19,D2C,R_S,SKU_CC_500,C00142,,2.0,2.0,1600,fulfilled,2024-08-21,2024-08-21
O001032,2024-08-19,D2C,R_S,SKU_CC_500,C00360,,1.5,1.5,1600,fulfilled,2024-08-21,2024-08-21
O001036,2024-08-19,D2C,R_S,SKU_CC_500,C00282,,0.5,0.5,1600,fulfilled,2024-08-21,2024-08-21
O001038,2024-08-19,D2C,R_S,SKU_CC_500,C00457,,2.0,2.0,1600,fulfilled,2024-08-21,2024-08-21
O006227,2024-08-19,B2B,R_N,SKU_CC_500,,ACC_DIST,74.8,74.8,1250,fulfilled,2024-08-22,2024-08-22
O006328,2024-08-19,B2B,R_S,SKU_CC_500,,ACC_REST,17.6,17.6,1400,fulfilled,2024-08-22,2024-08-22
O001006,2024-08-20,D2C,R_N,SKU_CC_500,C00444,,1.5,1.5,1600,fulfilled,2024-08-22,2024-08-22
O001010,2024-08-20,D2C,R_N,SKU_CC_500,C00292,,1.0,1.0,1600,fulfilled,2024-08-22,2024-08-22
O001013,2024-08-20,D2C,R_N,SKU_CC_500,C00071,,1.5,1.5,1600,fulfilled,2024-08-22,2024-08-22
O001004,2024-08-21,D2C,R_N,SKU_CC_500,C00043,,2.0,2.0,1600,fulfilled,2024-08-23,2024-08-23
O001008,2024-08-21,D2C,R_N,SKU_CC_500,C00286,,1.0,1.0,1600,fulfilled,2024-08-23,2024-08-23
O001017,2024-08-21,D2C,R_N,SKU_CC_500,C00119,,1.0,1.0,1600,fulfilled,2024-08-23,2024-08-23
O001020,2024-08-21,D2C,R_N,SKU_CC_500,C00174,,1.0,1.0,1600,fulfilled,2024-08-23,2024-08-23
O001024,2024-08-21,D2C,R_N,SKU_CC_500,C00305,,1.0,1.0,1600,fulfilled,2024-08-23,2024-08-23
O001028,2024-08-21,D2C,R_S,SKU_CC_500,C00405,,2.0,2.0,1600,fulfilled,2024-08-23,2024-08-23
O001035,2024-08-21,D2C,R_S,SKU_CC_500,C00257,,0.5,0.5,1600,fulfilled,2024-08-23,2024-08-23
O001005,2024-08-22,D2C,R_N,SKU_CC_500,C00444,,2.0,2.0,1600,fulfilled,2024-08-24,2024-08-24
O001026,2024-08-22,D2C,R_N,SKU_CC_500,C00043,,1.0,1.0,1600,fulfilled,2024-08-24,2024-08-24
O001027,2024-08-22,D2C,R_N,SKU_CC_500,C00007,,1.0,1.0,1600,fulfilled,2024-08-24,2024-08-24
O001030,2024-08-22,D2C,R_S,SKU_CC_500,C00294,,2.0,2.0,1600,fulfilled,2024-08-24,2024-08-24
O001039,2024-08-22,D2C,R_S,SKU_CC_500,C00258,,2.0,2.0,1600,fulfilled,2024-08-24,2024-08-24
O001041,2024-08-22,D2C,R_S,SKU_CC_500,C00220,,2.0,2.0,1600,fulfilled,2024-08-24,2024-08-24
O001007,2024-08-23,D2C,R_N,SKU_CC_500,C00277,,1.5,1.5,1600,fulfilled,2024-08-25,2024-08-25
O001012,2024-08-23,D2C,R_N,SKU_CC_500,C00329,,0.5,0.5,1600,fulfilled,2024-08-25,2024-08-25
O001016,2024-08-23,D2C,R_N,SKU_CC_500,C00014,,1.0,1.0,1600,fulfilled,2024-08-25,2024-08-25
O001022,2024-08-23,D2C,R_N,SKU_CC_500,C00416,,1.0,1.0,1600,fulfilled,2024-08-25,2024-08-25
O001023,2024-08-23,D2C,R_N,SKU_CC_500,C00118,,1.0,1.0,1600,fulfilled,2024-08-25,2024-08-25
O001034,2024-08-24,D2C,R_S,SKU_CC_500,C00402,,0.5,0.5,1600,fulfilled,2024-08-26,2024-08-26
O001009,2024-08-25,D2C,R_N,SKU_CC_500,C00029,,2.0,2.0,1600,fulfilled,2024-08-27,2024-08-27
O001011,2024-08-25,D2C,R_N,SKU_CC_500,C00415,,1.0,1.0,1600,fulfilled,2024-08-27,2024-08-27
O001015,2024-08-25,D2C,R_N,SKU_CC_500,C00188,,0.5,0.5,1600,fulfilled,2024-08-27,2024-08-27
O001018,2024-08-25,D2C,R_N,SKU_CC_500,C00390,,1.5,1.5,1600,fulfilled,2024-08-27,2024-08-27
O001019,2024-08-25,D2C,R_N,SKU_CC_500,C00390,,0.5,0.5,1600,fulfilled,2024-08-27,2024-08-27
O001033,2024-08-25,D2C,R_S,SKU_CC_500,C00456,,1.0,1.0,1600,fulfilled,2024-08-27,2024-08-27
O001037,2024-08-25,D2C,R_S,SKU_CC_500,C00220,,1.5,1.5,1600,fulfilled,2024-08-27,2024-08-27
O001040,2024-08-25,D2C,R_S,SKU_CC_500,C00218,,0.5,0.5,1600,fulfilled,2024-08-27,2024-08-27
O001045,2024-08-26,D2C,R_N,SKU_CC_500,C00081,,0.5,0.5,1600,fulfilled,2024-08-28,2024-08-28
O001051,2024-08-26,D2C,R_N,SKU_CC_500,C00394,,0.5,0.5,1600,fulfilled,2024-08-28,2024-08-28
O001070,2024-08-26,D2C,R_S,SKU_CC_500,C00388,,0.5,0.5,1600,fulfilled,2024-08-28,2024-08-28
O001072,2024-08-26,D2C,R_S,SKU_CC_500,C00153,,1.0,1.0,1600,fulfilled,2024-08-28,2024-08-28
O001078,2024-08-26,D2C,R_S,SKU_CC_500,C00320,,0.5,0.5,1600,fulfilled,2024-08-28,2024-08-28
O006228,2024-08-26,B2B,R_N,SKU_CC_500,,ACC_DIST,100.5,100.5,1250,fulfilled,2024-08-29,2024-08-29
O006329,2024-08-26,B2B,R_S,SKU_CC_500,,ACC_REST,17.5,17.5,1400,fulfilled,2024-08-29,2024-08-29
O001058,2024-08-27,D2C,R_N,SKU_CC_500,C00136,,2.0,2.0,1600,fulfilled,2024-08-29,2024-08-29
O001060,2024-08-27,D2C,R_N,SKU_CC_500,C00159,,1.0,1.0,1600,fulfilled,2024-08-29,2024-08-29
O001062,2024-08-27,D2C,R_N,SKU_CC_500,C00327,,0.5,0.5,1600,fulfilled,2024-08-29,2024-08-29
O001050,2024-08-28,D2C,R_N,SKU_CC_500,C00202,,1.0,1.0,1600,fulfilled,2024-08-30,2024-08-30
O001054,2024-08-28,D2C,R_N,SKU_CC_500,C00381,,2.0,2.0,1600,fulfilled,2024-08-30,2024-08-30
O001056,2024-08-28,D2C,R_N,SKU_CC_500,C00418,,0.5,0.5,1600,fulfilled,2024-08-30,2024-08-30
O001059,2024-08-28,D2C,R_N,SKU_CC_500,C00078,,0.5,0.5,1600,fulfilled,2024-08-30,2024-08-30
O001063,2024-08-28,D2C,R_N,SKU_CC_500,C00290,,0.5,0.5,1600,fulfilled,2024-08-30,2024-08-30
O001064,2024-08-28,D2C,R_N,SKU_CC_500,C00083,,2.0,2.0,1600,fulfilled,2024-08-30,2024-08-30
O001076,2024-08-28,D2C,R_S,SKU_CC_500,C00385,,1.0,1.0,1600,fulfilled,2024-08-30,2024-08-30
O001080,2024-08-28,D2C,R_S,SKU_CC_500,C00438,,1.5,1.5,1600,fulfilled,2024-08-30,2024-08-30
O001048,2024-08-29,D2C,R_N,SKU_CC_500,C00160,,1.0,1.0,1600,fulfilled,2024-08-31,2024-08-31
O001052,2024-08-29,D2C,R_N,SKU_CC_500,C00290,,2.0,2.0,1600,fulfilled,2024-08-31,2024-08-31
O001053,2024-08-29,D2C,R_N,SKU_CC_500,C00097,,0.5,0.5,1600,fulfilled,2024-08-31,2024-08-31
O001065,2024-08-29,D2C,R_N,SKU_CC_500,C00176,,0.5,0.5,1600,fulfilled,2024-08-31,2024-08-31
O001079,2024-08-29,D2C,R_S,SKU_CC_500,C00036,,0.5,0.5,1600,fulfilled,2024-08-31,2024-08-31
O001042,2024-08-30,D2C,R_N,SKU_CC_500,C00186,,1.0,1.0,1600,fulfilled,2024-09-01,2024-09-01
O001061,2024-08-30,D2C,R_N,SKU_CC_500,C00042,,0.5,0.5,1600,fulfilled,2024-09-01,2024-09-01
O001068,2024-08-30,D2C,R_S,SKU_CC_500,C00154,,0.5,0.5,1600,fulfilled,2024-09-01,2024-09-01
O001069,2024-08-30,D2C,R_S,SKU_CC_500,C00207,,0.5,0.5,1600,fulfilled,2024-09-01,2024-09-01
O001073,2024-08-30,D2C,R_S,SKU_CC_500,C00064,,2.0,2.0,1600,fulfilled,2024-09-01,2024-09-01
O001075,2024-08-30,D2C,R_S,SKU_CC_500,C00294,,0.5,0.5,1600,fulfilled,2024-09-01,2024-09-01
O001043,2024-08-31,D2C,R_N,SKU_CC_500,C00196,,2.0,2.0,1600,fulfilled,2024-09-02,2024-09-02
O001046,2024-08-31,D2C,R_N,SKU_CC_500,C00018,,0.5,0.5,1600,fulfilled,2024-09-02,2024-09-02
O001047,2024-08-31,D2C,R_N,SKU_CC_500,C00377,,0.5,0.5,1600,fulfilled,2024-09-02,2024-09-02
O001055,2024-08-31,D2C,R_N,SKU_CC_500,C00176,,0.5,0.5,1600,fulfilled,2024-09-02,2024-09-02
O001057,2024-08-31,D2C,R_N,SKU_CC_500,C00080,,0.5,0.5,1600,fulfilled,2024-09-02,2024-09-02
O001067,2024-08-31,D2C,R_S,SKU_CC_500,C00336,,0.5,0.5,1600,fulfilled,2024-09-02,2024-09-02
O001071,2024-08-31,D2C,R_S,SKU_CC_500,C00242,,0.5,0.5,1600,fulfilled,2024-09-02,2024-09-02
O001077,2024-08-31,D2C,R_S,SKU_CC_500,C00455,,1.0,1.0,1600,fulfilled,2024-09-02,2024-09-02
O001044,2024-09-01,D2C,R_N,SKU_CC_500,C00137,,2.0,2.0,1600,fulfilled,2024-09-03,2024-09-03
O001049,2024-09-01,D2C,R_N,SKU_CC_500,C00299,,0.5,0.5,1600,fulfilled,2024-09-03,2024-09-03
O001066,2024-09-01,D2C,R_N,SKU_CC_500,C00289,,1.5,1.5,1600,fulfilled,2024-09-03,2024-09-03
O001074,2024-09-01,D2C,R_S,SKU_CC_500,C00457,,0.5,0.5,1600,fulfilled,2024-09-03,2024-09-03
O001081,2024-09-02,D2C,R_N,SKU_CC_500,C00393,,0.5,0.5,1600,fulfilled,2024-09-04,2024-09-04
O001084,2024-09-02,D2C,R_N,SKU_CC_500,C00002,,1.0,1.0,1600,fulfilled,2024-09-04,2024-09-04
O001087,2024-09-02,D2C,R_N,SKU_CC_500,C00301,,2.0,2.0,1600,fulfilled,2024-09-04,2024-09-04
O001099,2024-09-02,D2C,R_N,SKU_CC_500,C00018,,0.5,0.5,1600,fulfilled,2024-09-04,2024-09-04
O001101,2024-09-02,D2C,R_N,SKU_CC_500,C00210,,2.0,2.0,1600,fulfilled,2024-09-04,2024-09-04
O001106,2024-09-02,D2C,R_N,SKU_CC_500,C00032,,2.0,2.0,1600,fulfilled,2024-09-04,2024-09-04
O001107,2024-09-02,D2C,R_S,SKU_CC_500,C00282,,0.5,0.5,1600,fulfilled,2024-09-04,2024-09-04
O001113,2024-09-02,D2C,R_S,SKU_CC_500,C00193,,2.0,2.0,1600,fulfilled,2024-09-04,2024-09-04
O001114,2024-09-02,D2C,R_S,SKU_CC_500,C00386,,1.5,1.5,1600,fulfilled,2024-09-04,2024-09-04
O006229,2024-09-02,B2B,R_N,SKU_CC_500,,ACC_DIST,102.9,102.9,1250,fulfilled,2024-09-05,2024-09-05
O006330,2024-09-02,B2B,R_S,SKU_CC_500,,ACC_REST,15.0,15.0,1400,fulfilled,2024-09-05,2024-09-05
O001093,2024-09-03,D2C,R_N,SKU_CC_500,C00352,,1.5,1.5,1600,fulfilled,2024-09-05,2024-09-05
O001094,2024-09-03,D2C,R_N,SKU_CC_500,C00136,,0.5,0.5,1600,fulfilled,2024-09-05,2024-09-05
O001095,2024-09-03,D2C,R_N,SKU_CC_500,C00290,,1.5,1.5,1600,fulfilled,2024-09-05,2024-09-05
O001112,2024-09-03,D2C,R_S,SKU_CC_500,C00061,,1.0,1.0,1600,fulfilled,2024-09-05,2024-09-05
O001119,2024-09-03,D2C,R_S,SKU_CC_500,C00129,,1.5,1.5,1600,fulfilled,2024-09-05,2024-09-05
O001091,2024-09-04,D2C,R_N,SKU_CC_500,C00319,,2.0,2.0,1600,fulfilled,2024-09-06,2024-09-06
O001098,2024-09-04,D2C,R_N,SKU_CC_500,C00030,,1.5,1.5,1600,fulfilled,2024-09-06,2024-09-06
O001100,2024-09-04,D2C,R_N,SKU_CC_500,C00483,,1.0,1.0,1600,fulfilled,2024-09-06,2024-09-06
O001116,2024-09-04,D2C,R_S,SKU_CC_500,C00336,,0.5,0.5,1600,fulfilled,2024-09-06,2024-09-06
O001086,2024-09-05,D2C,R_N,SKU_CC_500,C00380,,0.5,0.5,1600,fulfilled,2024-09-07,2024-09-07
O001083,2024-09-06,D2C,R_N,SKU_CC_500,C00033,,1.0,1.0,1600,fulfilled,2024-09-08,2024-09-08
O001085,2024-09-06,D2C,R_N,SKU_CC_500,C00160,,0.5,0.5,1600,fulfilled,2024-09-08,2024-09-08
O001088,2024-09-06,D2C,R_N,SKU_CC_500,C00317,,2.0,2.0,1600,fulfilled,2024-09-08,2024-09-08
O001097,2024-09-06,D2C,R_N,SKU_CC_500,C00273,,1.0,1.0,1600,fulfilled,2024-09-08,2024-09-08
O001104,2024-09-06,D2C,R_N,SKU_CC_500,C00415,,2.0,2.0,1600,fulfilled,2024-09-08,2024-09-08
O001105,2024-09-06,D2C,R_N,SKU_CC_500,C00137,,2.0,2.0,1600,fulfilled,2024-09-08,2024-09-08
O001111,2024-09-06,D2C,R_S,SKU_CC_500,C00180,,1.5,1.5,1600,fulfilled,2024-09-08,2024-09-08
O001117,2024-09-06,D2C,R_S,SKU_CC_500,C00259,,0.5,0.5,1600,fulfilled,2024-09-08,2024-09-08
O001082,2024-09-07,D2C,R_N,SKU_CC_500,C00344,,2.0,2.0,1600,fulfilled,2024-09-09,2024-09-09
O001089,2024-09-07,D2C,R_N,SKU_CC_500,C00252,,0.5,0.5,1600,fulfilled,2024-09-09,2024-09-09
O001092,2024-09-07,D2C,R_N,SKU_CC_500,C00221,,1.5,1.5,1600,fulfilled,2024-09-09,2024-09-09
O001108,2024-09-07,D2C,R_S,SKU_CC_500,C00113,,1.0,1.0,1600,fulfilled,2024-09-09,2024-09-09
O001110,2024-09-07,D2C,R_S,SKU_CC_500,C00164,,1.0,1.0,1600,fulfilled,2024-09-09,2024-09-09
O001120,2024-09-07,D2C,R_S,SKU_CC_500,C00102,,1.5,1.5,1600,fulfilled,2024-09-09,2024-09-09
O001090,2024-09-08,D2C,R_N,SKU_CC_500,C00109,,2.0,2.0,1600,fulfilled,2024-09-10,2024-09-10
O001096,2024-09-08,D2C,R_N,SKU_CC_500,C00475,,2.0,2.0,1600,fulfilled,2024-09-10,2024-09-10
O001102,2024-09-08,D2C,R_N,SKU_CC_500,C00121,,1.5,1.5,1600,fulfilled,2024-09-10,2024-09-10
O001103,2024-09-08,D2C,R_N,SKU_CC_500,C00318,,1.0,1.0,1600,fulfilled,2024-09-10,2024-09-10
O001109,2024-09-08,D2C,R_S,SKU_CC_500,C00142,,1.5,1.5,1600,fulfilled,2024-09-10,2024-09-10
O001115,2024-09-08,D2C,R_S,SKU_CC_500,C00087,,1.5,1.5,1600,fulfilled,2024-09-10,2024-09-10
O001118,2024-09-08,D2C,R_S,SKU_CC_500,C00203,,1.0,1.0,1600,fulfilled,2024-09-10,2024-09-10
O001121,2024-09-08,D2C,R_S,SKU_CC_500,C00363,,1.5,1.5,1600,fulfilled,2024-09-10,2024-09-10
O001138,2024-09-09,D2C,R_N,SKU_CC_500,C00279,,1.5,1.5,1600,fulfilled,2024-09-11,2024-09-11
O001140,2024-09-09,D2C,R_N,SKU_CC_500,C00213,,2.0,2.0,1600,fulfilled,2024-09-11,2024-09-11
O001143,2024-09-09,D2C,R_N,SKU_CC_500,C00130,,0.5,0.5,1600,fulfilled,2024-09-11,2024-09-11
O001153,2024-09-09,D2C,R_S,SKU_CC_500,C00337,,1.0,1.0,1600,fulfilled,2024-09-11,2024-09-11
O006230,2024-09-09,B2B,R_N,SKU_CC_500,,ACC_DIST,83.1,83.1,1250,fulfilled,2024-09-12,2024-09-12
O006331,2024-09-09,B2B,R_S,SKU_CC_500,,ACC_REST,17.2,17.2,1400,fulfilled,2024-09-12,2024-09-12
O001135,2024-09-10,D2C,R_N,SKU_CC_500,C00355,,1.0,1.0,1600,fulfilled,2024-09-12,2024-09-12
O001139,2024-09-10,D2C,R_N,SKU_CC_500,C00266,,1.5,1.5,1600,fulfilled,2024-09-12,2024-09-12
O001146,2024-09-10,D2C,R_N,SKU_CC_500,C00210,,2.0,2.0,1600,fulfilled,2024-09-12,2024-09-12
O001154,2024-09-10,D2C,R_S,SKU_CC_500,C00102,,1.5,1.5,1600,fulfilled,2024-09-12,2024-09-12
O001160,2024-09-10,D2C,R_S,SKU_CC_500,C00061,,1.5,1.5,1600,fulfilled,2024-09-12,2024-09-12
O001124,2024-09-11,D2C,R_N,SKU_CC_500,C00432,,1.5,1.5,1600,fulfilled,2024-09-13,2024-09-13
O001128,2024-09-11,D2C,R_N,SKU_CC_500,C00131,,1.5,1.5,1600,fulfilled,2024-09-13,2024-09-13
O001136,2024-09-11,D2C,R_N,SKU_CC_500,C00121,,1.5,1.5,1600,fulfilled,2024-09-13,2024-09-13
O001148,2024-09-11,D2C,R_S,SKU_CC_500,C00438,,2.0,2.0,1600,fulfilled,2024-09-13,2024-09-13
O001151,2024-09-11,D2C,R_S,SKU_CC_500,C00334,,1.5,1.5,1600,fulfilled,2024-09-13,2024-09-13
O001126,2024-09-12,D2C,R_N,SKU_CC_500,C00001,,1.0,1.0,1600,fulfilled,2024-09-14,2024-09-14
O001130,2024-09-12,D2C,R_N,SKU_CC_500,C00260,,2.0,2.0,1600,fulfilled,2024-09-14,2024-09-14
O001131,2024-09-12,D2C,R_N,SKU_CC_500,C00196,,1.5,1.5,1600,fulfilled,2024-09-14,2024-09-14
O001133,2024-09-12,D2C,R_N,SKU_CC_500,C00380,,1.5,1.5,1600,fulfilled,2024-09-14,2024-09-14
O001137,2024-09-12,D2C,R_N,SKU_CC_500,C00426,,0.5,0.5,1600,fulfilled,2024-09-14,2024-09-14
O001141,2024-09-12,D2C,R_N,SKU_CC_500,C00502,,1.0,1.0,1600,fulfilled,2024-09-14,2024-09-14
O001150,2024-09-12,D2C,R_S,SKU_CC_500,C00474,,2.0,2.0,1600,fulfilled,2024-09-14,2024-09-14
O001161,2024-09-12,D2C,R_S,SKU_CC_500,C00487,,0.5,0.5,1600,fulfilled,2024-09-14,2024-09-14
O001123,2024-09-13,D2C,R_N,SKU_CC_500,C00280,,1.5,1.5,1600,fulfilled,2024-09-15,2024-09-15
O001127,2024-09-13,D2C,R_N,SKU_CC_500,C00106,,1.0,1.0,1600,fulfilled,2024-09-15,2024-09-15
O001134,2024-09-13,D2C,R_N,SKU_CC_500,C00133,,1.5,1.5,1600,fulfilled,2024-09-15,2024-09-15
O001142,2024-09-13,D2C,R_N,SKU_CC_500,C00494,,1.0,1.0,1600,fulfilled,2024-09-15,2024-09-15
O001144,2024-09-13,D2C,R_N,SKU_CC_500,C00302,,0.5,0.5,1600,fulfilled,2024-09-15,2024-09-15
O001157,2024-09-13,D2C,R_S,SKU_CC_500,C00308,,0.5,0.5,1600,fulfilled,2024-09-15,2024-09-15
O001122,2024-09-14,D2C,R_N,SKU_CC_500,C00189,,2.0,2.0,1600,fulfilled,2024-09-16,2024-09-16
O001152,2024-09-14,D2C,R_S,SKU_CC_500,C00190,,1.0,1.0,1600,fulfilled,2024-09-16,2024-09-16
O001159,2024-09-14,D2C,R_S,SKU_CC_500,C00389,,1.5,1.5,1600,fulfilled,2024-09-16,2024-09-16
O001162,2024-09-14,D2C,R_S,SKU_CC_500,C00165,,0.5,0.5,1600,fulfilled,2024-09-16,2024-09-16
O001125,2024-09-15,D2C,R_N,SKU_CC_500,C00123,,2.0,2.0,1600,fulfilled,2024-09-17,2024-09-17
O001129,2024-09-15,D2C,R_N,SKU_CC_500,C00293,,1.0,1.0,1600,fulfilled,2024-09-17,2024-09-17
O001132,2024-09-15,D2C,R_N,SKU_CC_500,C00427,,2.0,2.0,1600,fulfilled,2024-09-17,2024-09-17
O001145,2024-09-15,D2C,R_N,SKU_CC_500,C00195,,0.5,0.5,1600,fulfilled,2024-09-17,2024-09-17
O001147,2024-09-15,D2C,R_N,SKU_CC_500,C00485,,1.5,1.5,1600,fulfilled,2024-09-17,2024-09-17
O001149,2024-09-15,D2C,R_S,SKU_CC_500,C00050,,2.0,2.0,1600,fulfilled,2024-09-17,2024-09-17
O001155,2024-09-15,D2C,R_S,SKU_CC_500,C00297,,1.5,1.5,1600,fulfilled,2024-09-17,2024-09-17
O001156,2024-09-15,D2C,R_S,SKU_CC_500,C00271,,1.0,1.0,1600,fulfilled,2024-09-17,2024-09-17
O001158,2024-09-15,D2C,R_S,SKU_CC_500,C00388,,1.5,1.5,1600,fulfilled,2024-09-17,2024-09-17
O001163,2024-09-16,D2C,R_N,SKU_CC_500,C00351,,1.0,1.0,1600,fulfilled,2024-09-18,2024-09-18
O001179,2024-09-16,D2C,R_N,SKU_CC_500,C00145,,2.0,2.0,1600,fulfilled,2024-09-18,2024-09-18
O001180,2024-09-16,D2C,R_N,SKU_CC_500,C00043,,2.0,2.0,1600,fulfilled,2024-09-18,2024-09-18
O001182,2024-09-16,D2C,R_N,SKU_CC_500,C00396,,1.5,1.5,1600,fulfilled,2024-09-18,2024-09-18
O001183,2024-09-16,D2C,R_N,SKU_CC_500,C00195,,0.5,0.5,1600,fulfilled,2024-09-18,2024-09-18
O001188,2024-09-16,D2C,R_N,SKU_CC_500,C00079,,2.0,2.0,1600,fulfilled,2024-09-18,2024-09-18
O001198,2024-09-16,D2C,R_S,SKU_CC_500,C00296,,1.5,1.5,1600,fulfilled,2024-09-18,2024-09-18
O006231,2024-09-16,B2B,R_N,SKU_CC_500,,ACC_DIST,98.6,98.6,1250,fulfilled,2024-09-19,2024-09-19
O006332,2024-09-16,B2B,R_S,SKU_CC_500,,ACC_REST,20.8,20.8,1400,fulfilled,2024-09-19,2024-09-19
O001165,2024-09-17,D2C,R_N,SKU_CC_500,C00447,,0.5,0.5,1600,fulfilled,2024-09-19,2024-09-19
O001177,2024-09-17,D2C,R_N,SKU_CC_500,C00469,,0.5,0.5,1600,fulfilled,2024-09-19,2024-09-19
O001181,2024-09-17,D2C,R_N,SKU_CC_500,C00480,,1.5,1.5,1600,fulfilled,2024-09-19,2024-09-19
O001186,2024-09-17,D2C,R_N,SKU_CC_500,C00052,,1.5,1.5,1600,fulfilled,2024-09-19,2024-09-19
O001189,2024-09-17,D2C,R_N,SKU_CC_500,C00415,,1.0,1.0,1600,fulfilled,2024-09-19,2024-09-19
O001192,2024-09-17,D2C,R_S,SKU_CC_500,C00062,,1.5,1.5,1600,fulfilled,2024-09-19,2024-09-19
O001195,2024-09-17,D2C,R_S,SKU_CC_500,C00256,,1.0,1.0,1600,fulfilled,2024-09-19,2024-09-19
O001164,2024-09-18,D2C,R_N,SKU_CC_500,C00170,,2.0,2.0,1600,fulfilled,2024-09-20,2024-09-20
O001168,2024-09-18,D2C,R_N,SKU_CC_500,C00312,,2.0,2.0,1600,fulfilled,2024-09-20,2024-09-20
O001184,2024-09-18,D2C,R_N,SKU_CC_500,C00174,,0.5,0.5,1600,fulfilled,2024-09-20,2024-09-20
O001196,2024-09-18,D2C,R_S,SKU_CC_500,C00283,,0.5,0.5,1600,fulfilled,2024-09-20,2024-09-20
O001202,2024-09-18,D2C,R_S,SKU_CC_500,C00245,,2.0,2.0,1600,fulfilled,2024-09-20,2024-09-20
O001203,2024-09-18,D2C,R_S,SKU_CC_500,C00190,,1.0,1.0,1600,fulfilled,2024-09-20,2024-09-20
O001170,2024-09-19,D2C,R_N,SKU_CC_500,C00315,,1.0,1.0,1600,fulfilled,2024-09-21,2024-09-21
O001176,2024-09-19,D2C,R_N,SKU_CC_500,C00175,,2.0,2.0,1600,fulfilled,2024-09-21,2024-09-21
O001191,2024-09-19,D2C,R_S,SKU_CC_500,C00440,,0.5,0.5,1600,fulfilled,2024-09-21,2024-09-21
O001193,2024-09-19,D2C,R_S,SKU_CC_500,C00438,,0.5,0.5,1600,fulfilled,2024-09-21,2024-09-21
O001200,2024-09-19,D2C,R_S,SKU_CC_500,C00151,,1.0,1.0,1600,fulfilled,2024-09-21,2024-09-21
O001171,2024-09-20,D2C,R_N,SKU_CC_500,C00093,,2.0,2.0,1600,fulfilled,2024-09-22,2024-09-22
O001173,2024-09-20,D2C,R_N,SKU_CC_500,C00267,,1.5,1.5,1600,fulfilled,2024-09-22,2024-09-22
O001175,2024-09-20,D2C,R_N,SKU_CC_500,C00280,,1.5,1.5,1600,fulfilled,2024-09-22,2024-09-22
O001178,2024-09-20,D2C,R_N,SKU_CC_500,C00393,,1.5,1.5,1600,fulfilled,2024-09-22,2024-09-22
O001187,2024-09-20,D2C,R_N,SKU_CC_500,C00289,,0.5,0.5,1600,fulfilled,2024-09-22,2024-09-22
O001197,2024-09-20,D2C,R_S,SKU_CC_500,C00035,,2.0,2.0,1600,fulfilled,2024-09-22,2024-09-22
O001166,2024-09-21,D2C,R_N,SKU_CC_500,C00018,,1.5,1.5,1600,fulfilled,2024-09-23,2024-09-23
O001185,2024-09-21,D2C,R_N,SKU_CC_500,C00196,,0.5,0.5,1600,fulfilled,2024-09-23,2024-09-23
O001190,2024-09-21,D2C,R_S,SKU_CC_500,C00142,,1.5,1.5,1600,fulfilled,2024-09-23,2024-09-23
O001194,2024-09-21,D2C,R_S,SKU_CC_500,C00075,,2.0,2.0,1600,fulfilled,2024-09-23,2024-09-23
O001199,2024-09-21,D2C,R_S,SKU_CC_500,C00385,,2.0,2.0,1600,fulfilled,2024-09-23,2024-09-23
O001201,2024-09-21,D2C,R_S,SKU_CC_500,C00490,,1.0,1.0,1600,fulfilled,2024-09-23,2024-09-23
O001167,2024-09-22,D2C,R_N,SKU_CC_500,C00267,,0.5,0.5,1600,fulfilled,2024-09-24,2024-09-24
O001169,2024-09-22,D2C,R_N,SKU_CC_500,C00104,,1.5,1.5,1600,fulfilled,2024-09-24,2024-09-24
O001172,2024-09-22,D2C,R_N,SKU_CC_500,C00312,,0.5,0.5,1600,fulfilled,2024-09-24,2024-09-24
O001174,2024-09-22,D2C,R_N,SKU_CC_500,C00464,,2.0,2.0,1600,fulfilled,2024-09-24,2024-09-24
O001204,2024-09-22,D2C,R_S,SKU_CC_500,C00077,,1.0,1.0,1600,fulfilled,2024-09-24,2024-09-24
O001211,2024-09-23,D2C,R_N,SKU_CC_500,C00121,,1.0,1.0,1600,fulfilled,2024-09-25,2024-09-25
O001224,2024-09-23,D2C,R_N,SKU_CC_500,C00400,,1.0,1.0,1600,fulfilled,2024-09-25,2024-09-25
O001227,2024-09-23,D2C,R_N,SKU_CC_500,C00528,,2.0,2.0,1600,fulfilled,2024-09-25,2024-09-25
O001228,2024-09-23,D2C,R_N,SKU_CC_500,C00197,,2.0,2.0,1600,fulfilled,2024-09-25,2024-09-25
O001230,2024-09-23,D2C,R_N,SKU_CC_500,C00415,,0.5,0.5,1600,fulfilled,2024-09-25,2024-09-25
O001243,2024-09-23,D2C,R_S,SKU_CC_500,C00474,,1.0,1.0,1600,fulfilled,2024-09-25,2024-09-25
O006232,2024-09-23,B2B,R_N,SKU_CC_500,,ACC_DIST,87.1,87.1,1250,fulfilled,2024-09-26,2024-09-26
O006333,2024-09-23,B2B,R_S,SKU_CC_500,,ACC_REST,19.2,19.2,1400,fulfilled,2024-09-26,2024-09-26
O001207,2024-09-24,D2C,R_N,SKU_CC_500,C00475,,1.0,1.0,1600,fulfilled,2024-09-26,2024-09-26
O001213,2024-09-24,D2C,R_N,SKU_CC_500,C00092,,0.5,0.5,1600,fulfilled,2024-09-26,2024-09-26
O001214,2024-09-24,D2C,R_N,SKU_CC_500,C00467,,2.0,2.0,1600,fulfilled,2024-09-26,2024-09-26
O001215,2024-09-24,D2C,R_N,SKU_CC_500,C00315,,1.0,1.0,1600,fulfilled,2024-09-26,2024-09-26
O001237,2024-09-24,D2C,R_S,SKU_CC_500,C00258,,1.0,1.0,1600,fulfilled,2024-09-26,2024-09-26
O001239,2024-09-24,D2C,R_S,SKU_CC_500,C00439,,0.5,0.5,1600,fulfilled,2024-09-26,2024-09-26
O001244,2024-09-24,D2C,R_S,SKU_CC_500,C00233,,0.5,0.5,1600,fulfilled,2024-09-26,2024-09-26
O001205,2024-09-25,D2C,R_N,SKU_CC_500,C00264,,0.5,0.5,1600,fulfilled,2024-09-27,2024-09-27
O001206,2024-09-25,D2C,R_N,SKU_CC_500,C00133,,2.0,2.0,1600,fulfilled,2024-09-27,2024-09-27
O001208,2024-09-25,D2C,R_N,SKU_CC_500,C00450,,0.5,0.5,1600,fulfilled,2024-09-27,2024-09-27
O001218,2024-09-25,D2C,R_N,SKU_CC_500,C00267,,0.5,0.5,1600,fulfilled,2024-09-27,2024-09-27
O001229,2024-09-25,D2C,R_N,SKU_CC_500,C00175,,0.5,0.5,1600,fulfilled,2024-09-27,2024-09-27
O001241,2024-09-25,D2C,R_S,SKU_CC_500,C00348,,2.0,2.0,1600,fulfilled,2024-09-27,2024-09-27
O001245,2024-09-25,D2C,R_S,SKU_CC_500,C00100,,2.0,2.0,1600,fulfilled,2024-09-27,2024-09-27
O001210,2024-09-26,D2C,R_N,SKU_CC_500,C00279,,0.5,0.5,1600,fulfilled,2024-09-28,2024-09-28
O001221,2024-09-26,D2C,R_N,SKU_CC_500,C00330,,2.0,2.0,1600,fulfilled,2024-09-28,2024-09-28
O001225,2024-09-26,D2C,R_N,SKU_CC_500,C00317,,1.0,1.0,1600,fulfilled,2024-09-28,2024-09-28
O001226,2024-09-26,D2C,R_N,SKU_CC_500,C00228,,1.5,1.5,1600,fulfilled,2024-09-28,2024-09-28
O001232,2024-09-26,D2C,R_S,SKU_CC_500,C00206,,1.0,1.0,1600,fulfilled,2024-09-28,2024-09-28
O001234,2024-09-26,D2C,R_S,SKU_CC_500,C00346,,0.5,0.5,1600,fulfilled,2024-09-28,2024-09-28
O001235,2024-09-26,D2C,R_S,SKU_CC_500,C00086,,2.0,2.0,1600,fulfilled,2024-09-28,2024-09-28
O001242,2024-09-26,D2C,R_S,SKU_CC_500,C00243,,1.0,1.0,1600,fulfilled,2024-09-28,2024-09-28
O001246,2024-09-26,D2C,R_S,SKU_CC_500,C00471,,1.5,1.5,1600,fulfilled,2024-09-28,2024-09-28
O001219,2024-09-27,D2C,R_N,SKU_CC_500,C00189,,0.5,0.5,1600,fulfilled,2024-09-29,2024-09-29
O001236,2024-09-27,D2C,R_S,SKU_CC_500,C00257,,0.5,0.5,1600,fulfilled,2024-09-29,2024-09-29
O001209,2024-09-28,D2C,R_N,SKU_CC_500,C00424,,1.0,1.0,1600,fulfilled,2024-09-30,2024-09-30
O001212,2024-09-28,D2C,R_N,SKU_CC_500,C00003,,0.5,0.5,1600,fulfilled,2024-09-30,2024-09-30
O001217,2024-09-28,D2C,R_N,SKU_CC_500,C00014,,1.0,1.0,1600,fulfilled,2024-09-30,2024-09-30
O001231,2024-09-28,D2C,R_N,SKU_CC_500,C00002,,0.5,0.5,1600,fulfilled,2024-09-30,2024-09-30
O001233,2024-09-28,D2C,R_S,SKU_CC_500,C00337,,2.0,2.0,1600,fulfilled,2024-09-30,2024-09-30
O001238,2024-09-28,D2C,R_S,SKU_CC_500,C00180,,2.0,2.0,1600,fulfilled,2024-09-30,2024-09-30
O001216,2024-09-29,D2C,R_N,SKU_CC_500,C00301,,2.0,2.0,1600,fulfilled,2024-10-01,2024-10-01
O001220,2024-09-29,D2C,R_N,SKU_CC_500,C00160,,1.0,1.0,1600,fulfilled,2024-10-01,2024-10-01
O001222,2024-09-29,D2C,R_N,SKU_CC_500,C00143,,2.0,2.0,1600,fulfilled,2024-10-01,2024-10-01
O001223,2024-09-29,D2C,R_N,SKU_CC_500,C00156,,0.5,0.5,1600,fulfilled,2024-10-01,2024-10-01
O001240,2024-09-29,D2C,R_S,SKU_CC_500,C00538,,0.5,0.5,1600,fulfilled,2024-10-01,2024-10-01
O001254,2024-09-30,D2C,R_N,SKU_CC_500,C00170,,1.0,1.0,1600,fulfilled,2024-10-02,2024-10-02
O001258,2024-09-30,D2C,R_N,SKU_CC_500,C00161,,1.5,1.5,1600,fulfilled,2024-10-02,2024-10-02
O001262,2024-09-30,D2C,R_N,SKU_CC_500,C00414,,1.0,1.0,1600,fulfilled,2024-10-02,2024-10-02
O001266,2024-09-30,D2C,R_N,SKU_CC_500,C00382,,1.5,1.5,1600,fulfilled,2024-10-02,2024-10-02
O001280,2024-09-30,D2C,R_S,SKU_CC_500,C00309,,0.5,0.5,1600,fulfilled,2024-10-02,2024-10-02
O006233,2024-09-30,B2B,R_N,SKU_CC_500,,ACC_DIST,85.2,85.2,1250,fulfilled,2024-10-03,2024-10-03
O006334,2024-09-30,B2B,R_S,SKU_CC_500,,ACC_REST,17.2,17.2,1400,fulfilled,2024-10-03,2024-10-03
O001249,2024-10-01,D2C,R_N,SKU_CC_500,C00043,,0.5,0.5,1600,fulfilled,2024-10-03,2024-10-03
O001252,2024-10-01,D2C,R_N,SKU_CC_500,C00444,,2.0,2.0,1600,fulfilled,2024-10-03,2024-10-03
O001270,2024-10-01,D2C,R_N,SKU_CC_500,C00290,,1.5,1.5,1600,fulfilled,2024-10-03,2024-10-03
O001272,2024-10-01,D2C,R_N,SKU_CC_500,C00149,,1.0,1.0,1600,fulfilled,2024-10-03,2024-10-03
O001285,2024-10-01,D2C,R_S,SKU_CC_500,C00023,,1.5,1.5,1600,fulfilled,2024-10-03,2024-10-03
O001288,2024-10-01,D2C,R_S,SKU_CC_500,C00166,,1.0,1.0,1600,fulfilled,2024-10-03,2024-10-03
O001251,2024-10-02,D2C,R_N,SKU_CC_500,C00429,,0.5,0.5,1600,fulfilled,2024-10-04,2024-10-04
O001253,2024-10-02,D2C,R_N,SKU_CC_500,C00124,,1.0,1.0,1600,fulfilled,2024-10-04,2024-10-04
O001267,2024-10-02,D2C,R_N,SKU_CC_500,C00197,,1.0,1.0,1600,fulfilled,2024-10-04,2024-10-04
O001269,2024-10-02,D2C,R_N,SKU_CC_500,C00325,,2.0,2.0,1600,fulfilled,2024-10-04,2024-10-04
O001277,2024-10-02,D2C,R_S,SKU_CC_500,C00139,,1.5,1.5,1600,fulfilled,2024-10-04,2024-10-04
O001279,2024-10-02,D2C,R_S,SKU_CC_500,C00558,,1.5,1.5,1600,fulfilled,2024-10-04,2024-10-04
O001282,2024-10-02,D2C,R_S,SKU_CC_500,C00555,,0.5,0.5,1600,fulfilled,2024-10-04,2024-10-04
O001248,2024-10-03,D2C,R_N,SKU_CC_500,C00516,,2.0,2.0,1600,fulfilled,2024-10-05,2024-10-05
O001255,2024-10-03,D2C,R_N,SKU_CC_500,C00016,,2.0,2.0,1600,fulfilled,2024-10-05,2024-10-05
O001275,2024-10-03,D2C,R_S,SKU_CC_500,C00556,,0.5,0.5,1600,fulfilled,2024-10-05,2024-10-05
O001284,2024-10-03,D2C,R_S,SKU_CC_500,C00074,,1.5,1.5,1600,fulfilled,2024-10-05,2024-10-05
O001247,2024-10-04,D2C,R_N,SKU_CC_500,C00476,,0.5,0.5,1600,fulfilled,2024-10-06,2024-10-06
O001261,2024-10-04,D2C,R_N,SKU_CC_500,C00261,,0.5,0.5,1600,fulfilled,2024-10-06,2024-10-06
O001263,2024-10-04,D2C,R_N,SKU_CC_500,C00383,,1.0,1.0,1600,fulfilled,2024-10-06,2024-10-06
O001265,2024-10-04,D2C,R_N,SKU_CC_500,C00019,,1.5,1.5,1600,fulfilled,2024-10-06,2024-10-06
O001268,2024-10-04,D2C,R_N,SKU_CC_500,C00501,,0.5,0.5,1600,fulfilled,2024-10-06,2024-10-06
O001273,2024-10-04,D2C,R_N,SKU_CC_500,C00005,,1.5,1.5,1600,fulfilled,2024-10-06,2024-10-06
O001276,2024-10-04,D2C,R_S,SKU_CC_500,C00360,,0.5,0.5,1600,fulfilled,2024-10-06,2024-10-06
O001287,2024-10-04,D2C,R_S,SKU_CC_500,C00090,,1.0,1.0,1600,fulfilled,2024-10-06,2024-10-06
O001289,2024-10-04,D2C,R_S,SKU_CC_500,C00295,,1.0,1.0,1600,fulfilled,2024-10-06,2024-10-06
O001250,2024-10-05,D2C,R_N,SKU_CC_500,C00199,,1.5,1.5,1600,fulfilled,2024-10-07,2024-10-07
O001256,2024-10-05,D2C,R_N,SKU_CC_500,C00197,,1.0,1.0,1600,fulfilled,2024-10-07,2024-10-07
O001257,2024-10-05,D2C,R_N,SKU_CC_500,C00261,,2.0,2.0,1600,fulfilled,2024-10-07,2024-10-07
O001264,2024-10-05,D2C,R_N,SKU_CC_500,C00110,,1.5,1.5,1600,fulfilled,2024-10-07,2024-10-07
O001271,2024-10-05,D2C,R_N,SKU_CC_500,C00017,,2.0,2.0,1600,fulfilled,2024-10-07,2024-10-07
O001274,2024-10-05,D2C,R_N,SKU_CC_500,C00046,,2.0,2.0,1600,fulfilled,2024-10-07,2024-10-07
O001278,2024-10-05,D2C,R_S,SKU_CC_500,C00246,,1.0,1.0,1600,fulfilled,2024-10-07,2024-10-07
O001283,2024-10-05,D2C,R_S,SKU_CC_500,C00270,,1.5,1.5,1600,fulfilled,2024-10-07,2024-10-07
O001259,2024-10-06,D2C,R_N,SKU_CC_500,C00273,,1.5,1.5,1600,fulfilled,2024-10-08,2024-10-08
O001260,2024-10-06,D2C,R_N,SKU_CC_500,C00134,,1.5,1.5,1600,fulfilled,2024-10-08,2024-10-08
O001281,2024-10-06,D2C,R_S,SKU_CC_500,C00294,,0.5,0.5,1600,fulfilled,2024-10-08,2024-10-08
O001286,2024-10-06,D2C,R_S,SKU_CC_500,C00404,,1.5,1.5,1600,fulfilled,2024-10-08,2024-10-08
O001297,2024-10-07,D2C,R_N,SKU_CC_500,C00503,,1.5,1.5,1600,fulfilled,2024-10-09,2024-10-09
O001301,2024-10-07,D2C,R_N,SKU_CC_500,C00378,,0.5,0.5,1600,fulfilled,2024-10-09,2024-10-09
O001309,2024-10-07,D2C,R_N,SKU_CC_500,C00238,,0.5,0.5,1600,fulfilled,2024-10-09,2024-10-09
O001314,2024-10-07,D2C,R_N,SKU_CC_500,C00017,,1.0,1.0,1600,fulfilled,2024-10-09,2024-10-09
O001320,2024-10-07,D2C,R_S,SKU_CC_500,C00362,,1.5,1.5,1600,fulfilled,2024-10-09,2024-10-09
O001329,2024-10-07,D2C,R_S,SKU_CC_500,C00025,,2.0,2.0,1600,fulfilled,2024-10-09,2024-10-09
O006234,2024-10-07,B2B,R_N,SKU_CC_500,,ACC_DIST,83.2,83.2,1250,fulfilled,2024-10-10,2024-10-10
O006335,2024-10-07,B2B,R_S,SKU_CC_500,,ACC_REST,20.1,20.1,1400,fulfilled,2024-10-10,2024-10-10
O001290,2024-10-08,D2C,R_N,SKU_CC_500,C00286,,2.0,2.0,1600,fulfilled,2024-10-10,2024-10-10
O001303,2024-10-08,D2C,R_N,SKU_CC_500,C00132,,1.5,1.5,1600,fulfilled,2024-10-10,2024-10-10
O001305,2024-10-08,D2C,R_N,SKU_CC_500,C00262,,0.5,0.5,1600,fulfilled,2024-10-10,2024-10-10
O001315,2024-10-08,D2C,R_N,SKU_CC_500,C00345,,1.5,1.5,1600,fulfilled,2024-10-10,2024-10-10
O001322,2024-10-08,D2C,R_S,SKU_CC_500,C00181,,2.0,2.0,1600,fulfilled,2024-10-10,2024-10-10
O001323,2024-10-08,D2C,R_S,SKU_CC_500,C00165,,1.0,1.0,1600,fulfilled,2024-10-10,2024-10-10
O001291,2024-10-09,D2C,R_N,SKU_CC_500,C00398,,0.5,0.5,1600,fulfilled,2024-10-11,2024-10-11
O001292,2024-10-09,D2C,R_N,SKU_CC_500,C00263,,1.5,1.5,1600,fulfilled,2024-10-11,2024-10-11
O001296,2024-10-09,D2C,R_N,SKU_CC_500,C00279,,2.0,2.0,1600,fulfilled,2024-10-11,2024-10-11
O001304,2024-10-09,D2C,R_N,SKU_CC_500,C00069,,1.5,1.5,1600,fulfilled,2024-10-11,2024-10-11
O001307,2024-10-09,D2C,R_N,SKU_CC_500,C00240,,1.5,1.5,1600,fulfilled,2024-10-11,2024-10-11
O001316,2024-10-09,D2C,R_N,SKU_CC_500,C00004,,0.5,0.5,1600,fulfilled,2024-10-11,2024-10-11
O001321,2024-10-09,D2C,R_S,SKU_CC_500,C00193,,0.5,0.5,1600,fulfilled,2024-10-11,2024-10-11
O001324,2024-10-09,D2C,R_S,SKU_CC_500,C00217,,2.0,2.0,1600,fulfilled,2024-10-11,2024-10-11
O001293,2024-10-10,D2C,R_N,SKU_CC_500,C00318,,2.0,2.0,1600,fulfilled,2024-10-12,2024-10-12
O001294,2024-10-10,D2C,R_N,SKU_CC_500,C00459,,2.0,2.0,1600,fulfilled,2024-10-12,2024-10-12
O001299,2024-10-10,D2C,R_N,SKU_CC_500,C00313,,2.0,2.0,1600,fulfilled,2024-10-12,2024-10-12
O001313,2024-10-10,D2C,R_N,SKU_CC_500,C00119,,0.5,0.5,1600,fulfilled,2024-10-12,2024-10-12
O001328,2024-10-10,D2C,R_S,SKU_CC_500,C00151,,2.0,2.0,1600,fulfilled,2024-10-12,2024-10-12
O001300,2024-10-11,D2C,R_N,SKU_CC_500,C00039,,1.5,1.5,1600,fulfilled,2024-10-13,2024-10-13
O001306,2024-10-11,D2C,R_N,SKU_CC_500,C00395,,1.0,1.0,1600,fulfilled,2024-10-13,2024-10-13
O001308,2024-10-11,D2C,R_N,SKU_CC_500,C00212,,1.0,1.0,1600,fulfilled,2024-10-13,2024-10-13
O001317,2024-10-11,D2C,R_N,SKU_CC_500,C00201,,2.0,2.0,1600,fulfilled,2024-10-13,2024-10-13
O001330,2024-10-11,D2C,R_S,SKU_CC_500,C00322,,1.5,1.5,1600,fulfilled,2024-10-13,2024-10-13
O001331,2024-10-11,D2C,R_S,SKU_CC_500,C00387,,1.5,1.5,1600,fulfilled,2024-10-13,2024-10-13
O001332,2024-10-11,D2C,R_S,SKU_CC_500,C00573,,2.0,2.0,1600,fulfilled,2024-10-13,2024-10-13
O001302,2024-10-12,D2C,R_N,SKU_CC_500,C00371,,1.0,1.0,1600,fulfilled,2024-10-14,2024-10-14
O001312,2024-10-12,D2C,R_N,SKU_CC_500,C00339,,2.0,2.0,1600,fulfilled,2024-10-14,2024-10-14
O001318,2024-10-12,D2C,R_S,SKU_CC_500,C00062,,2.0,2.0,1600,fulfilled,2024-10-14,2024-10-14
O001333,2024-10-12,D2C,R_S,SKU_CC_500,C00062,,0.5,0.5,1600,fulfilled,2024-10-14,2024-10-14
O001295,2024-10-13,D2C,R_N,SKU_CC_500,C00399,,1.5,1.5,1600,fulfilled,2024-10-15,2024-10-15
O001298,2024-10-13,D2C,R_N,SKU_CC_500,C00379,,1.0,1.0,1600,fulfilled,2024-10-15,2024-10-15
O001310,2024-10-13,D2C,R_N,SKU_CC_500,C00535,,1.0,1.0,1600,fulfilled,2024-10-15,2024-10-15
O001311,2024-10-13,D2C,R_N,SKU_CC_500,C00251,,0.5,0.5,1600,fulfilled,2024-10-15,2024-10-15
O001319,2024-10-13,D2C,R_S,SKU_CC_500,C00295,,1.5,1.5,1600,fulfilled,2024-10-15,2024-10-15
O001325,2024-10-13,D2C,R_S,SKU_CC_500,C00128,,0.5,0.5,1600,fulfilled,2024-10-15,2024-10-15
O001326,2024-10-13,D2C,R_S,SKU_CC_500,C00489,,1.0,1.0,1600,fulfilled,2024-10-15,2024-10-15
O001327,2024-10-13,D2C,R_S,SKU_CC_500,C00218,,1.5,1.5,1600,fulfilled,2024-10-15,2024-10-15
O001335,2024-10-14,D2C,R_N,SKU_CC_500,C00238,,1.5,1.5,1600,fulfilled,2024-10-16,2024-10-16
O001339,2024-10-14,D2C,R_N,SKU_CC_500,C00316,,1.0,1.0,1600,fulfilled,2024-10-16,2024-10-16
O001342,2024-10-14,D2C,R_N,SKU_CC_500,C00459,,1.5,1.5,1600,fulfilled,2024-10-16,2024-10-16
O001363,2024-10-14,D2C,R_S,SKU_CC_500,C00203,,1.0,1.0,1600,fulfilled,2024-10-16,2024-10-16
O001369,2024-10-14,D2C,R_S,SKU_CC_500,C00309,,0.5,0.5,1600,fulfilled,2024-10-16,2024-10-16
O001375,2024-10-14,D2C,R_S,SKU_CC_500,C00087,,1.5,1.5,1600,fulfilled,2024-10-16,2024-10-16
O006235,2024-10-14,B2B,R_N,SKU_CC_500,,ACC_DIST,84.6,84.6,1250,fulfilled,2024-10-17,2024-10-17
O006336,2024-10-14,B2B,R_S,SKU_CC_500,,ACC_REST,16.6,16.6,1400,fulfilled,2024-10-17,2024-10-17
O001337,2024-10-15,D2C,R_N,SKU_CC_500,C00450,,1.0,1.0,1600,fulfilled,2024-10-17,2024-10-17
O001338,2024-10-15,D2C,R_N,SKU_CC_500,C00561,,1.0,1.0,1600,fulfilled,2024-10-17,2024-10-17
O001340,2024-10-15,D2C,R_N,SKU_CC_500,C00275,,0.5,0.5,1600,fulfilled,2024-10-17,2024-10-17
O001341,2024-10-15,D2C,R_N,SKU_CC_500,C00526,,1.0,1.0,1600,fulfilled,2024-10-17,2024-10-17
O001344,2024-10-15,D2C,R_N,SKU_CC_500,C00326,,1.5,1.5,1600,fulfilled,2024-10-17,2024-10-17
O001349,2024-10-15,D2C,R_N,SKU_CC_500,C00434,,2.0,2.0,1600,fulfilled,2024-10-17,2024-10-17
O001350,2024-10-15,D2C,R_N,SKU_CC_500,C00312,,1.5,1.5,1600,fulfilled,2024-10-17,2024-10-17
O001359,2024-10-15,D2C,R_N,SKU_CC_500,C00084,,2.0,2.0,1600,fulfilled,2024-10-17,2024-10-17
O001366,2024-10-15,D2C,R_S,SKU_CC_500,C00454,,0.5,0.5,1600,fulfilled,2024-10-17,2024-10-17
O001376,2024-10-15,D2C,R_S,SKU_CC_500,C00167,,1.0,1.0,1600,fulfilled,2024-10-17,2024-10-17
O001377,2024-10-15,D2C,R_S,SKU_CC_500,C00361,,2.0,2.0,1600,fulfilled,2024-10-17,2024-10-17
O001345,2024-10-16,D2C,R_N,SKU_CC_500,C00395,,1.5,1.5,1600,fulfilled,2024-10-18,2024-10-18
O001361,2024-10-16,D2C,R_N,SKU_CC_500,C00033,,1.0,1.0,1600,fulfilled,2024-10-18,2024-10-18
O001374,2024-10-16,D2C,R_S,SKU_CC_500,C00165,,2.0,2.0,1600,fulfilled,2024-10-18,2024-10-18
O001343,2024-10-17,D2C,R_N,SKU_CC_500,C00013,,1.0,1.0,1600,fulfilled,2024-10-19,2024-10-19
O001346,2024-10-17,D2C,R_N,SKU_CC_500,C00157,,2.0,2.0,1600,fulfilled,2024-10-19,2024-10-19
O001347,2024-10-17,D2C,R_N,SKU_CC_500,C00429,,1.5,1.5,1600,fulfilled,2024-10-19,2024-10-19
O001353,2024-10-17,D2C,R_N,SKU_CC_500,C00288,,2.0,2.0,1600,fulfilled,2024-10-19,2024-10-19
O001354,2024-10-17,D2C,R_N,SKU_CC_500,C00500,,1.5,1.5,1600,fulfilled,2024-10-19,2024-10-19
O001372,2024-10-17,D2C,R_S,SKU_CC_500,C00193,,1.0,1.0,1600,fulfilled,2024-10-19,2024-10-19
O001373,2024-10-17,D2C,R_S,SKU_CC_500,C00405,,1.5,1.5,1600,fulfilled,2024-10-19,2024-10-19
O001351,2024-10-18,D2C,R_N,SKU_CC_500,C00409,,0.5,0.5,1600,fulfilled,2024-10-20,2024-10-20
O001356,2024-10-18,D2C,R_N,SKU_CC_500,C00407,,0.5,0.5,1600,fulfilled,2024-10-20,2024-10-20
O001364,2024-10-18,D2C,R_S,SKU_CC_500,C00074,,2.0,2.0,1600,fulfilled,2024-10-20,2024-10-20
O001365,2024-10-18,D2C,R_S,SKU_CC_500,C00438,,0.5,0.5,1600,fulfilled,2024-10-20,2024-10-20
O001370,2024-10-18,D2C,R_S,SKU_CC_500,C00089,,2.0,2.0,1600,fulfilled,2024-10-20,2024-10-20
O001371,2024-10-18,D2C,R_S,SKU_CC_500,C00437,,2.0,2.0,1600,fulfilled,2024-10-20,2024-10-20
O001352,2024-10-19,D2C,R_N,SKU_CC_500,C00477,,2.0,2.0,1600,fulfilled,2024-10-21,2024-10-21
O001357,2024-10-19,D2C,R_N,SKU_CC_500,C00342,,2.0,2.0,1600,fulfilled,2024-10-21,2024-10-21
O001358,2024-10-19,D2C,R_N,SKU_CC_500,C00400,,0.5,0.5,1600,fulfilled,2024-10-21,2024-10-21
O001360,2024-10-19,D2C,R_N,SKU_CC_500,C00241,,1.5,1.5,1600,fulfilled,2024-10-21,2024-10-21
O001334,2024-10-20,D2C,R_N,SKU_CC_500,C00132,,0.5,0.5,1600,fulfilled,2024-10-22,2024-10-22
O001336,2024-10-20,D2C,R_N,SKU_CC_500,C00537,,2.0,2.0,1600,fulfilled,2024-10-22,2024-10-22
O001348,2024-10-20,D2C,R_N,SKU_CC_500,C00452,,0.5,0.5,1600,fulfilled,2024-10-22,2024-10-22
O001355,2024-10-20,D2C,R_N,SKU_CC_500,C00393,,2.0,2.0,1600,fulfilled,2024-10-22,2024-10-22
O001362,2024-10-20,D2C,R_N,SKU_CC_500,C00301,,1.0,1.0,1600,fulfilled,2024-10-22,2024-10-22
O001367,2024-10-20,D2C,R_S,SKU_CC_500,C00349,,2.0,2.0,1600,fulfilled,2024-10-22,2024-10-22
O001368,2024-10-20,D2C,R_S,SKU_CC_500,C00194,,1.0,1.0,1600,fulfilled,2024-10-22,2024-10-22
O001378,2024-10-20,D2C,R_S,SKU_CC_500,C00073,,1.0,1.0,1600,fulfilled,2024-10-22,2024-10-22
O001392,2024-10-21,D2C,R_N,SKU_CC_500,C00484,,0.5,0.5,1600,fulfilled,2024-10-23,2024-10-23
O001396,2024-10-21,D2C,R_N,SKU_CC_500,C00445,,2.0,2.0,1600,fulfilled,2024-10-23,2024-10-23
O001399,2024-10-21,D2C,R_N,SKU_CC_500,C00325,,0.5,0.5,1600,fulfilled,2024-10-23,2024-10-23
O001410,2024-10-21,D2C,R_S,SKU_CC_500,C00346,,1.0,1.0,1600,fulfilled,2024-10-23,2024-10-23
O001413,2024-10-21,D2C,R_S,SKU_CC_500,C00296,,1.5,1.5,1600,fulfilled,2024-10-23,2024-10-23
O001422,2024-10-21,D2C,R_S,SKU_CC_500,C00334,,1.5,1.5,1600,fulfilled,2024-10-23,2024-10-23
O006236,2024-10-21,B2B,R_N,SKU_CC_500,,ACC_DIST,85.4,85.4,1250,fulfilled,2024-10-24,2024-10-24
O006337,2024-10-21,B2B,R_S,SKU_CC_500,,ACC_REST,17.5,17.5,1400,fulfilled,2024-10-24,2024-10-24
O001381,2024-10-22,D2C,R_N,SKU_CC_500,C00531,,2.0,2.0,1600,fulfilled,2024-10-24,2024-10-24
O001383,2024-10-22,D2C,R_N,SKU_CC_500,C00054,,1.0,1.0,1600,fulfilled,2024-10-24,2024-10-24
O001384,2024-10-22,D2C,R_N,SKU_CC_500,C00133,,1.5,1.5,1600,fulfilled,2024-10-24,2024-10-24
O001405,2024-10-22,D2C,R_N,SKU_CC_500,C00529,,1.5,1.5,1600,fulfilled,2024-10-24,2024-10-24
O001409,2024-10-22,D2C,R_S,SKU_CC_500,C00488,,1.0,1.0,1600,fulfilled,2024-10-24,2024-10-24
O001412,2024-10-22,D2C,R_S,SKU_CC_500,C00474,,1.5,1.5,1600,fulfilled,2024-10-24,2024-10-24
O001414,2024-10-22,D2C,R_S,SKU_CC_500,C00406,,1.0,1.0,1600,fulfilled,2024-10-24,2024-10-24
O001415,2024-10-22,D2C,R_S,SKU_CC_500,C00193,,2.0,2.0,1600,fulfilled,2024-10-24,2024-10-24
O001417,2024-10-22,D2C,R_S,SKU_CC_500,C00219,,1.0,1.0,1600,fulfilled,2024-10-24,2024-10-24
O001420,2024-10-22,D2C,R_S,SKU_CC_500,C00272,,1.5,1.5,1600,fulfilled,2024-10-24,2024-10-24
O001423,2024-10-22,D2C,R_S,SKU_CC_500,C00012,,1.0,1.0,1600,fulfilled,2024-10-24,2024-10-24
O001386,2024-10-23,D2C,R_N,SKU_CC_500,C00432,,1.5,1.5,1600,fulfilled,2024-10-25,2024-10-25
O001387,2024-10-23,D2C,R_N,SKU_CC_500,C00550,,1.5,1.5,1600,fulfilled,2024-10-25,2024-10-25
O001389,2024-10-23,D2C,R_N,SKU_CC_500,C00301,,1.0,1.0,1600,fulfilled,2024-10-25,2024-10-25
O001395,2024-10-23,D2C,R_N,SKU_CC_500,C00514,,0.5,0.5,1600,fulfilled,2024-10-25,2024-10-25
O001402,2024-10-23,D2C,R_N,SKU_CC_500,C00478,,1.5,1.5,1600,fulfilled,2024-10-25,2024-10-25
O001407,2024-10-23,D2C,R_N,SKU_CC_500,C00123,,1.5,1.5,1600,fulfilled,2024-10-25,2024-10-25
O001408,2024-10-23,D2C,R_N,SKU_CC_500,C00137,,1.5,1.5,1600,fulfilled,2024-10-25,2024-10-25
O001382,2024-10-24,D2C,R_N,SKU_CC_500,C00065,,0.5,0.5,1600,fulfilled,2024-10-26,2024-10-26
O001401,2024-10-24,D2C,R_N,SKU_CC_500,C00106,,2.0,2.0,1600,fulfilled,2024-10-26,2024-10-26
O001424,2024-10-24,D2C,R_S,SKU_CC_500,C00557,,1.5,1.5,1600,fulfilled,2024-10-26,2024-10-26
O001388,2024-10-25,D2C,R_N,SKU_CC_500,C00502,,2.0,2.0,1600,fulfilled,2024-10-27,2024-10-27
O001390,2024-10-25,D2C,R_N,SKU_CC_500,C00085,,0.5,0.5,1600,fulfilled,2024-10-27,2024-10-27
O001393,2024-10-25,D2C,R_N,SKU_CC_500,C00313,,0.5,0.5,1600,fulfilled,2024-10-27,2024-10-27
O001394,2024-10-25,D2C,R_N,SKU_CC_500,C00543,,1.5,1.5,1600,fulfilled,2024-10-27,2024-10-27
O001397,2024-10-25,D2C,R_N,SKU_CC_500,C00041,,1.5,1.5,1600,fulfilled,2024-10-27,2024-10-27
O001421,2024-10-25,D2C,R_S,SKU_CC_500,C00285,,1.5,1.5,1600,fulfilled,2024-10-27,2024-10-27
O001385,2024-10-26,D2C,R_N,SKU_CC_500,C00351,,0.5,0.5,1600,fulfilled,2024-10-28,2024-10-28
O001398,2024-10-26,D2C,R_N,SKU_CC_500,C00354,,0.5,0.5,1600,fulfilled,2024-10-28,2024-10-28
O001404,2024-10-26,D2C,R_N,SKU_CC_500,C00393,,1.5,1.5,1600,fulfilled,2024-10-28,2024-10-28
O001406,2024-10-26,D2C,R_N,SKU_CC_500,C00131,,2.0,2.0,1600,fulfilled,2024-10-28,2024-10-28
O001411,2024-10-26,D2C,R_S,SKU_CC_500,C00269,,1.0,1.0,1600,fulfilled,2024-10-28,2024-10-28
O001379,2024-10-27,D2C,R_N,SKU_CC_500,C00339,,1.0,1.0,1600,fulfilled,2024-10-29,2024-10-29
O001380,2024-10-27,D2C,R_N,SKU_CC_500,C00005,,2.0,2.0,1600,fulfilled,2024-10-29,2024-10-29
O001391,2024-10-27,D2C,R_N,SKU_CC_500,C00383,,1.5,1.5,1600,fulfilled,2024-10-29,2024-10-29
O001400,2024-10-27,D2C,R_N,SKU_CC_500,C00554,,2.0,2.0,1600,fulfilled,2024-10-29,2024-10-29
O001403,2024-10-27,D2C,R_N,SKU_CC_500,C00213,,2.0,2.0,1600,fulfilled,2024-10-29,2024-10-29
O001416,2024-10-27,D2C,R_S,SKU_CC_500,C00140,,2.0,2.0,1600,fulfilled,2024-10-29,2024-10-29
O001418,2024-10-27,D2C,R_S,SKU_CC_500,C00347,,0.5,0.5,1600,fulfilled,2024-10-29,2024-10-29
O001419,2024-10-27,D2C,R_S,SKU_CC_500,C00076,,2.0,2.0,1600,fulfilled,2024-10-29,2024-10-29
O001425,2024-10-28,D2C,R_N,SKU_CC_500,C00079,,1.5,1.5,1600,fulfilled,2024-10-30,2024-10-30
O001429,2024-10-28,D2C,R_N,SKU_CC_500,C00001,,2.0,2.0,1600,fulfilled,2024-10-30,2024-10-30
O001431,2024-10-28,D2C,R_N,SKU_CC_500,C00467,,1.5,1.5,1600,fulfilled,2024-10-30,2024-10-30
O001437,2024-10-28,D2C,R_N,SKU_CC_500,C00458,,2.0,2.0,1600,fulfilled,2024-10-30,2024-10-30
O001438,2024-10-28,D2C,R_N,SKU_CC_500,C00451,,0.5,0.5,1600,fulfilled,2024-10-30,2024-10-30
O006237,2024-10-28,B2B,R_N,SKU_CC_500,,ACC_DIST,77.7,77.7,1250,fulfilled,2024-10-31,2024-10-31
O006338,2024-10-28,B2B,R_S,SKU_CC_500,,ACC_REST,16.7,16.7,1400,fulfilled,2024-10-31,2024-10-31
O001428,2024-10-29,D2C,R_N,SKU_CC_500,C00288,,1.0,1.0,1600,fulfilled,2024-10-31,2024-10-31
O001432,2024-10-29,D2C,R_N,SKU_CC_500,C00602,,2.0,2.0,1600,fulfilled,2024-10-31,2024-10-31
O001441,2024-10-29,D2C,R_N,SKU_CC_500,C00579,,0.5,0.5,1600,fulfilled,2024-10-31,2024-10-31
O001443,2024-10-29,D2C,R_N,SKU_CC_500,C00426,,0.5,0.5,1600,fulfilled,2024-10-31,2024-10-31
O001445,2024-10-29,D2C,R_N,SKU_CC_500,C00520,,0.5,0.5,1600,fulfilled,2024-10-31,2024-10-31
O001448,2024-10-29,D2C,R_N,SKU_CC_500,C00595,,2.0,2.0,1600,fulfilled,2024-10-31,2024-10-31
O001449,2024-10-29,D2C,R_N,SKU_CC_500,C00416,,0.5,0.5,1600,fulfilled,2024-10-31,2024-10-31
O001450,2024-10-29,D2C,R_N,SKU_CC_500,C00564,,1.5,1.5,1600,fulfilled,2024-10-31,2024-10-31
O001455,2024-10-29,D2C,R_S,SKU_CC_500,C00180,,1.0,1.0,1600,fulfilled,2024-10-31,2024-10-31
O001459,2024-10-29,D2C,R_S,SKU_CC_500,C00323,,1.0,1.0,1600,fulfilled,2024-10-31,2024-10-31
O001463,2024-10-29,D2C,R_S,SKU_CC_500,C00609,,1.5,1.5,1600,fulfilled,2024-10-31,2024-10-31
O001465,2024-10-29,D2C,R_S,SKU_CC_500,C00576,,1.0,1.0,1600,fulfilled,2024-10-31,2024-10-31
O001468,2024-10-29,D2C,R_S,SKU_CC_500,C00572,,1.0,1.0,1600,fulfilled,2024-10-31,2024-10-31
O001471,2024-10-29,D2C,R_S,SKU_CC_500,C00307,,1.0,1.0,1600,fulfilled,2024-10-31,2024-10-31
O001447,2024-10-30,D2C,R_N,SKU_CC_500,C00411,,1.0,1.0,1600,fulfilled,2024-11-01,2024-11-01
O001458,2024-10-30,D2C,R_S,SKU_CC_500,C00557,,0.5,0.5,1600,fulfilled,2024-11-01,2024-11-01
O001460,2024-10-30,D2C,R_S,SKU_CC_500,C00626,,0.5,0.5,1600,fulfilled,2024-11-01,2024-11-01
O001466,2024-10-30,D2C,R_S,SKU_CC_500,C00508,,2.0,2.0,1600,fulfilled,2024-11-01,2024-11-01
O001426,2024-10-31,D2C,R_N,SKU_CC_500,C00495,,2.0,2.0,1600,fulfilled,2024-11-02,2024-11-02
O001433,2024-10-31,D2C,R_N,SKU_CC_500,C00364,,0.5,0.5,1600,fulfilled,2024-11-02,2024-11-02
O001434,2024-10-31,D2C,R_N,SKU_CC_500,C00566,,2.0,2.0,1600,fulfilled,2024-11-02,2024-11-02
O001464,2024-10-31,D2C,R_S,SKU_CC_500,C00140,,1.5,1.5,1600,fulfilled,2024-11-02,2024-11-02
O001430,2024-11-01,D2C,R_N,SKU_CC_500,C00264,,1.0,1.0,1600,fulfilled,2024-11-03,2024-11-03
O001435,2024-11-01,D2C,R_N,SKU_CC_500,C00303,,1.5,1.5,1600,fulfilled,2024-11-03,2024-11-03
O001439,2024-11-01,D2C,R_N,SKU_CC_500,C00001,,2.0,2.0,1600,fulfilled,2024-11-03,2024-11-03
O001442,2024-11-01,D2C,R_N,SKU_CC_500,C00495,,0.5,0.5,1600,fulfilled,2024-11-03,2024-11-03
O001444,2024-11-01,D2C,R_N,SKU_CC_500,C00482,,2.0,2.0,1600,fulfilled,2024-11-03,2024-11-03
O001446,2024-11-01,D2C,R_N,SKU_CC_500,C00552,,0.5,0.5,1600,fulfilled,2024-11-03,2024-11-03
O001454,2024-11-01,D2C,R_N,SKU_CC_500,C00401,,2.0,2.0,1600,fulfilled,2024-11-03,2024-11-03
O001462,2024-11-01,D2C,R_S,SKU_CC_500,C00125,,2.0,2.0,1600,fulfilled,2024-11-03,2024-11-03
O001470,2024-11-01,D2C,R_S,SKU_CC_500,C00282,,2.0,2.0,1600,fulfilled,2024-11-03,2024-11-03
O001436,2024-11-02,D2C,R_N,SKU_CC_500,C00410,,2.0,2.0,1600,fulfilled,2024-11-04,2024-11-04
O001451,2024-11-02,D2C,R_N,SKU_CC_500,C00169,,2.0,2.0,1600,fulfilled,2024-11-04,2024-11-04
O001452,2024-11-02,D2C,R_N,SKU_CC_500,C00135,,0.5,0.5,1600,fulfilled,2024-11-04,2024-11-04
O001457,2024-11-02,D2C,R_S,SKU_CC_500,C00101,,0.5,0.5,1600,fulfilled,2024-11-04,2024-11-04
O001461,2024-11-02,D2C,R_S,SKU_CC_500,C00362,,0.5,0.5,1600,fulfilled,2024-11-04,2024-11-04
O001467,2024-11-02,D2C,R_S,SKU_CC_500,C00297,,1.5,1.5,1600,fulfilled,2024-11-04,2024-11-04
O001469,2024-11-02,D2C,R_S,SKU_CC_500,C00050,,2.0,2.0,1600,fulfilled,2024-11-04,2024-11-04
O001427,2024-11-03,D2C,R_N,SKU_CC_500,C00543,,1.5,1.5,1600,fulfilled,2024-11-05,2024-11-05
O001440,2024-11-03,D2C,R_N,SKU_CC_500,C00027,,1.5,1.5,1600,fulfilled,2024-11-05,2024-11-05
O001453,2024-11-03,D2C,R_N,SKU_CC_500,C00621,,1.0,1.0,1600,fulfilled,2024-11-05,2024-11-05
O001456,2024-11-03,D2C,R_S,SKU_CC_500,C00269,,1.0,1.0,1600,fulfilled,2024-11-05,2024-11-05
O001479,2024-11-04,D2C,R_N,SKU_CC_500,C00431,,0.5,0.5,1600,fulfilled,2024-11-06,2024-11-06
O001481,2024-11-04,D2C,R_N,SKU_CC_500,C00497,,0.5,0.5,1600,fulfilled,2024-11-06,2024-11-06
O001485,2024-11-04,D2C,R_N,SKU_CC_500,C00424,,1.0,1.0,1600,fulfilled,2024-11-06,2024-11-06
O001490,2024-11-04,D2C,R_N,SKU_CC_500,C00304,,1.5,1.5,1600,fulfilled,2024-11-06,2024-11-06
O001497,2024-11-04,D2C,R_N,SKU_CC_500,C00407,,1.5,1.5,1600,fulfilled,2024-11-06,2024-11-06
O001503,2024-11-04,D2C,R_S,SKU_CC_500,C00089,,0.5,0.5,1600,fulfilled,2024-11-06,2024-11-06
O006238,2024-11-04,B2B,R_N,SKU_CC_500,,ACC_DIST,100.5,100.5,1250,fulfilled,2024-11-07,2024-11-07
O006339,2024-11-04,B2B,R_S,SKU_CC_500,,ACC_REST,17.4,17.4,1400,fulfilled,2024-11-07,2024-11-07
O001472,2024-11-05,D2C,R_N,SKU_CC_500,C00146,,1.0,1.0,1600,fulfilled,2024-11-07,2024-11-07
O001474,2024-11-05,D2C,R_N,SKU_CC_500,C00028,,1.5,1.5,1600,fulfilled,2024-11-07,2024-11-07
O001483,2024-11-05,D2C,R_N,SKU_CC_500,C00401,,2.0,2.0,1600,fulfilled,2024-11-07,2024-11-07
O001489,2024-11-05,D2C,R_N,SKU_CC_500,C00159,,0.5,0.5,1600,fulfilled,2024-11-07,2024-11-07
O001512,2024-11-05,D2C,R_S,SKU_CC_500,C00405,,1.5,1.5,1600,fulfilled,2024-11-07,2024-11-07
O001477,2024-11-06,D2C,R_N,SKU_CC_500,C00615,,1.5,1.5,1600,fulfilled,2024-11-08,2024-11-08
O001478,2024-11-06,D2C,R_N,SKU_CC_500,C00614,,1.0,1.0,1600,fulfilled,2024-11-08,2024-11-08
O001484,2024-11-06,D2C,R_N,SKU_CC_500,C00601,,2.0,2.0,1600,fulfilled,2024-11-08,2024-11-08
O001501,2024-11-06,D2C,R_N,SKU_CC_500,C00314,,0.5,0.5,1600,fulfilled,2024-11-08,2024-11-08
O001502,2024-11-06,D2C,R_N,SKU_CC_500,C00476,,1.0,1.0,1600,fulfilled,2024-11-08,2024-11-08
O001505,2024-11-06,D2C,R_S,SKU_CC_500,C00558,,2.0,2.0,1600,fulfilled,2024-11-08,2024-11-08
O001517,2024-11-06,D2C,R_S,SKU_CC_500,C00034,,0.5,0.5,1600,fulfilled,2024-11-08,2024-11-08
O001476,2024-11-07,D2C,R_N,SKU_CC_500,C00527,,1.0,1.0,1600,fulfilled,2024-11-09,2024-11-09
O001480,2024-11-07,D2C,R_N,SKU_CC_500,C00276,,0.5,0.5,1600,fulfilled,2024-11-09,2024-11-09
O001496,2024-11-07,D2C,R_N,SKU_CC_500,C00412,,1.5,1.5,1600,fulfilled,2024-11-09,2024-11-09
O001508,2024-11-07,D2C,R_S,SKU_CC_500,C00050,,1.0,1.0,1600,fulfilled,2024-11-09,2024-11-09
O001509,2024-11-07,D2C,R_S,SKU_CC_500,C00322,,1.0,1.0,1600,fulfilled,2024-11-09,2024-11-09
O001510,2024-11-07,D2C,R_S,SKU_CC_500,C00333,,1.0,1.0,1600,fulfilled,2024-11-09,2024-11-09
O001515,2024-11-07,D2C,R_S,SKU_CC_500,C00589,,1.5,1.5,1600,fulfilled,2024-11-09,2024-11-09
O001518,2024-11-07,D2C,R_S,SKU_CC_500,C00627,,1.0,1.0,1600,fulfilled,2024-11-09,2024-11-09
O001488,2024-11-08,D2C,R_N,SKU_CC_500,C00614,,0.5,0.5,1600,fulfilled,2024-11-10,2024-11-10
O001493,2024-11-08,D2C,R_N,SKU_CC_500,C00039,,1.0,1.0,1600,fulfilled,2024-11-10,2024-11-10
O001494,2024-11-08,D2C,R_N,SKU_CC_500,C00432,,0.5,0.5,1600,fulfilled,2024-11-10,2024-11-10
O001504,2024-11-08,D2C,R_S,SKU_CC_500,C00627,,0.5,0.5,1600,fulfilled,2024-11-10,2024-11-10
O001506,2024-11-08,D2C,R_S,SKU_CC_500,C00112,,1.5,1.5,1600,fulfilled,2024-11-10,2024-11-10
O001514,2024-11-08,D2C,R_S,SKU_CC_500,C00487,,2.0,2.0,1600,fulfilled,2024-11-10,2024-11-10
O001473,2024-11-09,D2C,R_N,SKU_CC_500,C00629,,2.0,2.0,1600,fulfilled,2024-11-11,2024-11-11
O001482,2024-11-09,D2C,R_N,SKU_CC_500,C00026,,0.5,0.5,1600,fulfilled,2024-11-11,2024-11-11
O001491,2024-11-09,D2C,R_N,SKU_CC_500,C00434,,1.0,1.0,1600,fulfilled,2024-11-11,2024-11-11
O001492,2024-11-09,D2C,R_N,SKU_CC_500,C00354,,1.5,1.5,1600,fulfilled,2024-11-11,2024-11-11
O001500,2024-11-09,D2C,R_N,SKU_CC_500,C00562,,2.0,2.0,1600,fulfilled,2024-11-11,2024-11-11
O001511,2024-11-09,D2C,R_S,SKU_CC_500,C00385,,0.5,0.5,1600,fulfilled,2024-11-11,2024-11-11
O001513,2024-11-09,D2C,R_S,SKU_CC_500,C00623,,1.0,1.0,1600,fulfilled,2024-11-11,2024-11-11
O001516,2024-11-09,D2C,R_S,SKU_CC_500,C00591,,1.5,1.5,1600,fulfilled,2024-11-11,2024-11-11
O001475,2024-11-10,D2C,R_N,SKU_CC_500,C00069,,1.0,1.0,1600,fulfilled,2024-11-12,2024-11-12
O001486,2024-11-10,D2C,R_N,SKU_CC_500,C00543,,0.5,0.5,1600,fulfilled,2024-11-12,2024-11-12
O001487,2024-11-10,D2C,R_N,SKU_CC_500,C00554,,1.0,1.0,1600,fulfilled,2024-11-12,2024-11-12
O001495,2024-11-10,D2C,R_N,SKU_CC_500,C00254,,1.5,1.5,1600,fulfilled,2024-11-12,2024-11-12
O001498,2024-11-10,D2C,R_N,SKU_CC_500,C00313,,1.0,1.0,1600,fulfilled,2024-11-12,2024-11-12
O001499,2024-11-10,D2C,R_N,SKU_CC_500,C00199,,0.5,0.5,1600,fulfilled,2024-11-12,2024-11-12
O001507,2024-11-10,D2C,R_S,SKU_CC_500,C00323,,0.5,0.5,1600,fulfilled,2024-11-12,2024-11-12
O001519,2024-11-10,D2C,R_S,SKU_CC_500,C00141,,1.5,1.5,1600,fulfilled,2024-11-12,2024-11-12
O001522,2024-11-11,D2C,R_N,SKU_CC_500,C00410,,2.0,2.0,1600,fulfilled,2024-11-13,2024-11-13
O001531,2024-11-11,D2C,R_N,SKU_CC_500,C00484,,1.5,1.5,1600,fulfilled,2024-11-13,2024-11-13
O001549,2024-11-11,D2C,R_N,SKU_CC_500,C00429,,1.5,1.5,1600,fulfilled,2024-11-13,2024-11-13
O001554,2024-11-11,D2C,R_S,SKU_CC_500,C00624,,2.0,2.0,1600,fulfilled,2024-11-13,2024-11-13
O001555,2024-11-11,D2C,R_S,SKU_CC_500,C00177,,1.5,1.5,1600,fulfilled,2024-11-13,2024-11-13
O006239,2024-11-11,B2B,R_N,SKU_CC_500,,ACC_DIST,87.6,87.6,1250,fulfilled,2024-11-14,2024-11-14
O006340,2024-11-11,B2B,R_S,SKU_CC_500,,ACC_REST,15.7,15.7,1400,fulfilled,2024-11-14,2024-11-14
O001528,2024-11-12,D2C,R_N,SKU_CC_500,C00304,,0.5,0.5,1600,fulfilled,2024-11-14,2024-11-14
O001529,2024-11-12,D2C,R_N,SKU_CC_500,C00014,,1.0,1.0,1600,fulfilled,2024-11-14,2024-11-14
O001530,2024-11-12,D2C,R_N,SKU_CC_500,C00065,,2.0,2.0,1600,fulfilled,2024-11-14,2024-11-14
O001537,2024-11-12,D2C,R_N,SKU_CC_500,C00316,,1.0,1.0,1600,fulfilled,2024-11-14,2024-11-14
O001552,2024-11-12,D2C,R_S,SKU_CC_500,C00099,,2.0,2.0,1600,fulfilled,2024-11-14,2024-11-14
O001557,2024-11-12,D2C,R_S,SKU_CC_500,C00643,,2.0,2.0,1600,fulfilled,2024-11-14,2024-11-14
O001561,2024-11-12,D2C,R_S,SKU_CC_500,C00389,,1.0,1.0,1600,fulfilled,2024-11-14,2024-11-14
O001521,2024-11-13,D2C,R_N,SKU_CC_500,C00239,,0.5,0.5,1600,fulfilled,2024-11-15,2024-11-15
O001527,2024-11-13,D2C,R_N,SKU_CC_500,C00301,,1.5,1.5,1600,fulfilled,2024-11-15,2024-11-15
O001539,2024-11-13,D2C,R_N,SKU_CC_500,C00208,,1.5,1.5,1600,fulfilled,2024-11-15,2024-11-15
O001548,2024-11-13,D2C,R_N,SKU_CC_500,C00293,,1.5,1.5,1600,fulfilled,2024-11-15,2024-11-15
O001553,2024-11-13,D2C,R_S,SKU_CC_500,C00127,,1.5,1.5,1600,fulfilled,2024-11-15,2024-11-15
O001562,2024-11-13,D2C,R_S,SKU_CC_500,C00128,,2.0,2.0,1600,fulfilled,2024-11-15,2024-11-15
O001567,2024-11-13,D2C,R_S,SKU_CC_500,C00387,,0.5,0.5,1600,fulfilled,2024-11-15,2024-11-15
O001523,2024-11-14,D2C,R_N,SKU_CC_500,C00396,,2.0,2.0,1600,fulfilled,2024-11-16,2024-11-16
O001532,2024-11-14,D2C,R_N,SKU_CC_500,C00383,,1.5,1.5,1600,fulfilled,2024-11-16,2024-11-16
O001541,2024-11-14,D2C,R_N,SKU_CC_500,C00072,,1.0,1.0,1600,fulfilled,2024-11-16,2024-11-16
O001542,2024-11-14,D2C,R_N,SKU_CC_500,C00619,,1.5,1.5,1600,fulfilled,2024-11-16,2024-11-16
O001543,2024-11-14,D2C,R_N,SKU_CC_500,C00223,,1.0,1.0,1600,fulfilled,2024-11-16,2024-11-16
O001546,2024-11-14,D2C,R_N,SKU_CC_500,C00434,,2.0,2.0,1600,fulfilled,2024-11-16,2024-11-16
O001559,2024-11-14,D2C,R_S,SKU_CC_500,C00436,,1.0,1.0,1600,fulfilled,2024-11-16,2024-11-16
O001564,2024-11-14,D2C,R_S,SKU_CC_500,C00658,,0.5,0.5,1600,fulfilled,2024-11-16,2024-11-16
O001565,2024-11-14,D2C,R_S,SKU_CC_500,C00242,,1.0,1.0,1600,fulfilled,2024-11-16,2024-11-16
O001525,2024-11-15,D2C,R_N,SKU_CC_500,C00427,,1.5,1.5,1600,fulfilled,2024-11-17,2024-11-17
O001526,2024-11-15,D2C,R_N,SKU_CC_500,C00509,,1.0,1.0,1600,fulfilled,2024-11-17,2024-11-17
O001538,2024-11-15,D2C,R_N,SKU_CC_500,C00477,,0.5,0.5,1600,fulfilled,2024-11-17,2024-11-17
O001544,2024-11-15,D2C,R_N,SKU_CC_500,C00441,,2.0,2.0,1600,fulfilled,2024-11-17,2024-11-17
O001545,2024-11-15,D2C,R_N,SKU_CC_500,C00158,,2.0,2.0,1600,fulfilled,2024-11-17,2024-11-17
O001550,2024-11-15,D2C,R_N,SKU_CC_500,C00577,,2.0,2.0,1600,fulfilled,2024-11-17,2024-11-17
O001551,2024-11-15,D2C,R_N,SKU_CC_500,C00480,,0.5,0.5,1600,fulfilled,2024-11-17,2024-11-17
O001520,2024-11-16,D2C,R_N,SKU_CC_500,C00368,,2.0,2.0,1600,fulfilled,2024-11-18,2024-11-18
O001534,2024-11-16,D2C,R_N,SKU_CC_500,C00628,,1.5,1.5,1600,fulfilled,2024-11-18,2024-11-18
O001540,2024-11-16,D2C,R_N,SKU_CC_500,C00390,,2.0,2.0,1600,fulfilled,2024-11-18,2024-11-18
O001556,2024-11-16,D2C,R_S,SKU_CC_500,C00051,,1.0,1.0,1600,fulfilled,2024-11-18,2024-11-18
O001566,2024-11-16,D2C,R_S,SKU_CC_500,C00361,,1.5,1.5,1600,fulfilled,2024-11-18,2024-11-18
O001524,2024-11-17,D2C,R_N,SKU_CC_500,C00004,,0.5,0.5,1600,fulfilled,2024-11-19,2024-11-19
O001533,2024-11-17,D2C,R_N,SKU_CC_500,C00452,,1.5,1.5,1600,fulfilled,2024-11-19,2024-11-19
O001535,2024-11-17,D2C,R_N,SKU_CC_500,C00273,,1.0,1.0,1600,fulfilled,2024-11-19,2024-11-19
O001536,2024-11-17,D2C,R_N,SKU_CC_500,C00390,,2.0,2.0,1600,fulfilled,2024-11-19,2024-11-19
O001547,2024-11-17,D2C,R_N,SKU_CC_500,C00561,,1.0,1.0,1600,fulfilled,2024-11-19,2024-11-19
O001558,2024-11-17,D2C,R_S,SKU_CC_500,C00088,,0.5,0.5,1600,fulfilled,2024-11-19,2024-11-19
O001560,2024-11-17,D2C,R_S,SKU_CC_500,C00190,,1.5,1.5,1600,fulfilled,2024-11-19,2024-11-19
O001563,2024-11-17,D2C,R_S,SKU_CC_500,C00282,,2.0,2.0,1600,fulfilled,2024-11-19,2024-11-19
O001568,2024-11-17,D2C,R_S,SKU_CC_500,C00507,,2.0,2.0,1600,fulfilled,2024-11-19,2024-11-19
O001572,2024-11-18,D2C,R_N,SKU_CC_500,C00564,,2.0,2.0,1600,fulfilled,2024-11-20,2024-11-20
O001582,2024-11-18,D2C,R_N,SKU_CC_500,C00069,,1.0,1.0,1600,fulfilled,2024-11-20,2024-11-20
O001591,2024-11-18,D2C,R_N,SKU_CC_500,C00533,,1.5,1.5,1600,fulfilled,2024-11-20,2024-11-20
O001596,2024-11-18,D2C,R_N,SKU_CC_500,C00516,,0.5,0.5,1600,fulfilled,2024-11-20,2024-11-20
O001597,2024-11-18,D2C,R_N,SKU_CC_500,C00428,,1.5,1.5,1600,fulfilled,2024-11-20,2024-11-20
O001600,2024-11-18,D2C,R_N,SKU_CC_500,C00499,,1.5,1.5,1600,fulfilled,2024-11-20,2024-11-20
O001603,2024-11-18,D2C,R_S,SKU_CC_500,C00140,,1.0,1.0,1600,fulfilled,2024-11-20,2024-11-20
O001611,2024-11-18,D2C,R_S,SKU_CC_500,C00205,,0.5,0.5,1600,fulfilled,2024-11-20,2024-11-20
O006240,2024-11-18,B2B,R_N,SKU_CC_500,,ACC_DIST,80.1,80.1,1250,fulfilled,2024-11-21,2024-11-21
O006341,2024-11-18,B2B,R_S,SKU_CC_500,,ACC_REST,18.5,18.5,1400,fulfilled,2024-11-21,2024-11-21
O001577,2024-11-19,D2C,R_N,SKU_CC_500,C00305,,1.5,1.5,1600,fulfilled,2024-11-21,2024-11-21
O001583,2024-11-19,D2C,R_N,SKU_CC_500,C00081,,2.0,2.0,1600,fulfilled,2024-11-21,2024-11-21
O001584,2024-11-19,D2C,R_N,SKU_CC_500,C00451,,1.0,1.0,1600,fulfilled,2024-11-21,2024-11-21
O001586,2024-11-19,D2C,R_N,SKU_CC_500,C00353,,2.0,2.0,1600,fulfilled,2024-11-21,2024-11-21
O001595,2024-11-19,D2C,R_N,SKU_CC_500,C00549,,2.0,2.0,1600,fulfilled,2024-11-21,2024-11-21
O001607,2024-11-19,D2C,R_S,SKU_CC_500,C00270,,0.5,0.5,1600,fulfilled,2024-11-21,2024-11-21
O001612,2024-11-19,D2C,R_S,SKU_CC_500,C00423,,1.5,1.5,1600,fulfilled,2024-11-21,2024-11-21
O001617,2024-11-19,D2C,R_S,SKU_CC_500,C00593,,0.5,0.5,1600,fulfilled,2024-11-21,2024-11-21
O001570,2024-11-20,D2C,R_N,SKU_CC_500,C00531,,1.0,1.0,1600,fulfilled,2024-11-22,2024-11-22
O001571,2024-11-20,D2C,R_N,SKU_CC_500,C00429,,2.0,2.0,1600,fulfilled,2024-11-22,2024-11-22
O001573,2024-11-20,D2C,R_N,SKU_CC_500,C00221,,1.5,1.5,1600,fulfilled,2024-11-22,2024-11-22
O001605,2024-11-20,D2C,R_S,SKU_CC_500,C00610,,2.0,2.0,1600,fulfilled,2024-11-22,2024-11-22
O001575,2024-11-21,D2C,R_N,SKU_CC_500,C00188,,2.0,2.0,1600,fulfilled,2024-11-23,2024-11-23
O001589,2024-11-21,D2C,R_N,SKU_CC_500,C00042,,1.5,1.5,1600,fulfilled,2024-11-23,2024-11-23
O001592,2024-11-21,D2C,R_N,SKU_CC_500,C00200,,1.5,1.5,1600,fulfilled,2024-11-23,2024-11-23
O001593,2024-11-21,D2C,R_N,SKU_CC_500,C00392,,0.5,0.5,1600,fulfilled,2024-11-23,2024-11-23
O001598,2024-11-21,D2C,R_N,SKU_CC_500,C00494,,2.0,2.0,1600,fulfilled,2024-11-23,2024-11-23
O001616,2024-11-21,D2C,R_S,SKU_CC_500,C00321,,0.5,0.5,1600,fulfilled,2024-11-23,2024-11-23
O001574,2024-11-22,D2C,R_N,SKU_CC_500,C00612,,1.0,1.0,1600,fulfilled,2024-11-24,2024-11-24
O001576,2024-11-22,D2C,R_N,SKU_CC_500,C00184,,2.0,2.0,1600,fulfilled,2024-11-24,2024-11-24
O001590,2024-11-22,D2C,R_N,SKU_CC_500,C00394,,1.5,1.5,1600,fulfilled,2024-11-24,2024-11-24
O001602,2024-11-22,D2C,R_S,SKU_CC_500,C00454,,1.0,1.0,1600,fulfilled,2024-11-24,2024-11-24
O001604,2024-11-22,D2C,R_S,SKU_CC_500,C00389,,0.5,0.5,1600,fulfilled,2024-11-24,2024-11-24
O001606,2024-11-22,D2C,R_S,SKU_CC_500,C00347,,1.5,1.5,1600,fulfilled,2024-11-24,2024-11-24
O001578,2024-11-23,D2C,R_N,SKU_CC_500,C00209,,0.5,0.5,1600,fulfilled,2024-11-25,2024-11-25
O001579,2024-11-23,D2C,R_N,SKU_CC_500,C00253,,1.0,1.0,1600,fulfilled,2024-11-25,2024-11-25
O001580,2024-11-23,D2C,R_N,SKU_CC_500,C00450,,0.5,0.5,1600,fulfilled,2024-11-25,2024-11-25
O001581,2024-11-23,D2C,R_N,SKU_CC_500,C00655,,1.5,1.5,1600,fulfilled,2024-11-25,2024-11-25
O001601,2024-11-23,D2C,R_S,SKU_CC_500,C00540,,1.5,1.5,1600,fulfilled,2024-11-25,2024-11-25
O001608,2024-11-23,D2C,R_S,SKU_CC_500,C00101,,0.5,0.5,1600,fulfilled,2024-11-25,2024-11-25
O001609,2024-11-23,D2C,R_S,SKU_CC_500,C00259,,0.5,0.5,1600,fulfilled,2024-11-25,2024-11-25
O001614,2024-11-23,D2C,R_S,SKU_CC_500,C00539,,1.0,1.0,1600,fulfilled,2024-11-25,2024-11-25
O001618,2024-11-23,D2C,R_S,SKU_CC_500,C00075,,2.0,2.0,1600,fulfilled,2024-11-25,2024-11-25
O001569,2024-11-24,D2C,R_N,SKU_CC_500,C00543,,1.5,1.5,1600,fulfilled,2024-11-26,2024-11-26
O001585,2024-11-24,D2C,R_N,SKU_CC_500,C00518,,0.5,0.5,1600,fulfilled,2024-11-26,2024-11-26
O001587,2024-11-24,D2C,R_N,SKU_CC_500,C00569,,2.0,2.0,1600,fulfilled,2024-11-26,2024-11-26
O001588,2024-11-24,D2C,R_N,SKU_CC_500,C00158,,1.0,1.0,1600,fulfilled,2024-11-26,2024-11-26
O001594,2024-11-24,D2C,R_N,SKU_CC_500,C00031,,0.5,0.5,1600,fulfilled,2024-11-26,2024-11-26
O001599,2024-11-24,D2C,R_N,SKU_CC_500,C00399,,1.0,1.0,1600,fulfilled,2024-11-26,2024-11-26
O001610,2024-11-24,D2C,R_S,SKU_CC_500,C00270,,2.0,2.0,1600,fulfilled,2024-11-26,2024-11-26
O001613,2024-11-24,D2C,R_S,SKU_CC_500,C00403,,1.5,1.5,1600,fulfilled,2024-11-26,2024-11-26
O001615,2024-11-24,D2C,R_S,SKU_CC_500,C00386,,2.0,2.0,1600,fulfilled,2024-11-26,2024-11-26
O001627,2024-11-25,D2C,R_N,SKU_CC_500,C00274,,1.5,1.5,1600,fulfilled,2024-11-27,2024-11-27
O001634,2024-11-25,D2C,R_N,SKU_CC_500,C00084,,0.5,0.5,1600,fulfilled,2024-11-27,2024-11-27
O001643,2024-11-25,D2C,R_N,SKU_CC_500,C00234,,2.0,2.0,1600,fulfilled,2024-11-27,2024-11-27
O001645,2024-11-25,D2C,R_N,SKU_CC_500,C00666,,0.5,0.5,1600,fulfilled,2024-11-27,2024-11-27
O001652,2024-11-25,D2C,R_S,SKU_CC_500,C00335,,0.5,0.5,1600,fulfilled,2024-11-27,2024-11-27
O001661,2024-11-25,D2C,R_S,SKU_CC_500,C00687,,1.5,1.5,1600,fulfilled,2024-11-27,2024-11-27
O001662,2024-11-25,D2C,R_S,SKU_CC_500,C00609,,0.5,0.5,1600,fulfilled,2024-11-27,2024-11-27
O006241,2024-11-25,B2B,R_N,SKU_CC_500,,ACC_DIST,87.2,87.2,1250,fulfilled,2024-11-28,2024-11-28
O006342,2024-11-25,B2B,R_S,SKU_CC_500,,ACC_REST,15.7,15.7,1400,fulfilled,2024-11-28,2024-11-28
O001620,2024-11-26,D2C,R_N,SKU_CC_500,C00304,,1.0,1.0,1600,fulfilled,2024-11-28,2024-11-28
O001622,2024-11-26,D2C,R_N,SKU_CC_500,C00545,,1.0,1.0,1600,fulfilled,2024-11-28,2024-11-28
O001648,2024-11-26,D2C,R_N,SKU_CC_500,C00176,,0.5,0.5,1600,fulfilled,2024-11-28,2024-11-28
O001651,2024-11-26,D2C,R_N,SKU_CC_500,C00301,,1.0,1.0,1600,fulfilled,2024-11-28,2024-11-28
O001658,2024-11-26,D2C,R_S,SKU_CC_500,C00035,,0.5,0.5,1600,fulfilled,2024-11-28,2024-11-28
O001664,2024-11-26,D2C,R_S,SKU_CC_500,C00298,,1.5,1.5,1600,fulfilled,2024-11-28,2024-11-28
O001667,2024-11-26,D2C,R_S,SKU_CC_500,C00243,,0.5,0.5,1600,fulfilled,2024-11-28,2024-11-28
O001668,2024-11-26,D2C,R_S,SKU_CC_500,C00191,,1.5,1.5,1600,fulfilled,2024-11-28,2024-11-28
O001625,2024-11-27,D2C,R_N,SKU_CC_500,C00500,,2.0,2.0,1600,fulfilled,2024-11-29,2024-11-29
O001632,2024-11-27,D2C,R_N,SKU_CC_500,C00678,,1.0,1.0,1600,fulfilled,2024-11-29,2024-11-29
O001650,2024-11-27,D2C,R_N,SKU_CC_500,C00208,,1.5,1.5,1600,fulfilled,2024-11-29,2024-11-29
O001653,2024-11-27,D2C,R_S,SKU_CC_500,C00361,,0.5,0.5,1600,fulfilled,2024-11-29,2024-11-29
O001639,2024-11-28,D2C,R_N,SKU_CC_500,C00531,,1.0,1.0,1600,fulfilled,2024-11-30,2024-11-30
O001659,2024-11-28,D2C,R_S,SKU_CC_500,C00576,,1.5,1.5,1600,fulfilled,2024-11-30,2024-11-30
O001669,2024-11-28,D2C,R_S,SKU_CC_500,C00420,,0.5,0.5,1600,fulfilled,2024-11-30,2024-11-30
O001623,2024-11-29,D2C,R_N,SKU_CC_500,C00482,,0.5,0.5,1600,fulfilled,2024-12-01,2024-12-01
O001630,2024-11-29,D2C,R_N,SKU_CC_500,C00146,,1.5,1.5,1600,fulfilled,2024-12-01,2024-12-01
O001635,2024-11-29,D2C,R_N,SKU_CC_500,C00226,,0.5,0.5,1600,fulfilled,2024-12-01,2024-12-01
O001638,2024-11-29,D2C,R_N,SKU_CC_500,C00111,,0.5,0.5,1600,fulfilled,2024-12-01,2024-12-01
O001644,2024-11-29,D2C,R_N,SKU_CC_500,C00653,,2.0,2.0,1600,fulfilled,2024-12-01,2024-12-01
O001646,2024-11-29,D2C,R_N,SKU_CC_500,C00056,,1.5,1.5,1600,fulfilled,2024-12-01,2024-12-01
O001654,2024-11-29,D2C,R_S,SKU_CC_500,C00191,,1.0,1.0,1600,fulfilled,2024-12-01,2024-12-01
O001663,2024-11-29,D2C,R_S,SKU_CC_500,C00116,,1.5,1.5,1600,fulfilled,2024-12-01,2024-12-01
O001626,2024-11-30,D2C,R_N,SKU_CC_500,C00553,,1.0,1.0,1600,fulfilled,2024-12-02,2024-12-02
O001628,2024-11-30,D2C,R_N,SKU_CC_500,C00462,,2.0,2.0,1600,fulfilled,2024-12-02,2024-12-02
O001642,2024-11-30,D2C,R_N,SKU_CC_500,C00315,,1.0,1.0,1600,fulfilled,2024-12-02,2024-12-02
O001665,2024-11-30,D2C,R_S,SKU_CC_500,C00064,,1.5,1.5,1600,fulfilled,2024-12-02,2024-12-02
O001619,2024-12-01,D2C,R_N,SKU_CC_500,C00249,,2.0,2.0,1600,fulfilled,2024-12-03,2024-12-03
O001621,2024-12-01,D2C,R_N,SKU_CC_500,C00250,,1.0,1.0,1600,fulfilled,2024-12-03,2024-12-03
O001624,2024-12-01,D2C,R_N,SKU_CC_500,C00603,,1.0,1.0,1600,fulfilled,2024-12-03,2024-12-03
O001629,2024-12-01,D2C,R_N,SKU_CC_500,C00201,,1.0,1.0,1600,fulfilled,2024-12-03,2024-12-03
O001631,2024-12-01,D2C,R_N,SKU_CC_500,C00452,,1.5,1.5,1600,fulfilled,2024-12-03,2024-12-03
O001633,2024-12-01,D2C,R_N,SKU_CC_500,C00170,,1.0,1.0,1600,fulfilled,2024-12-03,2024-12-03
O001636,2024-12-01,D2C,R_N,SKU_CC_500,C00425,,2.0,2.0,1600,fulfilled,2024-12-03,2024-12-03
O001637,2024-12-01,D2C,R_N,SKU_CC_500,C00199,,0.5,0.5,1600,fulfilled,2024-12-03,2024-12-03
O001640,2024-12-01,D2C,R_N,SKU_CC_500,C00030,,1.0,1.0,1600,fulfilled,2024-12-03,2024-12-03
O001641,2024-12-01,D2C,R_N,SKU_CC_500,C00545,,0.5,0.5,1600,fulfilled,2024-12-03,2024-12-03
O001647,2024-12-01,D2C,R_N,SKU_CC_500,C00276,,1.5,1.5,1600,fulfilled,2024-12-03,2024-12-03
O001649,2024-12-01,D2C,R_N,SKU_CC_500,C00567,,1.0,1.0,1600,fulfilled,2024-12-03,2024-12-03
O001655,2024-12-01,D2C,R_S,SKU_CC_500,C00297,,0.5,0.5,1600,fulfilled,2024-12-03,2024-12-03
O001656,2024-12-01,D2C,R_S,SKU_CC_500,C00608,,1.0,1.0,1600,fulfilled,2024-12-03,2024-12-03
O001657,2024-12-01,D2C,R_S,SKU_CC_500,C00177,,1.5,1.5,1600,fulfilled,2024-12-03,2024-12-03
O001660,2024-12-01,D2C,R_S,SKU_CC_500,C00644,,1.5,1.5,1600,fulfilled,2024-12-03,2024-12-03
O001666,2024-12-01,D2C,R_S,SKU_CC_500,C00359,,1.5,1.5,1600,fulfilled,2024-12-03,2024-12-03
O001671,2024-12-02,D2C,R_N,SKU_CC_500,C00605,,0.5,0.5,1600,fulfilled,2024-12-04,2024-12-04
O001675,2024-12-02,D2C,R_N,SKU_CC_500,C00451,,1.0,1.0,1600,fulfilled,2024-12-04,2024-12-04
O001688,2024-12-02,D2C,R_N,SKU_CC_500,C00481,,2.0,2.0,1600,fulfilled,2024-12-04,2024-12-04
O001692,2024-12-02,D2C,R_N,SKU_CC_500,C00479,,1.0,1.0,1600,fulfilled,2024-12-04,2024-12-04
O001694,2024-12-02,D2C,R_N,SKU_CC_500,C00616,,0.5,0.5,1600,fulfilled,2024-12-04,2024-12-04
O001699,2024-12-02,D2C,R_N,SKU_CC_500,C00664,,0.5,0.5,1600,fulfilled,2024-12-04,2024-12-04
O001702,2024-12-02,D2C,R_N,SKU_CC_500,C00424,,1.0,1.0,1600,fulfilled,2024-12-04,2024-12-04
O001716,2024-12-02,D2C,R_S,SKU_CC_500,C00453,,0.5,0.5,1600,fulfilled,2024-12-04,2024-12-04
O001720,2024-12-02,D2C,R_S,SKU_CC_500,C00540,,0.5,0.5,1600,fulfilled,2024-12-04,2024-12-04
O006242,2024-12-02,B2B,R_N,SKU_CC_500,,ACC_DIST,89.3,89.3,1250,fulfilled,2024-12-05,2024-12-05
O006343,2024-12-02,B2B,R_S,SKU_CC_500,,ACC_REST,17.7,17.7,1400,fulfilled,2024-12-05,2024-12-05
O001680,2024-12-03,D2C,R_N,SKU_CC_500,C00650,,1.0,1.0,1600,fulfilled,2024-12-05,2024-12-05
O001683,2024-12-03,D2C,R_N,SKU_CC_500,C00326,,1.0,1.0,1600,fulfilled,2024-12-05,2024-12-05
O001690,2024-12-03,D2C,R_N,SKU_CC_500,C00408,,1.0,1.0,1600,fulfilled,2024-12-05,2024-12-05
O001698,2024-12-03,D2C,R_N,SKU_CC_500,C00601,,1.0,1.0,1600,fulfilled,2024-12-05,2024-12-05
O001703,2024-12-03,D2C,R_S,SKU_CC_500,C00522,,0.5,0.5,1600,fulfilled,2024-12-05,2024-12-05
O001705,2024-12-03,D2C,R_S,SKU_CC_500,C00521,,1.5,1.5,1600,fulfilled,2024-12-05,2024-12-05
O001717,2024-12-03,D2C,R_S,SKU_CC_500,C00589,,2.0,2.0,1600,fulfilled,2024-12-05,2024-12-05
O001677,2024-12-04,D2C,R_N,SKU_CC_500,C00595,,2.0,2.0,1600,fulfilled,2024-12-06,2024-12-06
O001679,2024-12-04,D2C,R_N,SKU_CC_500,C00161,,1.5,1.5,1600,fulfilled,2024-12-06,2024-12-06
O001686,2024-12-04,D2C,R_N,SKU_CC_500,C00211,,2.0,2.0,1600,fulfilled,2024-12-06,2024-12-06
O001691,2024-12-04,D2C,R_N,SKU_CC_500,C00476,,1.0,1.0,1600,fulfilled,2024-12-06,2024-12-06
O001704,2024-12-04,D2C,R_S,SKU_CC_500,C00659,,2.0,2.0,1600,fulfilled,2024-12-06,2024-12-06
O001709,2024-12-04,D2C,R_S,SKU_CC_500,C00141,,1.5,1.5,1600,fulfilled,2024-12-06,2024-12-06
O001712,2024-12-04,D2C,R_S,SKU_CC_500,C00525,,2.0,2.0,1600,fulfilled,2024-12-06,2024-12-06
O001672,2024-12-05,D2C,R_N,SKU_CC_500,C00528,,2.0,2.0,1600,fulfilled,2024-12-07,2024-12-07
O001681,2024-12-05,D2C,R_N,SKU_CC_500,C00262,,2.0,2.0,1600,fulfilled,2024-12-07,2024-12-07
O001687,2024-12-05,D2C,R_N,SKU_CC_500,C00341,,2.0,2.0,1600,fulfilled,2024-12-07,2024-12-07
O001689,2024-12-05,D2C,R_N,SKU_CC_500,C00652,,1.0,1.0,1600,fulfilled,2024-12-07,2024-12-07
O001695,2024-12-05,D2C,R_N,SKU_CC_500,C00379,,0.5,0.5,1600,fulfilled,2024-12-07,2024-12-07
O001706,2024-12-05,D2C,R_S,SKU_CC_500,C00139,,1.5,1.5,1600,fulfilled,2024-12-07,2024-12-07
O001707,2024-12-05,D2C,R_S,SKU_CC_500,C00283,,0.5,0.5,1600,fulfilled,2024-12-07,2024-12-07
O001710,2024-12-05,D2C,R_S,SKU_CC_500,C00439,,1.5,1.5,1600,fulfilled,2024-12-07,2024-12-07
O001719,2024-12-05,D2C,R_S,SKU_CC_500,C00439,,1.5,1.5,1600,fulfilled,2024-12-07,2024-12-07
O001693,2024-12-06,D2C,R_N,SKU_CC_500,C00693,,1.0,1.0,1600,fulfilled,2024-12-08,2024-12-08
O001696,2024-12-06,D2C,R_N,SKU_CC_500,C00578,,2.0,2.0,1600,fulfilled,2024-12-08,2024-12-08
O001697,2024-12-06,D2C,R_N,SKU_CC_500,C00647,,1.0,1.0,1600,fulfilled,2024-12-08,2024-12-08
O001700,2024-12-06,D2C,R_N,SKU_CC_500,C00570,,1.5,1.5,1600,fulfilled,2024-12-08,2024-12-08
O001711,2024-12-06,D2C,R_S,SKU_CC_500,C00243,,1.0,1.0,1600,fulfilled,2024-12-08,2024-12-08
O001718,2024-12-06,D2C,R_S,SKU_CC_500,C00271,,1.5,1.5,1600,fulfilled,2024-12-08,2024-12-08
O001674,2024-12-07,D2C,R_N,SKU_CC_500,C00383,,2.0,2.0,1600,fulfilled,2024-12-09,2024-12-09
O001676,2024-12-07,D2C,R_N,SKU_CC_500,C00182,,0.5,0.5,1600,fulfilled,2024-12-09,2024-12-09
O001685,2024-12-07,D2C,R_N,SKU_CC_500,C00383,,1.5,1.5,1600,fulfilled,2024-12-09,2024-12-09
O001701,2024-12-07,D2C,R_N,SKU_CC_500,C00498,,1.0,1.0,1600,fulfilled,2024-12-09,2024-12-09
O001713,2024-12-07,D2C,R_S,SKU_CC_500,C00242,,1.0,1.0,1600,fulfilled,2024-12-09,2024-12-09
O001715,2024-12-07,D2C,R_S,SKU_CC_500,C00590,,1.5,1.5,1600,fulfilled,2024-12-09,2024-12-09
O001670,2024-12-08,D2C,R_N,SKU_CC_500,C00286,,2.0,2.0,1600,fulfilled,2024-12-10,2024-12-10
O001673,2024-12-08,D2C,R_N,SKU_CC_500,C00495,,2.0,2.0,1600,fulfilled,2024-12-10,2024-12-10
O001678,2024-12-08,D2C,R_N,SKU_CC_500,C00369,,1.0,1.0,1600,fulfilled,2024-12-10,2024-12-10
O001682,2024-12-08,D2C,R_N,SKU_CC_500,C00545,,0.5,0.5,1600,fulfilled,2024-12-10,2024-12-10
O001684,2024-12-08,D2C,R_N,SKU_CC_500,C00408,,1.5,1.5,1600,fulfilled,2024-12-10,2024-12-10
O001708,2024-12-08,D2C,R_S,SKU_CC_500,C00374,,1.5,1.5,1600,fulfilled,2024-12-10,2024-12-10
O001714,2024-12-08,D2C,R_S,SKU_CC_500,C00350,,1.0,1.0,1600,fulfilled,2024-12-10,2024-12-10
O001729,2024-12-09,D2C,R_N,SKU_CC_500,C00630,,1.5,1.5,1600,fulfilled,2024-12-11,2024-12-11
O001733,2024-12-09,D2C,R_N,SKU_CC_500,C00028,,1.5,1.5,1600,fulfilled,2024-12-11,2024-12-11
O001738,2024-12-09,D2C,R_N,SKU_CC_500,C00518,,0.5,0.5,1600,fulfilled,2024-12-11,2024-12-11
O001746,2024-12-09,D2C,R_N,SKU_CC_500,C00290,,2.0,2.0,1600,fulfilled,2024-12-11,2024-12-11
O001769,2024-12-09,D2C,R_S,SKU_CC_500,C00525,,0.5,0.5,1600,fulfilled,2024-12-11,2024-12-11
O001771,2024-12-09,D2C,R_S,SKU_CC_500,C00272,,1.0,1.0,1600,fulfilled,2024-12-11,2024-12-11
O001772,2024-12-09,D2C,R_S,SKU_CC_500,C00711,,1.0,1.0,1600,fulfilled,2024-12-11,2024-12-11
O006243,2024-12-09,B2B,R_N,SKU_CC_500,,ACC_DIST,98.1,98.1,1250,fulfilled,2024-12-12,2024-12-12
O006344,2024-12-09,B2B,R_S,SKU_CC_500,,ACC_REST,19.7,19.7,1400,fulfilled,2024-12-12,2024-12-12
O001721,2024-12-10,D2C,R_N,SKU_CC_500,C00678,,1.5,1.5,1600,fulfilled,2024-12-12,2024-12-12
O001726,2024-12-10,D2C,R_N,SKU_CC_500,C00305,,1.0,1.0,1600,fulfilled,2024-12-12,2024-12-12
O001728,2024-12-10,D2C,R_N,SKU_CC_500,C00549,,2.0,2.0,1600,fulfilled,2024-12-12,2024-12-12
O001734,2024-12-10,D2C,R_N,SKU_CC_500,C00677,,0.5,0.5,1600,fulfilled,2024-12-12,2024-12-12
O001735,2024-12-10,D2C,R_N,SKU_CC_500,C00209,,1.5,1.5,1600,fulfilled,2024-12-12,2024-12-12
O001742,2024-12-10,D2C,R_N,SKU_CC_500,C00431,,1.5,1.5,1600,fulfilled,2024-12-12,2024-12-12
O001749,2024-12-10,D2C,R_N,SKU_CC_500,C00172,,1.0,1.0,1600,fulfilled,2024-12-12,2024-12-12
O001752,2024-12-10,D2C,R_N,SKU_CC_500,C00585,,0.5,0.5,1600,fulfilled,2024-12-12,2024-12-12
O001753,2024-12-10,D2C,R_N,SKU_CC_500,C00317,,1.5,1.5,1600,fulfilled,2024-12-12,2024-12-12
O001766,2024-12-10,D2C,R_S,SKU_CC_500,C00374,,2.0,2.0,1600,fulfilled,2024-12-12,2024-12-12
O001768,2024-12-10,D2C,R_S,SKU_CC_500,C00269,,1.5,1.5,1600,fulfilled,2024-12-12,2024-12-12
O001773,2024-12-10,D2C,R_S,SKU_CC_500,C00674,,1.0,1.0,1600,fulfilled,2024-12-12,2024-12-12
O001723,2024-12-11,D2C,R_N,SKU_CC_500,C00464,,2.0,2.0,1600,fulfilled,2024-12-13,2024-12-13
O001724,2024-12-11,D2C,R_N,SKU_CC_500,C00395,,2.0,2.0,1600,fulfilled,2024-12-13,2024-12-13
O001744,2024-12-11,D2C,R_N,SKU_CC_500,C00537,,1.5,1.5,1600,fulfilled,2024-12-13,2024-12-13
O001756,2024-12-11,D2C,R_S,SKU_CC_500,C00504,,1.5,1.5,1600,fulfilled,2024-12-13,2024-12-13
O001757,2024-12-11,D2C,R_S,SKU_CC_500,C00269,,1.0,1.0,1600,fulfilled,2024-12-13,2024-12-13
O001760,2024-12-11,D2C,R_S,SKU_CC_500,C00256,,1.0,1.0,1600,fulfilled,2024-12-13,2024-12-13
O001736,2024-12-12,D2C,R_N,SKU_CC_500,C00067,,2.0,2.0,1600,fulfilled,2024-12-14,2024-12-14
O001745,2024-12-12,D2C,R_N,SKU_CC_500,C00603,,0.5,0.5,1600,fulfilled,2024-12-14,2024-12-14
O001748,2024-12-12,D2C,R_N,SKU_CC_500,C00091,,2.0,2.0,1600,fulfilled,2024-12-14,2024-12-14
O001754,2024-12-12,D2C,R_N,SKU_CC_500,C00197,,1.5,1.5,1600,fulfilled,2024-12-14,2024-12-14
O001765,2024-12-12,D2C,R_S,SKU_CC_500,C00180,,1.0,1.0,1600,fulfilled,2024-12-14,2024-12-14
O001767,2024-12-12,D2C,R_S,SKU_CC_500,C00456,,0.5,0.5,1600,fulfilled,2024-12-14,2024-12-14
O001722,2024-12-13,D2C,R_N,SKU_CC_500,C00502,,0.5,0.5,1600,fulfilled,2024-12-15,2024-12-15
O001730,2024-12-13,D2C,R_N,SKU_CC_500,C00352,,2.0,2.0,1600,fulfilled,2024-12-15,2024-12-15
O001732,2024-12-13,D2C,R_N,SKU_CC_500,C00202,,1.5,1.5,1600,fulfilled,2024-12-15,2024-12-15
O001739,2024-12-13,D2C,R_N,SKU_CC_500,C00013,,2.0,2.0,1600,fulfilled,2024-12-15,2024-12-15
O001740,2024-12-13,D2C,R_N,SKU_CC_500,C00400,,1.5,1.5,1600,fulfilled,2024-12-15,2024-12-15
O001751,2024-12-13,D2C,R_N,SKU_CC_500,C00019,,1.5,1.5,1600,fulfilled,2024-12-15,2024-12-15
O001763,2024-12-13,D2C,R_S,SKU_CC_500,C00422,,1.5,1.5,1600,fulfilled,2024-12-15,2024-12-15
O001764,2024-12-13,D2C,R_S,SKU_CC_500,C00294,,0.5,0.5,1600,fulfilled,2024-12-15,2024-12-15
O001770,2024-12-13,D2C,R_S,SKU_CC_500,C00697,,1.0,1.0,1600,fulfilled,2024-12-15,2024-12-15
O001747,2024-12-14,D2C,R_N,SKU_CC_500,C00104,,0.5,0.5,1600,fulfilled,2024-12-16,2024-12-16
O001750,2024-12-14,D2C,R_N,SKU_CC_500,C00133,,0.5,0.5,1600,fulfilled,2024-12-16,2024-12-16
O001759,2024-12-14,D2C,R_S,SKU_CC_500,C00623,,2.0,2.0,1600,fulfilled,2024-12-16,2024-12-16
O001761,2024-12-14,D2C,R_S,SKU_CC_500,C00376,,1.0,1.0,1600,fulfilled,2024-12-16,2024-12-16
O001725,2024-12-15,D2C,R_N,SKU_CC_500,C00613,,0.5,0.5,1600,fulfilled,2024-12-17,2024-12-17
O001727,2024-12-15,D2C,R_N,SKU_CC_500,C00341,,2.0,2.0,1600,fulfilled,2024-12-17,2024-12-17
O001731,2024-12-15,D2C,R_N,SKU_CC_500,C00133,,2.0,2.0,1600,fulfilled,2024-12-17,2024-12-17
O001737,2024-12-15,D2C,R_N,SKU_CC_500,C00146,,2.0,2.0,1600,fulfilled,2024-12-17,2024-12-17
O001741,2024-12-15,D2C,R_N,SKU_CC_500,C00424,,2.0,2.0,1600,fulfilled,2024-12-17,2024-12-17
O001743,2024-12-15,D2C,R_N,SKU_CC_500,C00299,,1.0,1.0,1600,fulfilled,2024-12-17,2024-12-17
O001755,2024-12-15,D2C,R_S,SKU_CC_500,C00038,,2.0,2.0,1600,fulfilled,2024-12-17,2024-12-17
O001758,2024-12-15,D2C,R_S,SKU_CC_500,C00573,,1.0,1.0,1600,fulfilled,2024-12-17,2024-12-17
O001762,2024-12-15,D2C,R_S,SKU_CC_500,C00556,,1.0,1.0,1600,fulfilled,2024-12-17,2024-12-17
O001783,2024-12-16,D2C,R_N,SKU_CC_500,C00300,,2.0,0.0,1600,cancelled_stockout,2024-12-18,
O001795,2024-12-16,D2C,R_N,SKU_CC_500,C00104,,1.0,0.0,1600,cancelled_stockout,2024-12-18,
O001797,2024-12-16,D2C,R_N,SKU_CC_500,C00305,,2.0,0.0,1600,cancelled_stockout,2024-12-18,
O001805,2024-12-16,D2C,R_N,SKU_CC_500,C00226,,1.0,0.0,1600,cancelled_stockout,2024-12-18,
O001807,2024-12-16,D2C,R_N,SKU_CC_500,C00058,,0.5,0.0,1600,cancelled_stockout,2024-12-18,
O001815,2024-12-16,D2C,R_S,SKU_CC_500,C00021,,1.0,1.0,1600,fulfilled,2024-12-18,2024-12-18
O001817,2024-12-16,D2C,R_S,SKU_CC_500,C00165,,0.5,0.5,1600,fulfilled,2024-12-18,2024-12-18
O001822,2024-12-16,D2C,R_S,SKU_CC_500,C00556,,0.5,0.5,1600,fulfilled,2024-12-18,2024-12-18
O006244,2024-12-16,B2B,R_N,SKU_CC_500,,ACC_DIST,79.1,47.5,1250,partial,2024-12-19,2024-12-19
O006345,2024-12-16,B2B,R_S,SKU_CC_500,,ACC_REST,20.6,12.4,1400,partial,2024-12-19,2024-12-19
O001792,2024-12-17,D2C,R_N,SKU_CC_500,C00189,,0.5,0.25,1600,partial,2024-12-19,2024-12-19
O001798,2024-12-17,D2C,R_N,SKU_CC_500,C00369,,1.0,0.5,1600,partial,2024-12-19,2024-12-19
O001820,2024-12-17,D2C,R_S,SKU_CC_500,C00179,,1.0,1.0,1600,fulfilled,2024-12-19,2024-12-19
O001825,2024-12-17,D2C,R_S,SKU_CC_500,C00012,,1.5,1.5,1600,fulfilled,2024-12-19,2024-12-19
O001827,2024-12-17,D2C,R_S,SKU_CC_500,C00488,,1.0,1.0,1600,fulfilled,2024-12-19,2024-12-19
O001777,2024-12-18,D2C,R_N,SKU_CC_500,C00353,,0.5,0.0,1600,cancelled_stockout,2024-12-20,
O001779,2024-12-18,D2C,R_N,SKU_CC_500,C00461,,1.5,0.0,1600,cancelled_stockout,2024-12-20,
O001780,2024-12-18,D2C,R_N,SKU_CC_500,C00184,,0.5,0.25,1600,partial,2024-12-20,2024-12-20
O001784,2024-12-18,D2C,R_N,SKU_CC_500,C00174,,2.0,1.0,1600,partial,2024-12-20,2024-12-20
O001796,2024-12-18,D2C,R_N,SKU_CC_500,C00486,,2.0,1.0,1600,partial,2024-12-20,2024-12-20
O001800,2024-12-18,D2C,R_N,SKU_CC_500,C00065,,0.5,0.25,1600,partial,2024-12-20,2024-12-20
O001818,2024-12-18,D2C,R_S,SKU_CC_500,C00557,,1.5,1.5,1600,fulfilled,2024-12-20,2024-12-20
O001819,2024-12-18,D2C,R_S,SKU_CC_500,C00207,,1.5,1.5,1600,fulfilled,2024-12-20,2024-12-20
O001776,2024-12-19,D2C,R_N,SKU_CC_500,C00603,,1.0,0.5,1600,partial,2024-12-21,2024-12-21
O001781,2024-12-19,D2C,R_N,SKU_CC_500,C00343,,2.0,0.0,1600,cancelled_stockout,2024-12-21,
O001786,2024-12-19,D2C,R_N,SKU_CC_500,C00332,,1.0,0.5,1600,partial,2024-12-21,2024-12-21
O001791,2024-12-19,D2C,R_N,SKU_CC_500,C00221,,0.5,0.0,1600,cancelled_stockout,2024-12-21,
O001793,2024-12-19,D2C,R_N,SKU_CC_500,C00656,,1.5,0.0,1600,cancelled_stockout,2024-12-21,
O001778,2024-12-20,D2C,R_N,SKU_CC_500,C00111,,1.5,0.75,1600,partial,2024-12-22,2024-12-22
O001782,2024-12-20,D2C,R_N,SKU_CC_500,C00537,,1.0,0.5,1600,partial,2024-12-22,2024-12-22
O001789,2024-12-20,D2C,R_N,SKU_CC_500,C00716,,2.0,0.0,1600,cancelled_stockout,2024-12-22,
O001790,2024-12-20,D2C,R_N,SKU_CC_500,C00340,,1.0,0.5,1600,partial,2024-12-22,2024-12-22
O001802,2024-12-20,D2C,R_N,SKU_CC_500,C00351,,1.5,0.75,1600,partial,2024-12-22,2024-12-22
O001803,2024-12-20,D2C,R_N,SKU_CC_500,C00412,,2.0,0.0,1600,cancelled_stockout,2024-12-22,
O001804,2024-12-20,D2C,R_N,SKU_CC_500,C00595,,2.0,1.0,1600,partial,2024-12-22,2024-12-22
O001806,2024-12-20,D2C,R_N,SKU_CC_500,C00130,,0.5,0.25,1600,partial,2024-12-22,2024-12-22
O001808,2024-12-20,D2C,R_N,SKU_CC_500,C00040,,2.0,1.0,1600,partial,2024-12-22,2024-12-22
O001814,2024-12-20,D2C,R_S,SKU_CC_500,C00660,,0.5,0.5,1600,fulfilled,2024-12-22,2024-12-22
O001816,2024-12-20,D2C,R_S,SKU_CC_500,C00405,,1.5,1.5,1600,fulfilled,2024-12-22,2024-12-22
O001821,2024-12-20,D2C,R_S,SKU_CC_500,C00709,,2.0,2.0,1600,fulfilled,2024-12-22,2024-12-22
O001824,2024-12-20,D2C,R_S,SKU_CC_500,C00683,,0.5,0.5,1600,fulfilled,2024-12-22,2024-12-22
O001826,2024-12-20,D2C,R_S,SKU_CC_500,C00179,,0.5,0.5,1600,fulfilled,2024-12-22,2024-12-22
O001794,2024-12-21,D2C,R_N,SKU_CC_500,C00682,,1.5,0.75,1600,partial,2024-12-23,2024-12-23
O001799,2024-12-21,D2C,R_N,SKU_CC_500,C00264,,1.0,0.0,1600,cancelled_stockout,2024-12-23,
O001801,2024-12-21,D2C,R_N,SKU_CC_500,C00093,,1.0,0.0,1600,cancelled_stockout,2024-12-23,
O001810,2024-12-21,D2C,R_S,SKU_CC_500,C00024,,2.0,2.0,1600,fulfilled,2024-12-23,2024-12-23
O001811,2024-12-21,D2C,R_S,SKU_CC_500,C00102,,0.5,0.5,1600,fulfilled,2024-12-23,2024-12-23
O001823,2024-12-21,D2C,R_S,SKU_CC_500,C00115,,2.0,2.0,1600,fulfilled,2024-12-23,2024-12-23
O001774,2024-12-22,D2C,R_N,SKU_CC_500,C00186,,2.0,1.0,1600,partial,2024-12-24,2024-12-24
O001775,2024-12-22,D2C,R_N,SKU_CC_500,C00409,,0.5,0.0,1600,cancelled_stockout,2024-12-24,
O001785,2024-12-22,D2C,R_N,SKU_CC_500,C00450,,2.0,0.0,1600,cancelled_stockout,2024-12-24,
O001787,2024-12-22,D2C,R_N,SKU_CC_500,C00143,,2.0,0.0,1600,cancelled_stockout,2024-12-24,
O001788,2024-12-22,D2C,R_N,SKU_CC_500,C00721,,1.0,0.5,1600,partial,2024-12-24,2024-12-24
O001809,2024-12-22,D2C,R_S,SKU_CC_500,C00021,,1.5,1.5,1600,fulfilled,2024-12-24,2024-12-24
O001812,2024-12-22,D2C,R_S,SKU_CC_500,C00713,,1.0,1.0,1600,fulfilled,2024-12-24,2024-12-24
O001813,2024-12-22,D2C,R_S,SKU_CC_500,C00726,,2.0,2.0,1600,fulfilled,2024-12-24,2024-12-24
O001828,2024-12-23,D2C,R_N,SKU_CC_500,C00478,,0.5,0.0,1600,waitlisted,2024-12-25,
O001838,2024-12-23,D2C,R_N,SKU_CC_500,C00512,,0.5,0.5,1600,fulfilled,2024-12-25,2024-12-25
O001850,2024-12-23,D2C,R_N,SKU_CC_500,C00651,,0.5,0.5,1600,fulfilled,2024-12-25,2024-12-25
O001857,2024-12-23,D2C,R_N,SKU_CC_500,C00509,,1.5,1.5,1600,fulfilled,2024-12-25,2024-12-25
O001870,2024-12-23,D2C,R_S,SKU_CC_500,C00125,,1.0,1.0,1600,fulfilled,2024-12-25,2024-12-25
O001872,2024-12-23,D2C,R_S,SKU_CC_500,C00116,,1.0,1.0,1600,fulfilled,2024-12-25,2024-12-25
O001874,2024-12-23,D2C,R_S,SKU_CC_500,C00725,,0.5,0.5,1600,fulfilled,2024-12-25,2024-12-25
O001875,2024-12-23,D2C,R_S,SKU_CC_500,C00009,,1.0,1.0,1600,fulfilled,2024-12-25,2024-12-25
O001878,2024-12-23,D2C,R_S,SKU_CC_500,C00335,,1.5,1.5,1600,fulfilled,2024-12-25,2024-12-25
O001881,2024-12-23,D2C,R_S,SKU_CC_500,C00113,,1.5,1.5,1600,fulfilled,2024-12-25,2024-12-25
O006245,2024-12-23,B2B,R_N,SKU_CC_500,,ACC_DIST,90.1,90.1,1250,fulfilled,2024-12-26,2024-12-26
O006346,2024-12-23,B2B,R_S,SKU_CC_500,,ACC_REST,19.1,19.1,1400,fulfilled,2024-12-26,2024-12-26
O001839,2024-12-24,D2C,R_N,SKU_CC_500,C00249,,1.0,1.0,1600,fulfilled,2024-12-26,2024-12-26
O001841,2024-12-24,D2C,R_N,SKU_CC_500,C00356,,1.5,1.5,1600,fulfilled,2024-12-26,2024-12-26
O001843,2024-12-24,D2C,R_N,SKU_CC_500,C00702,,0.5,0.5,1600,fulfilled,2024-12-26,2024-12-26
O001849,2024-12-24,D2C,R_N,SKU_CC_500,C00571,,1.0,1.0,1600,fulfilled,2024-12-26,2024-12-26
O001852,2024-12-24,D2C,R_N,SKU_CC_500,C00318,,1.5,1.5,1600,fulfilled,2024-12-26,2024-12-26
O001854,2024-12-24,D2C,R_N,SKU_CC_500,C00636,,1.5,1.5,1600,fulfilled,2024-12-26,2024-12-26
O001859,2024-12-24,D2C,R_N,SKU_CC_500,C00732,,1.0,1.0,1600,fulfilled,2024-12-26,2024-12-26
O001860,2024-12-24,D2C,R_N,SKU_CC_500,C00160,,0.5,0.5,1600,fulfilled,2024-12-26,2024-12-26
O001861,2024-12-24,D2C,R_N,SKU_CC_500,C00351,,2.0,2.0,1600,fulfilled,2024-12-26,2024-12-26
O001868,2024-12-24,D2C,R_S,SKU_CC_500,C00471,,2.0,2.0,1600,fulfilled,2024-12-26,2024-12-26
O001837,2024-12-25,D2C,R_N,SKU_CC_500,C00106,,1.0,1.0,1600,fulfilled,2024-12-27,2024-12-27
O001869,2024-12-25,D2C,R_S,SKU_CC_500,C00591,,1.5,1.5,1600,fulfilled,2024-12-27,2024-12-27
O001871,2024-12-25,D2C,R_S,SKU_CC_500,C00439,,1.5,1.5,1600,fulfilled,2024-12-27,2024-12-27
O001829,2024-12-26,D2C,R_N,SKU_CC_500,C00299,,2.0,0.0,1600,waitlisted,2024-12-28,
O001831,2024-12-26,D2C,R_N,SKU_CC_500,C00162,,0.5,0.5,1600,fulfilled,2024-12-28,2024-12-28
O001840,2024-12-26,D2C,R_N,SKU_CC_500,C00620,,1.5,1.5,1600,fulfilled,2024-12-28,2024-12-28
O001844,2024-12-26,D2C,R_N,SKU_CC_500,C00512,,1.5,1.5,1600,fulfilled,2024-12-28,2024-12-28
O001848,2024-12-26,D2C,R_N,SKU_CC_500,C00444,,1.5,1.5,1600,fulfilled,2024-12-28,2024-12-28
O001856,2024-12-26,D2C,R_N,SKU_CC_500,C00208,,1.5,1.5,1600,fulfilled,2024-12-28,2024-12-28
O001862,2024-12-26,D2C,R_N,SKU_CC_500,C00692,,1.0,1.0,1600,fulfilled,2024-12-28,2024-12-28
O001876,2024-12-26,D2C,R_S,SKU_CC_500,C00063,,2.0,2.0,1600,fulfilled,2024-12-28,2024-12-28
O001830,2024-12-27,D2C,R_N,SKU_CC_500,C00578,,1.5,0.0,1600,waitlisted,2024-12-29,
O001833,2024-12-27,D2C,R_N,SKU_CC_500,C00645,,2.0,2.0,1600,fulfilled,2024-12-29,2024-12-29
O001835,2024-12-27,D2C,R_N,SKU_CC_500,C00111,,1.0,1.0,1600,fulfilled,2024-12-29,2024-12-29
O001836,2024-12-27,D2C,R_N,SKU_CC_500,C00645,,1.5,1.5,1600,fulfilled,2024-12-29,2024-12-29
O001846,2024-12-27,D2C,R_N,SKU_CC_500,C00033,,2.0,2.0,1600,fulfilled,2024-12-29,2024-12-29
O001851,2024-12-27,D2C,R_N,SKU_CC_500,C00636,,1.5,1.5,1600,fulfilled,2024-12-29,2024-12-29
O001863,2024-12-27,D2C,R_S,SKU_CC_500,C00036,,1.0,1.0,1600,fulfilled,2024-12-29,2024-12-29
O001864,2024-12-27,D2C,R_S,SKU_CC_500,C00360,,1.5,1.5,1600,fulfilled,2024-12-29,2024-12-29
O001865,2024-12-27,D2C,R_S,SKU_CC_500,C00737,,1.0,1.0,1600,fulfilled,2024-12-29,2024-12-29
O001873,2024-12-27,D2C,R_S,SKU_CC_500,C00470,,1.5,1.5,1600,fulfilled,2024-12-29,2024-12-29
O001879,2024-12-27,D2C,R_S,SKU_CC_500,C00687,,1.5,1.5,1600,fulfilled,2024-12-29,2024-12-29
O001880,2024-12-27,D2C,R_S,SKU_CC_500,C00348,,0.5,0.5,1600,fulfilled,2024-12-29,2024-12-29
O001834,2024-12-28,D2C,R_N,SKU_CC_500,C00554,,1.5,1.5,1600,fulfilled,2024-12-30,2024-12-30
O001858,2024-12-28,D2C,R_N,SKU_CC_500,C00054,,1.5,1.5,1600,fulfilled,2024-12-30,2024-12-30
O001866,2024-12-28,D2C,R_S,SKU_CC_500,C00610,,2.0,2.0,1600,fulfilled,2024-12-30,2024-12-30
O001832,2024-12-29,D2C,R_N,SKU_CC_500,C00163,,2.0,2.0,1600,fulfilled,2024-12-31,2024-12-31
O001842,2024-12-29,D2C,R_N,SKU_CC_500,C00429,,0.5,0.5,1600,fulfilled,2024-12-31,2024-12-31
O001845,2024-12-29,D2C,R_N,SKU_CC_500,C00615,,0.5,0.5,1600,fulfilled,2024-12-31,2024-12-31
O001847,2024-12-29,D2C,R_N,SKU_CC_500,C00042,,0.5,0.5,1600,fulfilled,2024-12-31,2024-12-31
O001853,2024-12-29,D2C,R_N,SKU_CC_500,C00548,,1.0,1.0,1600,fulfilled,2024-12-31,2024-12-31
O001855,2024-12-29,D2C,R_N,SKU_CC_500,C00463,,1.5,1.5,1600,fulfilled,2024-12-31,2024-12-31
O001867,2024-12-29,D2C,R_S,SKU_CC_500,C00011,,2.0,2.0,1600,fulfilled,2024-12-31,2024-12-31
O001877,2024-12-29,D2C,R_S,SKU_CC_500,C00333,,1.5,1.5,1600,fulfilled,2024-12-31,2024-12-31
O001882,2024-12-30,D2C,R_N,SKU_CC_500,C00734,,1.5,1.5,1600,fulfilled,2025-01-01,2025-01-01
O001904,2024-12-30,D2C,R_N,SKU_CC_500,C00550,,1.0,1.0,1600,fulfilled,2025-01-01,2025-01-01
O001912,2024-12-30,D2C,R_N,SKU_CC_500,C00046,,0.5,0.5,1600,fulfilled,2025-01-01,2025-01-01
O001918,2024-12-30,D2C,R_S,SKU_CC_500,C00191,,1.5,1.5,1600,fulfilled,2025-01-01,2025-01-01
O006246,2024-12-30,B2B,R_N,SKU_CC_500,,ACC_DIST,98.6,98.6,1250,fulfilled,2025-01-02,2025-01-02
O006347,2024-12-30,B2B,R_S,SKU_CC_500,,ACC_REST,17.2,17.2,1400,fulfilled,2025-01-02,2025-01-02
O001896,2024-12-31,D2C,R_N,SKU_CC_500,C00055,,1.5,1.5,1600,fulfilled,2025-01-02,2025-01-02
O001901,2024-12-31,D2C,R_N,SKU_CC_500,C00007,,1.0,1.0,1600,fulfilled,2025-01-02,2025-01-02
O001917,2024-12-31,D2C,R_N,SKU_CC_500,C00326,,1.0,1.0,1600,fulfilled,2025-01-02,2025-01-02
O001927,2024-12-31,D2C,R_S,SKU_CC_500,C00698,,1.0,1.0,1600,fulfilled,2025-01-02,2025-01-02
O001929,2024-12-31,D2C,R_S,SKU_CC_500,C00505,,0.5,0.5,1600,fulfilled,2025-01-02,2025-01-02
O001933,2024-12-31,D2C,R_S,SKU_CC_500,C00035,,1.5,1.5,1600,fulfilled,2025-01-02,2025-01-02
O001934,2024-12-31,D2C,R_S,SKU_CC_500,C00257,,2.0,2.0,1600,fulfilled,2025-01-02,2025-01-02
O001884,2025-01-01,D2C,R_N,SKU_CC_500,C00510,,0.5,0.5,1600,fulfilled,2025-01-03,2025-01-03
O001887,2025-01-01,D2C,R_N,SKU_CC_500,C00290,,0.5,0.5,1600,fulfilled,2025-01-03,2025-01-03
O001889,2025-01-01,D2C,R_N,SKU_CC_500,C00277,,2.0,2.0,1600,fulfilled,2025-01-03,2025-01-03
O001890,2025-01-01,D2C,R_N,SKU_CC_500,C00273,,0.5,0.5,1600,fulfilled,2025-01-03,2025-01-03
O001895,2025-01-01,D2C,R_N,SKU_CC_500,C00188,,0.5,0.5,1600,fulfilled,2025-01-03,2025-01-03
O001900,2025-01-01,D2C,R_N,SKU_CC_500,C00560,,1.0,1.0,1600,fulfilled,2025-01-03,2025-01-03
O001902,2025-01-01,D2C,R_N,SKU_CC_500,C00530,,1.0,1.0,1600,fulfilled,2025-01-03,2025-01-03
O001906,2025-01-01,D2C,R_N,SKU_CC_500,C00070,,0.5,0.5,1600,fulfilled,2025-01-03,2025-01-03
O001931,2025-01-01,D2C,R_S,SKU_CC_500,C00699,,1.5,1.5,1600,fulfilled,2025-01-03,2025-01-03
O001899,2025-01-02,D2C,R_N,SKU_CC_500,C00176,,2.0,2.0,1600,fulfilled,2025-01-04,2025-01-04
O001903,2025-01-02,D2C,R_N,SKU_CC_500,C00078,,2.0,2.0,1600,fulfilled,2025-01-04,2025-01-04
O001919,2025-01-02,D2C,R_S,SKU_CC_500,C00154,,1.5,1.5,1600,fulfilled,2025-01-04,2025-01-04
O001921,2025-01-02,D2C,R_S,SKU_CC_500,C00220,,1.5,1.5,1600,fulfilled,2025-01-04,2025-01-04
O001922,2025-01-02,D2C,R_S,SKU_CC_500,C00658,,1.0,1.0,1600,fulfilled,2025-01-04,2025-01-04
O001923,2025-01-02,D2C,R_S,SKU_CC_500,C00641,,0.5,0.5,1600,fulfilled,2025-01-04,2025-01-04
O001926,2025-01-02,D2C,R_S,SKU_CC_500,C00591,,1.5,1.5,1600,fulfilled,2025-01-04,2025-01-04
O001928,2025-01-02,D2C,R_S,SKU_CC_500,C00360,,1.5,1.5,1600,fulfilled,2025-01-04,2025-01-04
O001885,2025-01-03,D2C,R_N,SKU_CC_500,C00254,,2.0,2.0,1600,fulfilled,2025-01-05,2025-01-05
O001886,2025-01-03,D2C,R_N,SKU_CC_500,C00597,,1.0,1.0,1600,fulfilled,2025-01-05,2025-01-05
O001894,2025-01-03,D2C,R_N,SKU_CC_500,C00536,,1.5,1.5,1600,fulfilled,2025-01-05,2025-01-05
O001905,2025-01-03,D2C,R_N,SKU_CC_500,C00122,,2.0,2.0,1600,fulfilled,2025-01-05,2025-01-05
O001913,2025-01-03,D2C,R_N,SKU_CC_500,C00170,,0.5,0.5,1600,fulfilled,2025-01-05,2025-01-05
O001914,2025-01-03,D2C,R_N,SKU_CC_500,C00483,,1.5,1.5,1600,fulfilled,2025-01-05,2025-01-05
O001924,2025-01-03,D2C,R_S,SKU_CC_500,C00295,,0.5,0.5,1600,fulfilled,2025-01-05,2025-01-05
O001930,2025-01-03,D2C,R_S,SKU_CC_500,C00230,,1.5,1.5,1600,fulfilled,2025-01-05,2025-01-05
O001937,2025-01-03,D2C,R_S,SKU_CC_500,C00282,,0.5,0.5,1600,fulfilled,2025-01-05,2025-01-05
O001883,2025-01-04,D2C,R_N,SKU_CC_500,C00501,,2.0,2.0,1600,fulfilled,2025-01-06,2025-01-06
O001888,2025-01-04,D2C,R_N,SKU_CC_500,C00070,,2.0,2.0,1600,fulfilled,2025-01-06,2025-01-06
O001907,2025-01-04,D2C,R_N,SKU_CC_500,C00445,,2.0,2.0,1600,fulfilled,2025-01-06,2025-01-06
O001908,2025-01-04,D2C,R_N,SKU_CC_500,C00497,,1.0,1.0,1600,fulfilled,2025-01-06,2025-01-06
O001909,2025-01-04,D2C,R_N,SKU_CC_500,C00705,,2.0,2.0,1600,fulfilled,2025-01-06,2025-01-06
O001910,2025-01-04,D2C,R_N,SKU_CC_500,C00209,,0.5,0.5,1600,fulfilled,2025-01-06,2025-01-06
O001911,2025-01-04,D2C,R_N,SKU_CC_500,C00315,,1.0,1.0,1600,fulfilled,2025-01-06,2025-01-06
O001915,2025-01-04,D2C,R_N,SKU_CC_500,C00413,,2.0,2.0,1600,fulfilled,2025-01-06,2025-01-06
O001916,2025-01-04,D2C,R_N,SKU_CC_500,C00234,,0.5,0.5,1600,fulfilled,2025-01-06,2025-01-06
O001932,2025-01-04,D2C,R_S,SKU_CC_500,C00297,,2.0,2.0,1600,fulfilled,2025-01-06,2025-01-06
O001935,2025-01-04,D2C,R_S,SKU_CC_500,C00320,,2.0,2.0,1600,fulfilled,2025-01-06,2025-01-06
O001936,2025-01-04,D2C,R_S,SKU_CC_500,C00700,,1.5,1.5,1600,fulfilled,2025-01-06,2025-01-06
O001891,2025-01-05,D2C,R_N,SKU_CC_500,C00384,,1.0,1.0,1600,fulfilled,2025-01-07,2025-01-07
O001892,2025-01-05,D2C,R_N,SKU_CC_500,C00215,,1.5,1.5,1600,fulfilled,2025-01-07,2025-01-07
O001893,2025-01-05,D2C,R_N,SKU_CC_500,C00287,,1.5,1.5,1600,fulfilled,2025-01-07,2025-01-07
O001897,2025-01-05,D2C,R_N,SKU_CC_500,C00451,,1.0,1.0,1600,fulfilled,2025-01-07,2025-01-07
O001898,2025-01-05,D2C,R_N,SKU_CC_500,C00481,,2.0,2.0,1600,fulfilled,2025-01-07,2025-01-07
O001920,2025-01-05,D2C,R_S,SKU_CC_500,C00522,,1.0,1.0,1600,fulfilled,2025-01-07,2025-01-07
O001925,2025-01-05,D2C,R_S,SKU_CC_500,C00021,,1.5,1.5,1600,fulfilled,2025-01-07,2025-01-07
O001941,2025-01-06,D2C,R_N,SKU_CC_500,C00169,,1.5,1.5,1600,fulfilled,2025-01-08,2025-01-08
O001945,2025-01-06,D2C,R_N,SKU_CC_500,C00553,,2.0,2.0,1600,fulfilled,2025-01-08,2025-01-08
O001963,2025-01-06,D2C,R_N,SKU_CC_500,C00072,,1.0,1.0,1600,fulfilled,2025-01-08,2025-01-08
O001972,2025-01-06,D2C,R_N,SKU_CC_500,C00631,,1.5,1.5,1600,fulfilled,2025-01-08,2025-01-08
O001980,2025-01-06,D2C,R_S,SKU_CC_500,C00574,,2.0,2.0,1600,fulfilled,2025-01-08,2025-01-08
O006247,2025-01-06,B2B,R_N,SKU_CC_500,,ACC_DIST,100.2,100.2,1250,fulfilled,2025-01-09,2025-01-09
O006348,2025-01-06,B2B,R_S,SKU_CC_500,,ACC_REST,16.1,16.1,1400,fulfilled,2025-01-09,2025-01-09
O001938,2025-01-07,D2C,R_N,SKU_CC_500,C00728,,0.5,0.5,1600,fulfilled,2025-01-09,2025-01-09
O001940,2025-01-07,D2C,R_N,SKU_CC_500,C00330,,1.5,1.5,1600,fulfilled,2025-01-09,2025-01-09
O001957,2025-01-07,D2C,R_N,SKU_CC_500,C00093,,0.5,0.5,1600,fulfilled,2025-01-09,2025-01-09
O001960,2025-01-07,D2C,R_N,SKU_CC_500,C00238,,0.5,0.5,1600,fulfilled,2025-01-09,2025-01-09
O001962,2025-01-07,D2C,R_N,SKU_CC_500,C00020,,2.0,2.0,1600,fulfilled,2025-01-09,2025-01-09
O001969,2025-01-07,D2C,R_N,SKU_CC_500,C00366,,1.5,1.5,1600,fulfilled,2025-01-09,2025-01-09
O001947,2025-01-08,D2C,R_N,SKU_CC_500,C00448,,0.5,0.5,1600,fulfilled,2025-01-10,2025-01-10
O001950,2025-01-08,D2C,R_N,SKU_CC_500,C00514,,0.5,0.5,1600,fulfilled,2025-01-10,2025-01-10
O001952,2025-01-08,D2C,R_N,SKU_CC_500,C00278,,0.5,0.5,1600,fulfilled,2025-01-10,2025-01-10
O001953,2025-01-08,D2C,R_N,SKU_CC_500,C00432,,1.0,1.0,1600,fulfilled,2025-01-10,2025-01-10
O001973,2025-01-08,D2C,R_N,SKU_CC_500,C00537,,2.0,2.0,1600,fulfilled,2025-01-10,2025-01-10
O001978,2025-01-08,D2C,R_S,SKU_CC_500,C00404,,1.0,1.0,1600,fulfilled,2025-01-10,2025-01-10
O001993,2025-01-08,D2C,R_S,SKU_CC_500,C00233,,1.0,1.0,1600,fulfilled,2025-01-10,2025-01-10
O001994,2025-01-08,D2C,R_S,SKU_CC_500,C00061,,2.0,2.0,1600,fulfilled,2025-01-10,2025-01-10
O001946,2025-01-09,D2C,R_N,SKU_CC_500,C00719,,2.0,2.0,1600,fulfilled,2025-01-11,2025-01-11
O001949,2025-01-09,D2C,R_N,SKU_CC_500,C00655,,0.5,0.5,1600,fulfilled,2025-01-11,2025-01-11
O001956,2025-01-09,D2C,R_N,SKU_CC_500,C00567,,0.5,0.5,1600,fulfilled,2025-01-11,2025-01-11
O001976,2025-01-09,D2C,R_S,SKU_CC_500,C00203,,1.5,1.5,1600,fulfilled,2025-01-11,2025-01-11
O001977,2025-01-09,D2C,R_S,SKU_CC_500,C00657,,0.5,0.5,1600,fulfilled,2025-01-11,2025-01-11
O001982,2025-01-09,D2C,R_S,SKU_CC_500,C00034,,0.5,0.5,1600,fulfilled,2025-01-11,2025-01-11
O001983,2025-01-09,D2C,R_S,SKU_CC_500,C00640,,0.5,0.5,1600,fulfilled,2025-01-11,2025-01-11
O001984,2025-01-09,D2C,R_S,SKU_CC_500,C00034,,1.0,1.0,1600,fulfilled,2025-01-11,2025-01-11
O001987,2025-01-09,D2C,R_S,SKU_CC_500,C00087,,0.5,0.5,1600,fulfilled,2025-01-11,2025-01-11
O001989,2025-01-09,D2C,R_S,SKU_CC_500,C00037,,1.0,1.0,1600,fulfilled,2025-01-11,2025-01-11
O001992,2025-01-09,D2C,R_S,SKU_CC_500,C00593,,2.0,2.0,1600,fulfilled,2025-01-11,2025-01-11
O001939,2025-01-10,D2C,R_N,SKU_CC_500,C00227,,1.0,1.0,1600,fulfilled,2025-01-12,2025-01-12
O001942,2025-01-10,D2C,R_N,SKU_CC_500,C00109,,1.0,1.0,1600,fulfilled,2025-01-12,2025-01-12
O001955,2025-01-10,D2C,R_N,SKU_CC_500,C00040,,1.5,1.5,1600,fulfilled,2025-01-12,2025-01-12
O001958,2025-01-10,D2C,R_N,SKU_CC_500,C00460,,1.0,1.0,1600,fulfilled,2025-01-12,2025-01-12
O001959,2025-01-10,D2C,R_N,SKU_CC_500,C00368,,1.5,1.5,1600,fulfilled,2025-01-12,2025-01-12
O001965,2025-01-10,D2C,R_N,SKU_CC_500,C00427,,1.5,1.5,1600,fulfilled,2025-01-12,2025-01-12
O001967,2025-01-10,D2C,R_N,SKU_CC_500,C00124,,1.0,1.0,1600,fulfilled,2025-01-12,2025-01-12
O001968,2025-01-10,D2C,R_N,SKU_CC_500,C00033,,0.5,0.5,1600,fulfilled,2025-01-12,2025-01-12
O001974,2025-01-10,D2C,R_N,SKU_CC_500,C00461,,1.0,1.0,1600,fulfilled,2025-01-12,2025-01-12
O001985,2025-01-10,D2C,R_S,SKU_CC_500,C00283,,1.0,1.0,1600,fulfilled,2025-01-12,2025-01-12
O001988,2025-01-10,D2C,R_S,SKU_CC_500,C00725,,2.0,2.0,1600,fulfilled,2025-01-12,2025-01-12
O001948,2025-01-11,D2C,R_N,SKU_CC_500,C00293,,1.0,1.0,1600,fulfilled,2025-01-13,2025-01-13
O001951,2025-01-11,D2C,R_N,SKU_CC_500,C00692,,2.0,2.0,1600,fulfilled,2025-01-13,2025-01-13
O001966,2025-01-11,D2C,R_N,SKU_CC_500,C00410,,2.0,2.0,1600,fulfilled,2025-01-13,2025-01-13
O001970,2025-01-11,D2C,R_N,SKU_CC_500,C00510,,2.0,2.0,1600,fulfilled,2025-01-13,2025-01-13
O001979,2025-01-11,D2C,R_S,SKU_CC_500,C00558,,1.5,1.5,1600,fulfilled,2025-01-13,2025-01-13
O001981,2025-01-11,D2C,R_S,SKU_CC_500,C00539,,2.0,2.0,1600,fulfilled,2025-01-13,2025-01-13
O001986,2025-01-11,D2C,R_S,SKU_CC_500,C00061,,2.0,2.0,1600,fulfilled,2025-01-13,2025-01-13
O001990,2025-01-11,D2C,R_S,SKU_CC_500,C00048,,1.0,1.0,1600,fulfilled,2025-01-13,2025-01-13
O001991,2025-01-11,D2C,R_S,SKU_CC_500,C00034,,0.5,0.5,1600,fulfilled,2025-01-13,2025-01-13
O001943,2025-01-12,D2C,R_N,SKU_CC_500,C00408,,0.5,0.5,1600,fulfilled,2025-01-14,2025-01-14
O001944,2025-01-12,D2C,R_N,SKU_CC_500,C00452,,1.5,1.5,1600,fulfilled,2025-01-14,2025-01-14
O001954,2025-01-12,D2C,R_N,SKU_CC_500,C00427,,1.5,1.5,1600,fulfilled,2025-01-14,2025-01-14
O001961,2025-01-12,D2C,R_N,SKU_CC_500,C00690,,1.0,1.0,1600,fulfilled,2025-01-14,2025-01-14
O001964,2025-01-12,D2C,R_N,SKU_CC_500,C00409,,1.5,1.5,1600,fulfilled,2025-01-14,2025-01-14
O001971,2025-01-12,D2C,R_N,SKU_CC_500,C00247,,2.0,2.0,1600,fulfilled,2025-01-14,2025-01-14
O001975,2025-01-12,D2C,R_S,SKU_CC_500,C00180,,1.5,1.5,1600,fulfilled,2025-01-14,2025-01-14
O001995,2025-01-13,D2C,R_N,SKU_CC_500,C00756,,1.5,1.5,1600,fulfilled,2025-01-15,2025-01-15
O001997,2025-01-13,D2C,R_N,SKU_CC_500,C00357,,1.5,1.5,1600,fulfilled,2025-01-15,2025-01-15
O002003,2025-01-13,D2C,R_N,SKU_CC_500,C00290,,2.0,2.0,1600,fulfilled,2025-01-15,2025-01-15
O002006,2025-01-13,D2C,R_N,SKU_CC_500,C00318,,2.0,2.0,1600,fulfilled,2025-01-15,2025-01-15
O002008,2025-01-13,D2C,R_N,SKU_CC_500,C00744,,0.5,0.5,1600,fulfilled,2025-01-15,2025-01-15
O002012,2025-01-13,D2C,R_N,SKU_CC_500,C00278,,1.5,1.5,1600,fulfilled,2025-01-15,2025-01-15
O002018,2025-01-13,D2C,R_N,SKU_CC_500,C00291,,0.5,0.5,1600,fulfilled,2025-01-15,2025-01-15
O002019,2025-01-13,D2C,R_N,SKU_CC_500,C00030,,0.5,0.5,1600,fulfilled,2025-01-15,2025-01-15
O002020,2025-01-13,D2C,R_N,SKU_CC_500,C00304,,1.0,1.0,1600,fulfilled,2025-01-15,2025-01-15
O002021,2025-01-13,D2C,R_N,SKU_CC_500,C00475,,2.0,2.0,1600,fulfilled,2025-01-15,2025-01-15
O002033,2025-01-13,D2C,R_S,SKU_CC_500,C00129,,1.5,1.5,1600,fulfilled,2025-01-15,2025-01-15
O002034,2025-01-13,D2C,R_S,SKU_CC_500,C00642,,0.5,0.5,1600,fulfilled,2025-01-15,2025-01-15
O002035,2025-01-13,D2C,R_S,SKU_CC_500,C00698,,0.5,0.5,1600,fulfilled,2025-01-15,2025-01-15
O002036,2025-01-13,D2C,R_S,SKU_CC_500,C00423,,0.5,0.5,1600,fulfilled,2025-01-15,2025-01-15
O002046,2025-01-13,D2C,R_S,SKU_CC_500,C00346,,0.5,0.5,1600,fulfilled,2025-01-15,2025-01-15
O002048,2025-01-13,D2C,R_S,SKU_CC_500,C00257,,1.5,1.5,1600,fulfilled,2025-01-15,2025-01-15
O002050,2025-01-13,D2C,R_S,SKU_CC_500,C00204,,2.0,2.0,1600,fulfilled,2025-01-15,2025-01-15
O002051,2025-01-13,D2C,R_S,SKU_CC_500,C00542,,0.5,0.5,1600,fulfilled,2025-01-15,2025-01-15
O006248,2025-01-13,B2B,R_N,SKU_CC_500,,ACC_DIST,78.8,78.8,1250,fulfilled,2025-01-16,2025-01-16
O006349,2025-01-13,B2B,R_S,SKU_CC_500,,ACC_REST,16.6,16.6,1400,fulfilled,2025-01-16,2025-01-16
O002026,2025-01-14,D2C,R_N,SKU_CC_500,C00547,,1.5,1.5,1600,fulfilled,2025-01-16,2025-01-16
O002027,2025-01-14,D2C,R_N,SKU_CC_500,C00046,,1.0,1.0,1600,fulfilled,2025-01-16,2025-01-16
O002004,2025-01-15,D2C,R_N,SKU_CC_500,C00480,,0.5,0.5,1600,fulfilled,2025-01-17,2025-01-17
O002007,2025-01-15,D2C,R_N,SKU_CC_500,C00549,,0.5,0.5,1600,fulfilled,2025-01-17,2025-01-17
O002010,2025-01-15,D2C,R_N,SKU_CC_500,C00020,,1.0,1.0,1600,fulfilled,2025-01-17,2025-01-17
O002022,2025-01-15,D2C,R_N,SKU_CC_500,C00509,,2.0,2.0,1600,fulfilled,2025-01-17,2025-01-17
O002023,2025-01-15,D2C,R_N,SKU_CC_500,C00326,,1.5,1.5,1600,fulfilled,2025-01-17,2025-01-17
O002028,2025-01-15,D2C,R_N,SKU_CC_500,C00554,,1.5,1.5,1600,fulfilled,2025-01-17,2025-01-17
O002040,2025-01-15,D2C,R_S,SKU_CC_500,C00141,,0.5,0.5,1600,fulfilled,2025-01-17,2025-01-17
O002045,2025-01-15,D2C,R_S,SKU_CC_500,C00281,,1.0,1.0,1600,fulfilled,2025-01-17,2025-01-17
O001998,2025-01-16,D2C,R_N,SKU_CC_500,C00690,,0.5,0.5,1600,fulfilled,2025-01-18,2025-01-18
O002002,2025-01-16,D2C,R_N,SKU_CC_500,C00132,,1.5,1.5,1600,fulfilled,2025-01-18,2025-01-18
O002009,2025-01-16,D2C,R_N,SKU_CC_500,C00071,,2.0,2.0,1600,fulfilled,2025-01-18,2025-01-18
O002011,2025-01-16,D2C,R_N,SKU_CC_500,C00082,,1.0,1.0,1600,fulfilled,2025-01-18,2025-01-18
O002014,2025-01-16,D2C,R_N,SKU_CC_500,C00587,,1.5,1.5,1600,fulfilled,2025-01-18,2025-01-18
O002029,2025-01-16,D2C,R_N,SKU_CC_500,C00416,,0.5,0.5,1600,fulfilled,2025-01-18,2025-01-18
O002032,2025-01-16,D2C,R_S,SKU_CC_500,C00735,,1.0,1.0,1600,fulfilled,2025-01-18,2025-01-18
O002042,2025-01-16,D2C,R_S,SKU_CC_500,C00765,,1.5,1.5,1600,fulfilled,2025-01-18,2025-01-18
O002043,2025-01-16,D2C,R_S,SKU_CC_500,C00750,,2.0,2.0,1600,fulfilled,2025-01-18,2025-01-18
O002001,2025-01-17,D2C,R_N,SKU_CC_500,C00319,,1.5,1.5,1600,fulfilled,2025-01-19,2025-01-19
O002031,2025-01-17,D2C,R_N,SKU_CC_500,C00414,,1.0,1.0,1600,fulfilled,2025-01-19,2025-01-19
O002049,2025-01-17,D2C,R_S,SKU_CC_500,C00076,,2.0,2.0,1600,fulfilled,2025-01-19,2025-01-19
O001996,2025-01-18,D2C,R_N,SKU_CC_500,C00545,,0.5,0.5,1600,fulfilled,2025-01-20,2025-01-20
O002000,2025-01-18,D2C,R_N,SKU_CC_500,C00030,,0.5,0.5,1600,fulfilled,2025-01-20,2025-01-20
O002005,2025-01-18,D2C,R_N,SKU_CC_500,C00319,,2.0,2.0,1600,fulfilled,2025-01-20,2025-01-20
O002015,2025-01-18,D2C,R_N,SKU_CC_500,C00619,,0.5,0.5,1600,fulfilled,2025-01-20,2025-01-20
O002030,2025-01-18,D2C,R_N,SKU_CC_500,C00381,,0.5,0.5,1600,fulfilled,2025-01-20,2025-01-20
O002037,2025-01-18,D2C,R_S,SKU_CC_500,C00308,,2.0,2.0,1600,fulfilled,2025-01-20,2025-01-20
O002039,2025-01-18,D2C,R_S,SKU_CC_500,C00112,,0.5,0.5,1600,fulfilled,2025-01-20,2025-01-20
O002052,2025-01-18,D2C,R_S,SKU_CC_500,C00022,,1.5,1.5,1600,fulfilled,2025-01-20,2025-01-20
O001999,2025-01-19,D2C,R_N,SKU_CC_500,C00043,,1.0,1.0,1600,fulfilled,2025-01-21,2025-01-21
O002013,2025-01-19,D2C,R_N,SKU_CC_500,C00340,,1.0,1.0,1600,fulfilled,2025-01-21,2025-01-21
O002016,2025-01-19,D2C,R_N,SKU_CC_500,C00620,,2.0,2.0,1600,fulfilled,2025-01-21,2025-01-21
O002017,2025-01-19,D2C,R_N,SKU_CC_500,C00632,,1.0,1.0,1600,fulfilled,2025-01-21,2025-01-21
O002024,2025-01-19,D2C,R_N,SKU_CC_500,C00134,,2.0,2.0,1600,fulfilled,2025-01-21,2025-01-21
O002025,2025-01-19,D2C,R_N,SKU_CC_500,C00632,,1.5,1.5,1600,fulfilled,2025-01-21,2025-01-21
O002038,2025-01-19,D2C,R_S,SKU_CC_500,C00036,,1.0,1.0,1600,fulfilled,2025-01-21,2025-01-21
O002041,2025-01-19,D2C,R_S,SKU_CC_500,C00710,,1.5,1.5,1600,fulfilled,2025-01-21,2025-01-21
O002044,2025-01-19,D2C,R_S,SKU_CC_500,C00700,,1.0,1.0,1600,fulfilled,2025-01-21,2025-01-21
O002047,2025-01-19,D2C,R_S,SKU_CC_500,C00386,,1.0,1.0,1600,fulfilled,2025-01-21,2025-01-21
O002054,2025-01-20,D2C,R_N,SKU_CC_500,C00020,,1.5,1.5,1600,fulfilled,2025-01-22,2025-01-22
O002059,2025-01-20,D2C,R_N,SKU_CC_500,C00628,,1.0,1.0,1600,fulfilled,2025-01-22,2025-01-22
O002067,2025-01-20,D2C,R_N,SKU_CC_500,C00326,,2.0,2.0,1600,fulfilled,2025-01-22,2025-01-22
O002075,2025-01-20,D2C,R_N,SKU_CC_500,C00631,,2.0,2.0,1600,fulfilled,2025-01-22,2025-01-22
O002084,2025-01-20,D2C,R_N,SKU_CC_500,C00195,,2.0,2.0,1600,fulfilled,2025-01-22,2025-01-22
O002097,2025-01-20,D2C,R_S,SKU_CC_500,C00593,,1.5,1.5,1600,fulfilled,2025-01-22,2025-01-22
O002098,2025-01-20,D2C,R_S,SKU_CC_500,C00673,,1.5,1.5,1600,fulfilled,2025-01-22,2025-01-22
O006249,2025-01-20,B2B,R_N,SKU_CC_500,,ACC_DIST,85.7,85.7,1250,fulfilled,2025-01-23,2025-01-23
O006350,2025-01-20,B2B,R_S,SKU_CC_500,,ACC_REST,16.5,16.5,1400,fulfilled,2025-01-23,2025-01-23
O002071,2025-01-21,D2C,R_N,SKU_CC_500,C00123,,1.5,1.5,1600,fulfilled,2025-01-23,2025-01-23
O002081,2025-01-21,D2C,R_N,SKU_CC_500,C00639,,1.5,1.5,1600,fulfilled,2025-01-23,2025-01-23
O002090,2025-01-21,D2C,R_N,SKU_CC_500,C00553,,2.0,2.0,1600,fulfilled,2025-01-23,2025-01-23
O002094,2025-01-21,D2C,R_S,SKU_CC_500,C00311,,1.0,1.0,1600,fulfilled,2025-01-23,2025-01-23
O002101,2025-01-21,D2C,R_S,SKU_CC_500,C00644,,0.5,0.5,1600,fulfilled,2025-01-23,2025-01-23
O002103,2025-01-21,D2C,R_S,SKU_CC_500,C00696,,0.5,0.5,1600,fulfilled,2025-01-23,2025-01-23
O002107,2025-01-21,D2C,R_S,SKU_CC_500,C00089,,1.5,1.5,1600,fulfilled,2025-01-23,2025-01-23
O002063,2025-01-22,D2C,R_N,SKU_CC_500,C00278,,0.5,0.5,1600,fulfilled,2025-01-24,2025-01-24
O002069,2025-01-22,D2C,R_N,SKU_CC_500,C00235,,2.0,2.0,1600,fulfilled,2025-01-24,2025-01-24
O002070,2025-01-22,D2C,R_N,SKU_CC_500,C00384,,1.5,1.5,1600,fulfilled,2025-01-24,2025-01-24
O002072,2025-01-22,D2C,R_N,SKU_CC_500,C00383,,1.5,1.5,1600,fulfilled,2025-01-24,2025-01-24
O002074,2025-01-22,D2C,R_N,SKU_CC_500,C00358,,1.5,1.5,1600,fulfilled,2025-01-24,2025-01-24
O002078,2025-01-22,D2C,R_N,SKU_CC_500,C00300,,0.5,0.5,1600,fulfilled,2025-01-24,2025-01-24
O002085,2025-01-22,D2C,R_N,SKU_CC_500,C00000,,2.0,2.0,1600,fulfilled,2025-01-24,2025-01-24
O002087,2025-01-22,D2C,R_N,SKU_CC_500,C00046,,1.5,1.5,1600,fulfilled,2025-01-24,2025-01-24
O002093,2025-01-22,D2C,R_S,SKU_CC_500,C00778,,1.0,1.0,1600,fulfilled,2025-01-24,2025-01-24
O002109,2025-01-22,D2C,R_S,SKU_CC_500,C00696,,2.0,2.0,1600,fulfilled,2025-01-24,2025-01-24
O002110,2025-01-22,D2C,R_S,SKU_CC_500,C00623,,2.0,2.0,1600,fulfilled,2025-01-24,2025-01-24
O002111,2025-01-22,D2C,R_S,SKU_CC_500,C00294,,1.5,1.5,1600,fulfilled,2025-01-24,2025-01-24
O002086,2025-01-23,D2C,R_N,SKU_CC_500,C00704,,1.5,1.5,1600,fulfilled,2025-01-25,2025-01-25
O002088,2025-01-23,D2C,R_N,SKU_CC_500,C00071,,1.0,1.0,1600,fulfilled,2025-01-25,2025-01-25
O002091,2025-01-23,D2C,R_S,SKU_CC_500,C00308,,2.0,2.0,1600,fulfilled,2025-01-25,2025-01-25
O002053,2025-01-24,D2C,R_N,SKU_CC_500,C00656,,2.0,2.0,1600,fulfilled,2025-01-26,2025-01-26
O002056,2025-01-24,D2C,R_N,SKU_CC_500,C00002,,0.5,0.5,1600,fulfilled,2025-01-26,2025-01-26
O002061,2025-01-24,D2C,R_N,SKU_CC_500,C00469,,1.0,1.0,1600,fulfilled,2025-01-26,2025-01-26
O002062,2025-01-24,D2C,R_N,SKU_CC_500,C00693,,0.5,0.5,1600,fulfilled,2025-01-26,2025-01-26
O002068,2025-01-24,D2C,R_N,SKU_CC_500,C00635,,1.5,1.5,1600,fulfilled,2025-01-26,2025-01-26
O002073,2025-01-24,D2C,R_N,SKU_CC_500,C00339,,1.0,1.0,1600,fulfilled,2025-01-26,2025-01-26
O002079,2025-01-24,D2C,R_N,SKU_CC_500,C00595,,2.0,2.0,1600,fulfilled,2025-01-26,2025-01-26
O002080,2025-01-24,D2C,R_N,SKU_CC_500,C00147,,0.5,0.5,1600,fulfilled,2025-01-26,2025-01-26
O002082,2025-01-24,D2C,R_N,SKU_CC_500,C00531,,1.5,1.5,1600,fulfilled,2025-01-26,2025-01-26
O002099,2025-01-24,D2C,R_S,SKU_CC_500,C00725,,1.0,1.0,1600,fulfilled,2025-01-26,2025-01-26
O002102,2025-01-24,D2C,R_S,SKU_CC_500,C00403,,0.5,0.5,1600,fulfilled,2025-01-26,2025-01-26
O002106,2025-01-24,D2C,R_S,SKU_CC_500,C00103,,1.0,1.0,1600,fulfilled,2025-01-26,2025-01-26
O002108,2025-01-24,D2C,R_S,SKU_CC_500,C00457,,0.5,0.5,1600,fulfilled,2025-01-26,2025-01-26
O002064,2025-01-25,D2C,R_N,SKU_CC_500,C00247,,0.5,0.5,1600,fulfilled,2025-01-27,2025-01-27
O002065,2025-01-25,D2C,R_N,SKU_CC_500,C00601,,0.5,0.5,1600,fulfilled,2025-01-27,2025-01-27
O002076,2025-01-25,D2C,R_N,SKU_CC_500,C00616,,1.5,1.5,1600,fulfilled,2025-01-27,2025-01-27
O002089,2025-01-25,D2C,R_N,SKU_CC_500,C00520,,1.5,1.5,1600,fulfilled,2025-01-27,2025-01-27
O002092,2025-01-25,D2C,R_S,SKU_CC_500,C00505,,2.0,2.0,1600,fulfilled,2025-01-27,2025-01-27
O002095,2025-01-25,D2C,R_S,SKU_CC_500,C00282,,1.0,1.0,1600,fulfilled,2025-01-27,2025-01-27
O002096,2025-01-25,D2C,R_S,SKU_CC_500,C00308,,0.5,0.5,1600,fulfilled,2025-01-27,2025-01-27
O002105,2025-01-25,D2C,R_S,SKU_CC_500,C00270,,0.5,0.5,1600,fulfilled,2025-01-27,2025-01-27
O002055,2025-01-26,D2C,R_N,SKU_CC_500,C00511,,1.0,1.0,1600,fulfilled,2025-01-28,2025-01-28
O002057,2025-01-26,D2C,R_N,SKU_CC_500,C00041,,0.5,0.5,1600,fulfilled,2025-01-28,2025-01-28
O002058,2025-01-26,D2C,R_N,SKU_CC_500,C00568,,0.5,0.5,1600,fulfilled,2025-01-28,2025-01-28
O002060,2025-01-26,D2C,R_N,SKU_CC_500,C00390,,1.0,1.0,1600,fulfilled,2025-01-28,2025-01-28
O002066,2025-01-26,D2C,R_N,SKU_CC_500,C00669,,1.5,1.5,1600,fulfilled,2025-01-28,2025-01-28
O002077,2025-01-26,D2C,R_N,SKU_CC_500,C00545,,2.0,2.0,1600,fulfilled,2025-01-28,2025-01-28
O002083,2025-01-26,D2C,R_N,SKU_CC_500,C00002,,1.5,1.5,1600,fulfilled,2025-01-28,2025-01-28
O002100,2025-01-26,D2C,R_S,SKU_CC_500,C00034,,2.0,2.0,1600,fulfilled,2025-01-28,2025-01-28
O002104,2025-01-26,D2C,R_S,SKU_CC_500,C00778,,2.0,2.0,1600,fulfilled,2025-01-28,2025-01-28
O002114,2025-01-27,D2C,R_N,SKU_CC_500,C00460,,1.5,1.5,1600,fulfilled,2025-01-29,2025-01-29
O002123,2025-01-27,D2C,R_N,SKU_CC_500,C00579,,2.0,2.0,1600,fulfilled,2025-01-29,2025-01-29
O002127,2025-01-27,D2C,R_N,SKU_CC_500,C00511,,1.5,1.5,1600,fulfilled,2025-01-29,2025-01-29
O002129,2025-01-27,D2C,R_N,SKU_CC_500,C00046,,1.0,1.0,1600,fulfilled,2025-01-29,2025-01-29
O002145,2025-01-27,D2C,R_N,SKU_CC_500,C00441,,1.0,1.0,1600,fulfilled,2025-01-29,2025-01-29
O002154,2025-01-27,D2C,R_S,SKU_CC_500,C00606,,1.5,1.5,1600,fulfilled,2025-01-29,2025-01-29
O002155,2025-01-27,D2C,R_S,SKU_CC_500,C00113,,1.5,1.5,1600,fulfilled,2025-01-29,2025-01-29
O002162,2025-01-27,D2C,R_S,SKU_CC_500,C00269,,0.5,0.5,1600,fulfilled,2025-01-29,2025-01-29
O002167,2025-01-27,D2C,R_S,SKU_CC_500,C00541,,1.0,1.0,1600,fulfilled,2025-01-29,2025-01-29
O006250,2025-01-27,B2B,R_N,SKU_CC_500,,ACC_DIST,96.6,96.6,1250,fulfilled,2025-01-30,2025-01-30
O006351,2025-01-27,B2B,R_S,SKU_CC_500,,ACC_REST,19.1,19.1,1400,fulfilled,2025-01-30,2025-01-30
O002118,2025-01-28,D2C,R_N,SKU_CC_500,C00612,,2.0,2.0,1600,fulfilled,2025-01-30,2025-01-30
O002119,2025-01-28,D2C,R_N,SKU_CC_500,C00682,,2.0,2.0,1600,fulfilled,2025-01-30,2025-01-30
O002130,2025-01-28,D2C,R_N,SKU_CC_500,C00417,,0.5,0.5,1600,fulfilled,2025-01-30,2025-01-30
O002147,2025-01-28,D2C,R_N,SKU_CC_500,C00054,,1.5,1.5,1600,fulfilled,2025-01-30,2025-01-30
O002150,2025-01-28,D2C,R_S,SKU_CC_500,C00489,,2.0,2.0,1600,fulfilled,2025-01-30,2025-01-30
O002163,2025-01-28,D2C,R_S,SKU_CC_500,C00102,,0.5,0.5,1600,fulfilled,2025-01-30,2025-01-30
O002168,2025-01-28,D2C,R_S,SKU_CC_500,C00219,,0.5,0.5,1600,fulfilled,2025-01-30,2025-01-30
O002170,2025-01-28,D2C,R_S,SKU_CC_500,C00272,,0.5,0.5,1600,fulfilled,2025-01-30,2025-01-30
O002112,2025-01-29,D2C,R_N,SKU_CC_500,C00081,,1.5,1.5,1600,fulfilled,2025-01-31,2025-01-31
O002115,2025-01-29,D2C,R_N,SKU_CC_500,C00093,,2.0,2.0,1600,fulfilled,2025-01-31,2025-01-31
O002120,2025-01-29,D2C,R_N,SKU_CC_500,C00443,,0.5,0.5,1600,fulfilled,2025-01-31,2025-01-31
O002125,2025-01-29,D2C,R_N,SKU_CC_500,C00629,,1.5,1.5,1600,fulfilled,2025-01-31,2025-01-31
O002133,2025-01-29,D2C,R_N,SKU_CC_500,C00381,,1.5,1.5,1600,fulfilled,2025-01-31,2025-01-31
O002136,2025-01-29,D2C,R_N,SKU_CC_500,C00226,,2.0,2.0,1600,fulfilled,2025-01-31,2025-01-31
O002144,2025-01-29,D2C,R_N,SKU_CC_500,C00003,,0.5,0.5,1600,fulfilled,2025-01-31,2025-01-31
O002146,2025-01-29,D2C,R_N,SKU_CC_500,C00280,,1.5,1.5,1600,fulfilled,2025-01-31,2025-01-31
O002159,2025-01-29,D2C,R_S,SKU_CC_500,C00037,,0.5,0.5,1600,fulfilled,2025-01-31,2025-01-31
O002164,2025-01-29,D2C,R_S,SKU_CC_500,C00540,,1.5,1.5,1600,fulfilled,2025-01-31,2025-01-31
O002113,2025-01-30,D2C,R_N,SKU_CC_500,C00526,,1.0,1.0,1600,fulfilled,2025-02-01,2025-02-01
O002126,2025-01-30,D2C,R_N,SKU_CC_500,C00411,,0.5,0.5,1600,fulfilled,2025-02-01,2025-02-01
O002135,2025-01-30,D2C,R_N,SKU_CC_500,C00312,,0.5,0.5,1600,fulfilled,2025-02-01,2025-02-01
O002139,2025-01-30,D2C,R_N,SKU_CC_500,C00304,,2.0,2.0,1600,fulfilled,2025-02-01,2025-02-01
O002140,2025-01-30,D2C,R_N,SKU_CC_500,C00015,,1.0,1.0,1600,fulfilled,2025-02-01,2025-02-01
O002142,2025-01-30,D2C,R_N,SKU_CC_500,C00553,,1.0,1.0,1600,fulfilled,2025-02-01,2025-02-01
O002149,2025-01-30,D2C,R_N,SKU_CC_500,C00014,,1.0,1.0,1600,fulfilled,2025-02-01,2025-02-01
O002153,2025-01-30,D2C,R_S,SKU_CC_500,C00142,,1.5,1.5,1600,fulfilled,2025-02-01,2025-02-01
O002169,2025-01-30,D2C,R_S,SKU_CC_500,C00179,,1.0,1.0,1600,fulfilled,2025-02-01,2025-02-01
O002121,2025-01-31,D2C,R_N,SKU_CC_500,C00467,,0.5,0.5,1600,fulfilled,2025-02-02,2025-02-02
O002138,2025-01-31,D2C,R_N,SKU_CC_500,C00481,,0.5,0.5,1600,fulfilled,2025-02-02,2025-02-02
O002143,2025-01-31,D2C,R_N,SKU_CC_500,C00766,,1.0,1.0,1600,fulfilled,2025-02-02,2025-02-02
O002151,2025-01-31,D2C,R_S,SKU_CC_500,C00064,,0.5,0.5,1600,fulfilled,2025-02-02,2025-02-02
O002157,2025-01-31,D2C,R_S,SKU_CC_500,C00127,,1.5,1.5,1600,fulfilled,2025-02-02,2025-02-02
O002161,2025-01-31,D2C,R_S,SKU_CC_500,C00048,,1.5,1.5,1600,fulfilled,2025-02-02,2025-02-02
O002165,2025-01-31,D2C,R_S,SKU_CC_500,C00347,,2.0,2.0,1600,fulfilled,2025-02-02,2025-02-02
O002117,2025-02-01,D2C,R_N,SKU_CC_500,C00650,,1.5,1.5,1600,fulfilled,2025-02-03,2025-02-03
O002124,2025-02-01,D2C,R_N,SKU_CC_500,C00352,,2.0,2.0,1600,fulfilled,2025-02-03,2025-02-03
O002128,2025-02-01,D2C,R_N,SKU_CC_500,C00290,,0.5,0.5,1600,fulfilled,2025-02-03,2025-02-03
O002132,2025-02-01,D2C,R_N,SKU_CC_500,C00065,,2.0,2.0,1600,fulfilled,2025-02-03,2025-02-03
O002137,2025-02-01,D2C,R_N,SKU_CC_500,C00571,,1.5,1.5,1600,fulfilled,2025-02-03,2025-02-03
O002141,2025-02-01,D2C,R_N,SKU_CC_500,C00132,,1.0,1.0,1600,fulfilled,2025-02-03,2025-02-03
O002148,2025-02-01,D2C,R_N,SKU_CC_500,C00279,,0.5,0.5,1600,fulfilled,2025-02-03,2025-02-03
O002160,2025-02-01,D2C,R_S,SKU_CC_500,C00657,,1.5,1.5,1600,fulfilled,2025-02-03,2025-02-03
O002166,2025-02-01,D2C,R_S,SKU_CC_500,C00090,,1.0,1.0,1600,fulfilled,2025-02-03,2025-02-03
O002116,2025-02-02,D2C,R_N,SKU_CC_500,C00109,,0.5,0.5,1600,fulfilled,2025-02-04,2025-02-04
O002122,2025-02-02,D2C,R_N,SKU_CC_500,C00144,,1.0,1.0,1600,fulfilled,2025-02-04,2025-02-04
O002131,2025-02-02,D2C,R_N,SKU_CC_500,C00057,,2.0,2.0,1600,fulfilled,2025-02-04,2025-02-04
O002134,2025-02-02,D2C,R_N,SKU_CC_500,C00289,,2.0,2.0,1600,fulfilled,2025-02-04,2025-02-04
O002152,2025-02-02,D2C,R_S,SKU_CC_500,C00337,,1.5,1.5,1600,fulfilled,2025-02-04,2025-02-04
O002156,2025-02-02,D2C,R_S,SKU_CC_500,C00710,,1.0,1.0,1600,fulfilled,2025-02-04,2025-02-04
O002158,2025-02-02,D2C,R_S,SKU_CC_500,C00473,,1.0,1.0,1600,fulfilled,2025-02-04,2025-02-04
O002178,2025-02-03,D2C,R_N,SKU_CC_500,C00411,,1.0,1.0,1600,fulfilled,2025-02-05,2025-02-05
O002183,2025-02-03,D2C,R_N,SKU_CC_500,C00654,,2.0,2.0,1600,fulfilled,2025-02-05,2025-02-05
O002189,2025-02-03,D2C,R_N,SKU_CC_500,C00159,,1.5,1.5,1600,fulfilled,2025-02-05,2025-02-05
O002200,2025-02-03,D2C,R_N,SKU_CC_500,C00743,,2.0,2.0,1600,fulfilled,2025-02-05,2025-02-05
O002205,2025-02-03,D2C,R_N,SKU_CC_500,C00665,,1.0,1.0,1600,fulfilled,2025-02-05,2025-02-05
O002207,2025-02-03,D2C,R_N,SKU_CC_500,C00496,,2.0,2.0,1600,fulfilled,2025-02-05,2025-02-05
O002212,2025-02-03,D2C,R_S,SKU_CC_500,C00640,,2.0,2.0,1600,fulfilled,2025-02-05,2025-02-05
O002217,2025-02-03,D2C,R_S,SKU_CC_500,C00099,,2.0,2.0,1600,fulfilled,2025-02-05,2025-02-05
O002221,2025-02-03,D2C,R_S,SKU_CC_500,C00259,,2.0,2.0,1600,fulfilled,2025-02-05,2025-02-05
O006251,2025-02-03,B2B,R_N,SKU_CC_500,,ACC_DIST,84.8,84.8,1250,fulfilled,2025-02-06,2025-02-06
O006352,2025-02-03,B2B,R_S,SKU_CC_500,,ACC_REST,19.7,19.7,1400,fulfilled,2025-02-06,2025-02-06
O002174,2025-02-04,D2C,R_N,SKU_CC_500,C00106,,1.0,1.0,1600,fulfilled,2025-02-06,2025-02-06
O002181,2025-02-04,D2C,R_N,SKU_CC_500,C00237,,1.5,1.5,1600,fulfilled,2025-02-06,2025-02-06
O002186,2025-02-04,D2C,R_N,SKU_CC_500,C00701,,0.5,0.5,1600,fulfilled,2025-02-06,2025-02-06
O002193,2025-02-04,D2C,R_N,SKU_CC_500,C00734,,2.0,2.0,1600,fulfilled,2025-02-06,2025-02-06
O002203,2025-02-04,D2C,R_N,SKU_CC_500,C00729,,0.5,0.5,1600,fulfilled,2025-02-06,2025-02-06
O002210,2025-02-04,D2C,R_S,SKU_CC_500,C00735,,1.5,1.5,1600,fulfilled,2025-02-06,2025-02-06
O002223,2025-02-04,D2C,R_S,SKU_CC_500,C00658,,0.5,0.5,1600,fulfilled,2025-02-06,2025-02-06
O002230,2025-02-04,D2C,R_S,SKU_CC_500,C00750,,0.5,0.5,1600,fulfilled,2025-02-06,2025-02-06
O002175,2025-02-05,D2C,R_N,SKU_CC_500,C00342,,0.5,0.5,1600,fulfilled,2025-02-07,2025-02-07
O002177,2025-02-05,D2C,R_N,SKU_CC_500,C00740,,1.0,1.0,1600,fulfilled,2025-02-07,2025-02-07
O002202,2025-02-05,D2C,R_N,SKU_CC_500,C00563,,1.5,1.5,1600,fulfilled,2025-02-07,2025-02-07
O002214,2025-02-05,D2C,R_S,SKU_CC_500,C00572,,2.0,2.0,1600,fulfilled,2025-02-07,2025-02-07
O002225,2025-02-05,D2C,R_S,SKU_CC_500,C00090,,2.0,2.0,1600,fulfilled,2025-02-07,2025-02-07
O002226,2025-02-05,D2C,R_S,SKU_CC_500,C00021,,1.0,1.0,1600,fulfilled,2025-02-07,2025-02-07
O002227,2025-02-05,D2C,R_S,SKU_CC_500,C00074,,1.0,1.0,1600,fulfilled,2025-02-07,2025-02-07
O002231,2025-02-05,D2C,R_S,SKU_CC_500,C00194,,1.5,1.5,1600,fulfilled,2025-02-07,2025-02-07
O002172,2025-02-06,D2C,R_N,SKU_CC_500,C00043,,1.5,1.5,1600,fulfilled,2025-02-08,2025-02-08
O002173,2025-02-06,D2C,R_N,SKU_CC_500,C00805,,0.5,0.5,1600,fulfilled,2025-02-08,2025-02-08
O002176,2025-02-06,D2C,R_N,SKU_CC_500,C00758,,1.5,1.5,1600,fulfilled,2025-02-08,2025-02-08
O002185,2025-02-06,D2C,R_N,SKU_CC_500,C00187,,0.5,0.5,1600,fulfilled,2025-02-08,2025-02-08
O002187,2025-02-06,D2C,R_N,SKU_CC_500,C00528,,2.0,2.0,1600,fulfilled,2025-02-08,2025-02-08
O002190,2025-02-06,D2C,R_N,SKU_CC_500,C00656,,1.5,1.5,1600,fulfilled,2025-02-08,2025-02-08
O002195,2025-02-06,D2C,R_N,SKU_CC_500,C00544,,1.5,1.5,1600,fulfilled,2025-02-08,2025-02-08
O002209,2025-02-06,D2C,R_N,SKU_CC_500,C00201,,1.0,1.0,1600,fulfilled,2025-02-08,2025-02-08
O002224,2025-02-06,D2C,R_S,SKU_CC_500,C00539,,1.5,1.5,1600,fulfilled,2025-02-08,2025-02-08
O002179,2025-02-07,D2C,R_N,SKU_CC_500,C00261,,0.5,0.5,1600,fulfilled,2025-02-09,2025-02-09
O002180,2025-02-07,D2C,R_N,SKU_CC_500,C00516,,0.5,0.5,1600,fulfilled,2025-02-09,2025-02-09
O002192,2025-02-07,D2C,R_N,SKU_CC_500,C00579,,1.0,1.0,1600,fulfilled,2025-02-09,2025-02-09
O002196,2025-02-07,D2C,R_N,SKU_CC_500,C00578,,2.0,2.0,1600,fulfilled,2025-02-09,2025-02-09
O002216,2025-02-07,D2C,R_S,SKU_CC_500,C00102,,1.0,1.0,1600,fulfilled,2025-02-09,2025-02-09
O002228,2025-02-07,D2C,R_S,SKU_CC_500,C00061,,2.0,2.0,1600,fulfilled,2025-02-09,2025-02-09
O002229,2025-02-07,D2C,R_S,SKU_CC_500,C00591,,2.0,2.0,1600,fulfilled,2025-02-09,2025-02-09
O002171,2025-02-08,D2C,R_N,SKU_CC_500,C00706,,2.0,2.0,1600,fulfilled,2025-02-10,2025-02-10
O002184,2025-02-08,D2C,R_N,SKU_CC_500,C00395,,2.0,2.0,1600,fulfilled,2025-02-10,2025-02-10
O002188,2025-02-08,D2C,R_N,SKU_CC_500,C00007,,1.5,1.5,1600,fulfilled,2025-02-10,2025-02-10
O002191,2025-02-08,D2C,R_N,SKU_CC_500,C00071,,2.0,2.0,1600,fulfilled,2025-02-10,2025-02-10
O002199,2025-02-08,D2C,R_N,SKU_CC_500,C00594,,1.0,1.0,1600,fulfilled,2025-02-10,2025-02-10
O002201,2025-02-08,D2C,R_N,SKU_CC_500,C00395,,1.5,1.5,1600,fulfilled,2025-02-10,2025-02-10
O002204,2025-02-08,D2C,R_N,SKU_CC_500,C00638,,0.5,0.5,1600,fulfilled,2025-02-10,2025-02-10
O002206,2025-02-08,D2C,R_N,SKU_CC_500,C00081,,1.5,1.5,1600,fulfilled,2025-02-10,2025-02-10
O002208,2025-02-08,D2C,R_N,SKU_CC_500,C00675,,1.5,1.5,1600,fulfilled,2025-02-10,2025-02-10
O002215,2025-02-08,D2C,R_S,SKU_CC_500,C00034,,1.5,1.5,1600,fulfilled,2025-02-10,2025-02-10
O002182,2025-02-09,D2C,R_N,SKU_CC_500,C00799,,0.5,0.5,1600,fulfilled,2025-02-11,2025-02-11
O002194,2025-02-09,D2C,R_N,SKU_CC_500,C00097,,1.5,1.5,1600,fulfilled,2025-02-11,2025-02-11
O002197,2025-02-09,D2C,R_N,SKU_CC_500,C00512,,1.0,1.0,1600,fulfilled,2025-02-11,2025-02-11
O002198,2025-02-09,D2C,R_N,SKU_CC_500,C00443,,0.5,0.5,1600,fulfilled,2025-02-11,2025-02-11
O002211,2025-02-09,D2C,R_S,SKU_CC_500,C00736,,0.5,0.5,1600,fulfilled,2025-02-11,2025-02-11
O002213,2025-02-09,D2C,R_S,SKU_CC_500,C00609,,2.0,2.0,1600,fulfilled,2025-02-11,2025-02-11
O002218,2025-02-09,D2C,R_S,SKU_CC_500,C00008,,0.5,0.5,1600,fulfilled,2025-02-11,2025-02-11
O002219,2025-02-09,D2C,R_S,SKU_CC_500,C00386,,1.0,1.0,1600,fulfilled,2025-02-11,2025-02-11
O002220,2025-02-09,D2C,R_S,SKU_CC_500,C00307,,0.5,0.5,1600,fulfilled,2025-02-11,2025-02-11
O002222,2025-02-09,D2C,R_S,SKU_CC_500,C00295,,0.5,0.5,1600,fulfilled,2025-02-11,2025-02-11
O002252,2025-02-10,D2C,R_N,SKU_CC_500,C00503,,1.0,1.0,1600,fulfilled,2025-02-12,2025-02-12
O002253,2025-02-10,D2C,R_N,SKU_CC_500,C00446,,2.0,2.0,1600,fulfilled,2025-02-12,2025-02-12
O002254,2025-02-10,D2C,R_N,SKU_CC_500,C00794,,1.0,1.0,1600,fulfilled,2025-02-12,2025-02-12
O002260,2025-02-10,D2C,R_N,SKU_CC_500,C00543,,1.0,1.0,1600,fulfilled,2025-02-12,2025-02-12
O002262,2025-02-10,D2C,R_N,SKU_CC_500,C00148,,1.0,1.0,1600,fulfilled,2025-02-12,2025-02-12
O002266,2025-02-10,D2C,R_N,SKU_CC_500,C00649,,0.5,0.5,1600,fulfilled,2025-02-12,2025-02-12
O002274,2025-02-10,D2C,R_S,SKU_CC_500,C00738,,1.5,1.5,1600,fulfilled,2025-02-12,2025-02-12
O002278,2025-02-10,D2C,R_S,SKU_CC_500,C00088,,0.5,0.5,1600,fulfilled,2025-02-12,2025-02-12
O002292,2025-02-10,D2C,R_S,SKU_CC_500,C00229,,2.0,2.0,1600,fulfilled,2025-02-12,2025-02-12
O006252,2025-02-10,B2B,R_N,SKU_CC_500,,ACC_DIST,95.3,95.3,1250,fulfilled,2025-02-13,2025-02-13
O006353,2025-02-10,B2B,R_S,SKU_CC_500,,ACC_REST,15.7,15.7,1400,fulfilled,2025-02-13,2025-02-13
O002237,2025-02-11,D2C,R_N,SKU_CC_500,C00511,,2.0,2.0,1600,fulfilled,2025-02-13,2025-02-13
O002245,2025-02-11,D2C,R_N,SKU_CC_500,C00053,,2.0,2.0,1600,fulfilled,2025-02-13,2025-02-13
O002248,2025-02-11,D2C,R_N,SKU_CC_500,C00123,,1.0,1.0,1600,fulfilled,2025-02-13,2025-02-13
O002251,2025-02-11,D2C,R_N,SKU_CC_500,C00339,,2.0,2.0,1600,fulfilled,2025-02-13,2025-02-13
O002268,2025-02-11,D2C,R_N,SKU_CC_500,C00547,,2.0,2.0,1600,fulfilled,2025-02-13,2025-02-13
O002273,2025-02-11,D2C,R_S,SKU_CC_500,C00572,,1.5,1.5,1600,fulfilled,2025-02-13,2025-02-13
O002284,2025-02-11,D2C,R_S,SKU_CC_500,C00203,,1.5,1.5,1600,fulfilled,2025-02-13,2025-02-13
O002285,2025-02-11,D2C,R_S,SKU_CC_500,C00609,,0.5,0.5,1600,fulfilled,2025-02-13,2025-02-13
O002288,2025-02-11,D2C,R_S,SKU_CC_500,C00521,,1.0,1.0,1600,fulfilled,2025-02-13,2025-02-13
O002234,2025-02-12,D2C,R_N,SKU_CC_500,C00143,,2.0,2.0,1600,fulfilled,2025-02-14,2025-02-14
O002244,2025-02-12,D2C,R_N,SKU_CC_500,C00604,,1.0,1.0,1600,fulfilled,2025-02-14,2025-02-14
O002257,2025-02-12,D2C,R_N,SKU_CC_500,C00159,,1.5,1.5,1600,fulfilled,2025-02-14,2025-02-14
O002258,2025-02-12,D2C,R_N,SKU_CC_500,C00002,,2.0,2.0,1600,fulfilled,2025-02-14,2025-02-14
O002280,2025-02-12,D2C,R_S,SKU_CC_500,C00726,,1.0,1.0,1600,fulfilled,2025-02-14,2025-02-14
O002281,2025-02-12,D2C,R_S,SKU_CC_500,C00791,,2.0,2.0,1600,fulfilled,2025-02-14,2025-02-14
O002236,2025-02-13,D2C,R_N,SKU_CC_500,C00734,,0.5,0.5,1600,fulfilled,2025-02-15,2025-02-15
O002240,2025-02-13,D2C,R_N,SKU_CC_500,C00339,,1.0,1.0,1600,fulfilled,2025-02-15,2025-02-15
O002264,2025-02-13,D2C,R_N,SKU_CC_500,C00174,,1.5,1.5,1600,fulfilled,2025-02-15,2025-02-15
O002269,2025-02-13,D2C,R_N,SKU_CC_500,C00688,,1.0,1.0,1600,fulfilled,2025-02-15,2025-02-15
O002270,2025-02-13,D2C,R_N,SKU_CC_500,C00329,,0.5,0.5,1600,fulfilled,2025-02-15,2025-02-15
O002277,2025-02-13,D2C,R_S,SKU_CC_500,C00775,,1.0,1.0,1600,fulfilled,2025-02-15,2025-02-15
O002291,2025-02-13,D2C,R_S,SKU_CC_500,C00177,,0.5,0.5,1600,fulfilled,2025-02-15,2025-02-15
O002249,2025-02-14,D2C,R_N,SKU_CC_500,C00602,,1.0,1.0,1600,fulfilled,2025-02-16,2025-02-16
O002255,2025-02-14,D2C,R_N,SKU_CC_500,C00430,,1.5,1.5,1600,fulfilled,2025-02-16,2025-02-16
O002256,2025-02-14,D2C,R_N,SKU_CC_500,C00552,,1.0,1.0,1600,fulfilled,2025-02-16,2025-02-16
O002261,2025-02-14,D2C,R_N,SKU_CC_500,C00043,,1.0,1.0,1600,fulfilled,2025-02-16,2025-02-16
O002267,2025-02-14,D2C,R_N,SKU_CC_500,C00458,,2.0,2.0,1600,fulfilled,2025-02-16,2025-02-16
O002271,2025-02-14,D2C,R_S,SKU_CC_500,C00521,,2.0,2.0,1600,fulfilled,2025-02-16,2025-02-16
O002232,2025-02-15,D2C,R_N,SKU_CC_500,C00783,,2.0,2.0,1600,fulfilled,2025-02-17,2025-02-17
O002235,2025-02-15,D2C,R_N,SKU_CC_500,C00485,,1.0,1.0,1600,fulfilled,2025-02-17,2025-02-17
O002239,2025-02-15,D2C,R_N,SKU_CC_500,C00426,,1.0,1.0,1600,fulfilled,2025-02-17,2025-02-17
O002242,2025-02-15,D2C,R_N,SKU_CC_500,C00694,,0.5,0.5,1600,fulfilled,2025-02-17,2025-02-17
O002243,2025-02-15,D2C,R_N,SKU_CC_500,C00328,,1.0,1.0,1600,fulfilled,2025-02-17,2025-02-17
O002246,2025-02-15,D2C,R_N,SKU_CC_500,C00007,,1.0,1.0,1600,fulfilled,2025-02-17,2025-02-17
O002263,2025-02-15,D2C,R_N,SKU_CC_500,C00384,,1.0,1.0,1600,fulfilled,2025-02-17,2025-02-17
O002265,2025-02-15,D2C,R_N,SKU_CC_500,C00130,,0.5,0.5,1600,fulfilled,2025-02-17,2025-02-17
O002275,2025-02-15,D2C,R_S,SKU_CC_500,C00116,,0.5,0.5,1600,fulfilled,2025-02-17,2025-02-17
O002279,2025-02-15,D2C,R_S,SKU_CC_500,C00060,,0.5,0.5,1600,fulfilled,2025-02-17,2025-02-17
O002282,2025-02-15,D2C,R_S,SKU_CC_500,C00789,,1.5,1.5,1600,fulfilled,2025-02-17,2025-02-17
O002283,2025-02-15,D2C,R_S,SKU_CC_500,C00700,,2.0,2.0,1600,fulfilled,2025-02-17,2025-02-17
O002290,2025-02-15,D2C,R_S,SKU_CC_500,C00336,,2.0,2.0,1600,fulfilled,2025-02-17,2025-02-17
O002233,2025-02-16,D2C,R_N,SKU_CC_500,C00806,,1.0,1.0,1600,fulfilled,2025-02-18,2025-02-18
O002238,2025-02-16,D2C,R_N,SKU_CC_500,C00818,,0.5,0.5,1600,fulfilled,2025-02-18,2025-02-18
O002241,2025-02-16,D2C,R_N,SKU_CC_500,C00747,,1.5,1.5,1600,fulfilled,2025-02-18,2025-02-18
O002247,2025-02-16,D2C,R_N,SKU_CC_500,C00433,,1.5,1.5,1600,fulfilled,2025-02-18,2025-02-18
O002250,2025-02-16,D2C,R_N,SKU_CC_500,C00435,,2.0,2.0,1600,fulfilled,2025-02-18,2025-02-18
O002259,2025-02-16,D2C,R_N,SKU_CC_500,C00274,,1.0,1.0,1600,fulfilled,2025-02-18,2025-02-18
O002272,2025-02-16,D2C,R_S,SKU_CC_500,C00672,,1.5,1.5,1600,fulfilled,2025-02-18,2025-02-18
O002276,2025-02-16,D2C,R_S,SKU_CC_500,C00349,,2.0,2.0,1600,fulfilled,2025-02-18,2025-02-18
O002286,2025-02-16,D2C,R_S,SKU_CC_500,C00021,,1.0,1.0,1600,fulfilled,2025-02-18,2025-02-18
O002287,2025-02-16,D2C,R_S,SKU_CC_500,C00658,,0.5,0.5,1600,fulfilled,2025-02-18,2025-02-18
O002289,2025-02-16,D2C,R_S,SKU_CC_500,C00684,,1.5,1.5,1600,fulfilled,2025-02-18,2025-02-18
O002298,2025-02-17,D2C,R_N,SKU_CC_500,C00497,,0.5,0.5,1600,fulfilled,2025-02-19,2025-02-19
O002301,2025-02-17,D2C,R_N,SKU_CC_500,C00312,,1.0,1.0,1600,fulfilled,2025-02-19,2025-02-19
O002311,2025-02-17,D2C,R_N,SKU_CC_500,C00407,,0.5,0.5,1600,fulfilled,2025-02-19,2025-02-19
O002313,2025-02-17,D2C,R_N,SKU_CC_500,C00293,,1.0,1.0,1600,fulfilled,2025-02-19,2025-02-19
O002314,2025-02-17,D2C,R_N,SKU_CC_500,C00799,,1.5,1.5,1600,fulfilled,2025-02-19,2025-02-19
O002324,2025-02-17,D2C,R_N,SKU_CC_500,C00480,,2.0,2.0,1600,fulfilled,2025-02-19,2025-02-19
O002325,2025-02-17,D2C,R_N,SKU_CC_500,C00720,,0.5,0.5,1600,fulfilled,2025-02-19,2025-02-19
O002339,2025-02-17,D2C,R_S,SKU_CC_500,C00574,,2.0,2.0,1600,fulfilled,2025-02-19,2025-02-19
O002348,2025-02-17,D2C,R_S,SKU_CC_500,C00814,,0.5,0.5,1600,fulfilled,2025-02-19,2025-02-19
O002350,2025-02-17,D2C,R_S,SKU_CC_500,C00009,,2.0,2.0,1600,fulfilled,2025-02-19,2025-02-19
O006253,2025-02-17,B2B,R_N,SKU_CC_500,,ACC_DIST,82.4,82.4,1250,fulfilled,2025-02-20,2025-02-20
O006354,2025-02-17,B2B,R_S,SKU_CC_500,,ACC_REST,17.7,17.7,1400,fulfilled,2025-02-20,2025-02-20
O002293,2025-02-18,D2C,R_N,SKU_CC_500,C00225,,0.5,0.5,1600,fulfilled,2025-02-20,2025-02-20
O002295,2025-02-18,D2C,R_N,SKU_CC_500,C00000,,0.5,0.5,1600,fulfilled,2025-02-20,2025-02-20
O002299,2025-02-18,D2C,R_N,SKU_CC_500,C00132,,1.0,1.0,1600,fulfilled,2025-02-20,2025-02-20
O002310,2025-02-18,D2C,R_N,SKU_CC_500,C00225,,0.5,0.5,1600,fulfilled,2025-02-20,2025-02-20
O002320,2025-02-18,D2C,R_N,SKU_CC_500,C00032,,1.5,1.5,1600,fulfilled,2025-02-20,2025-02-20
O002328,2025-02-18,D2C,R_N,SKU_CC_500,C00756,,2.0,2.0,1600,fulfilled,2025-02-20,2025-02-20
O002336,2025-02-18,D2C,R_S,SKU_CC_500,C00787,,1.0,1.0,1600,fulfilled,2025-02-20,2025-02-20
O002337,2025-02-18,D2C,R_S,SKU_CC_500,C00165,,2.0,2.0,1600,fulfilled,2025-02-20,2025-02-20
O002338,2025-02-18,D2C,R_S,SKU_CC_500,C00128,,2.0,2.0,1600,fulfilled,2025-02-20,2025-02-20
O002300,2025-02-19,D2C,R_N,SKU_CC_500,C00106,,1.0,1.0,1600,fulfilled,2025-02-21,2025-02-21
O002302,2025-02-19,D2C,R_N,SKU_CC_500,C00370,,0.5,0.5,1600,fulfilled,2025-02-21,2025-02-21
O002306,2025-02-19,D2C,R_N,SKU_CC_500,C00123,,0.5,0.5,1600,fulfilled,2025-02-21,2025-02-21
O002309,2025-02-19,D2C,R_N,SKU_CC_500,C00519,,1.5,1.5,1600,fulfilled,2025-02-21,2025-02-21
O002315,2025-02-19,D2C,R_N,SKU_CC_500,C00796,,2.0,2.0,1600,fulfilled,2025-02-21,2025-02-21
O002317,2025-02-19,D2C,R_N,SKU_CC_500,C00413,,0.5,0.5,1600,fulfilled,2025-02-21,2025-02-21
O002318,2025-02-19,D2C,R_N,SKU_CC_500,C00771,,2.0,2.0,1600,fulfilled,2025-02-21,2025-02-21
O002343,2025-02-19,D2C,R_S,SKU_CC_500,C00607,,2.0,2.0,1600,fulfilled,2025-02-21,2025-02-21
O002352,2025-02-19,D2C,R_S,SKU_CC_500,C00774,,0.5,0.5,1600,fulfilled,2025-02-21,2025-02-21
O002294,2025-02-20,D2C,R_N,SKU_CC_500,C00237,,2.0,2.0,1600,fulfilled,2025-02-22,2025-02-22
O002305,2025-02-20,D2C,R_N,SKU_CC_500,C00727,,1.0,1.0,1600,fulfilled,2025-02-22,2025-02-22
O002326,2025-02-20,D2C,R_N,SKU_CC_500,C00520,,0.5,0.5,1600,fulfilled,2025-02-22,2025-02-22
O002332,2025-02-20,D2C,R_N,SKU_CC_500,C00443,,2.0,2.0,1600,fulfilled,2025-02-22,2025-02-22
O002344,2025-02-20,D2C,R_S,SKU_CC_500,C00438,,1.0,1.0,1600,fulfilled,2025-02-22,2025-02-22
O002347,2025-02-20,D2C,R_S,SKU_CC_500,C00389,,1.5,1.5,1600,fulfilled,2025-02-22,2025-02-22
O002312,2025-02-21,D2C,R_N,SKU_CC_500,C00394,,1.5,1.5,1600,fulfilled,2025-02-23,2025-02-23
O002321,2025-02-21,D2C,R_N,SKU_CC_500,C00424,,1.0,1.0,1600,fulfilled,2025-02-23,2025-02-23
O002342,2025-02-21,D2C,R_S,SKU_CC_500,C00008,,2.0,2.0,1600,fulfilled,2025-02-23,2025-02-23
O002345,2025-02-21,D2C,R_S,SKU_CC_500,C00388,,1.5,1.5,1600,fulfilled,2025-02-23,2025-02-23
O002346,2025-02-21,D2C,R_S,SKU_CC_500,C00453,,0.5,0.5,1600,fulfilled,2025-02-23,2025-02-23
O002349,2025-02-21,D2C,R_S,SKU_CC_500,C00777,,0.5,0.5,1600,fulfilled,2025-02-23,2025-02-23
O002303,2025-02-22,D2C,R_N,SKU_CC_500,C00835,,2.0,2.0,1600,fulfilled,2025-02-24,2025-02-24
O002307,2025-02-22,D2C,R_N,SKU_CC_500,C00327,,2.0,2.0,1600,fulfilled,2025-02-24,2025-02-24
O002308,2025-02-22,D2C,R_N,SKU_CC_500,C00315,,2.0,2.0,1600,fulfilled,2025-02-24,2025-02-24
O002319,2025-02-22,D2C,R_N,SKU_CC_500,C00253,,1.0,1.0,1600,fulfilled,2025-02-24,2025-02-24
O002327,2025-02-22,D2C,R_N,SKU_CC_500,C00773,,2.0,2.0,1600,fulfilled,2025-02-24,2025-02-24
O002329,2025-02-22,D2C,R_N,SKU_CC_500,C00029,,1.5,1.5,1600,fulfilled,2025-02-24,2025-02-24
O002330,2025-02-22,D2C,R_N,SKU_CC_500,C00668,,0.5,0.5,1600,fulfilled,2025-02-24,2025-02-24
O002333,2025-02-22,D2C,R_S,SKU_CC_500,C00271,,2.0,2.0,1600,fulfilled,2025-02-24,2025-02-24
O002334,2025-02-22,D2C,R_S,SKU_CC_500,C00658,,1.0,1.0,1600,fulfilled,2025-02-24,2025-02-24
O002296,2025-02-23,D2C,R_N,SKU_CC_500,C00273,,0.5,0.5,1600,fulfilled,2025-02-25,2025-02-25
O002297,2025-02-23,D2C,R_N,SKU_CC_500,C00424,,1.5,1.5,1600,fulfilled,2025-02-25,2025-02-25
O002304,2025-02-23,D2C,R_N,SKU_CC_500,C00407,,1.5,1.5,1600,fulfilled,2025-02-25,2025-02-25
O002316,2025-02-23,D2C,R_N,SKU_CC_500,C00147,,2.0,2.0,1600,fulfilled,2025-02-25,2025-02-25
O002322,2025-02-23,D2C,R_N,SKU_CC_500,C00784,,1.5,1.5,1600,fulfilled,2025-02-25,2025-02-25
O002323,2025-02-23,D2C,R_N,SKU_CC_500,C00475,,0.5,0.5,1600,fulfilled,2025-02-25,2025-02-25
O002331,2025-02-23,D2C,R_N,SKU_CC_500,C00239,,1.5,1.5,1600,fulfilled,2025-02-25,2025-02-25
O002335,2025-02-23,D2C,R_S,SKU_CC_500,C00761,,2.0,2.0,1600,fulfilled,2025-02-25,2025-02-25
O002340,2025-02-23,D2C,R_S,SKU_CC_500,C00114,,2.0,2.0,1600,fulfilled,2025-02-25,2025-02-25
O002341,2025-02-23,D2C,R_S,SKU_CC_500,C00049,,2.0,2.0,1600,fulfilled,2025-02-25,2025-02-25
O002351,2025-02-23,D2C,R_S,SKU_CC_500,C00191,,0.5,0.5,1600,fulfilled,2025-02-25,2025-02-25
O002353,2025-02-23,D2C,R_S,SKU_CC_500,C00624,,1.5,1.5,1600,fulfilled,2025-02-25,2025-02-25
O002354,2025-02-23,D2C,R_S,SKU_CC_500,C00245,,2.0,2.0,1600,fulfilled,2025-02-25,2025-02-25
O002364,2025-02-24,D2C,R_N,SKU_CC_500,C00266,,0.5,0.5,1600,fulfilled,2025-02-26,2025-02-26
O002366,2025-02-24,D2C,R_N,SKU_CC_500,C00314,,1.5,1.5,1600,fulfilled,2025-02-26,2025-02-26
O002391,2025-02-24,D2C,R_N,SKU_CC_500,C00134,,0.5,0.5,1600,fulfilled,2025-02-26,2025-02-26
O002392,2025-02-24,D2C,R_N,SKU_CC_500,C00111,,1.5,1.5,1600,fulfilled,2025-02-26,2025-02-26
O002394,2025-02-24,D2C,R_N,SKU_CC_500,C00357,,1.0,1.0,1600,fulfilled,2025-02-26,2025-02-26
O002395,2025-02-24,D2C,R_N,SKU_CC_500,C00303,,1.0,1.0,1600,fulfilled,2025-02-26,2025-02-26
O002402,2025-02-24,D2C,R_S,SKU_CC_500,C00658,,1.5,1.5,1600,fulfilled,2025-02-26,2025-02-26
O002409,2025-02-24,D2C,R_S,SKU_CC_500,C00524,,1.0,1.0,1600,fulfilled,2025-02-26,2025-02-26
O006254,2025-02-24,B2B,R_N,SKU_CC_500,,ACC_DIST,84.4,84.4,1250,fulfilled,2025-02-27,2025-02-27
O006355,2025-02-24,B2B,R_S,SKU_CC_500,,ACC_REST,19.7,19.7,1400,fulfilled,2025-02-27,2025-02-27
O002359,2025-02-25,D2C,R_N,SKU_CC_500,C00846,,0.5,0.5,1600,fulfilled,2025-02-27,2025-02-27
O002362,2025-02-25,D2C,R_N,SKU_CC_500,C00694,,1.0,1.0,1600,fulfilled,2025-02-27,2025-02-27
O002368,2025-02-25,D2C,R_N,SKU_CC_500,C00740,,0.5,0.5,1600,fulfilled,2025-02-27,2025-02-27
O002371,2025-02-25,D2C,R_N,SKU_CC_500,C00159,,1.5,1.5,1600,fulfilled,2025-02-27,2025-02-27
O002374,2025-02-25,D2C,R_N,SKU_CC_500,C00694,,1.5,1.5,1600,fulfilled,2025-02-27,2025-02-27
O002376,2025-02-25,D2C,R_N,SKU_CC_500,C00767,,2.0,2.0,1600,fulfilled,2025-02-27,2025-02-27
O002380,2025-02-25,D2C,R_N,SKU_CC_500,C00301,,0.5,0.5,1600,fulfilled,2025-02-27,2025-02-27
O002382,2025-02-25,D2C,R_N,SKU_CC_500,C00766,,1.0,1.0,1600,fulfilled,2025-02-27,2025-02-27
O002399,2025-02-25,D2C,R_S,SKU_CC_500,C00258,,1.5,1.5,1600,fulfilled,2025-02-27,2025-02-27
O002400,2025-02-25,D2C,R_S,SKU_CC_500,C00787,,0.5,0.5,1600,fulfilled,2025-02-27,2025-02-27
O002411,2025-02-25,D2C,R_S,SKU_CC_500,C00036,,1.5,1.5,1600,fulfilled,2025-02-27,2025-02-27
O002412,2025-02-25,D2C,R_S,SKU_CC_500,C00113,,0.5,0.5,1600,fulfilled,2025-02-27,2025-02-27
O002417,2025-02-25,D2C,R_S,SKU_CC_500,C00295,,1.0,1.0,1600,fulfilled,2025-02-27,2025-02-27
O002418,2025-02-25,D2C,R_S,SKU_CC_500,C00285,,1.0,1.0,1600,fulfilled,2025-02-27,2025-02-27
O002367,2025-02-26,D2C,R_N,SKU_CC_500,C00225,,2.0,2.0,1600,fulfilled,2025-02-28,2025-02-28
O002370,2025-02-26,D2C,R_N,SKU_CC_500,C00740,,0.5,0.5,1600,fulfilled,2025-02-28,2025-02-28
O002378,2025-02-26,D2C,R_N,SKU_CC_500,C00601,,1.0,1.0,1600,fulfilled,2025-02-28,2025-02-28
O002385,2025-02-26,D2C,R_N,SKU_CC_500,C00824,,0.5,0.5,1600,fulfilled,2025-02-28,2025-02-28
O002396,2025-02-26,D2C,R_S,SKU_CC_500,C00207,,2.0,2.0,1600,fulfilled,2025-02-28,2025-02-28
O002403,2025-02-26,D2C,R_S,SKU_CC_500,C00282,,2.0,2.0,1600,fulfilled,2025-02-28,2025-02-28
O002405,2025-02-26,D2C,R_S,SKU_CC_500,C00521,,0.5,0.5,1600,fulfilled,2025-02-28,2025-02-28
O002407,2025-02-26,D2C,R_S,SKU_CC_500,C00854,,0.5,0.5,1600,fulfilled,2025-02-28,2025-02-28
O002410,2025-02-26,D2C,R_S,SKU_CC_500,C00218,,2.0,2.0,1600,fulfilled,2025-02-28,2025-02-28
O002416,2025-02-26,D2C,R_S,SKU_CC_500,C00230,,2.0,2.0,1600,fulfilled,2025-02-28,2025-02-28
O002355,2025-02-27,D2C,R_N,SKU_CC_500,C00370,,2.0,2.0,1600,fulfilled,2025-03-01,2025-03-01
O002356,2025-02-27,D2C,R_N,SKU_CC_500,C00807,,0.5,0.5,1600,fulfilled,2025-03-01,2025-03-01
O002357,2025-02-27,D2C,R_N,SKU_CC_500,C00081,,1.0,1.0,1600,fulfilled,2025-03-01,2025-03-01
O002372,2025-02-27,D2C,R_N,SKU_CC_500,C00214,,1.0,1.0,1600,fulfilled,2025-03-01,2025-03-01
O002375,2025-02-27,D2C,R_N,SKU_CC_500,C00202,,0.5,0.5,1600,fulfilled,2025-03-01,2025-03-01
O002383,2025-02-27,D2C,R_N,SKU_CC_500,C00483,,2.0,2.0,1600,fulfilled,2025-03-01,2025-03-01
O002401,2025-02-27,D2C,R_S,SKU_CC_500,C00255,,1.0,1.0,1600,fulfilled,2025-03-01,2025-03-01
O002406,2025-02-27,D2C,R_S,SKU_CC_500,C00684,,0.5,0.5,1600,fulfilled,2025-03-01,2025-03-01
O002415,2025-02-27,D2C,R_S,SKU_CC_500,C00023,,2.0,2.0,1600,fulfilled,2025-03-01,2025-03-01
O002358,2025-02-28,D2C,R_N,SKU_CC_500,C00577,,0.5,0.5,1600,fulfilled,2025-03-02,2025-03-02
O002369,2025-02-28,D2C,R_N,SKU_CC_500,C00554,,1.5,1.5,1600,fulfilled,2025-03-02,2025-03-02
O002379,2025-02-28,D2C,R_N,SKU_CC_500,C00598,,2.0,2.0,1600,fulfilled,2025-03-02,2025-03-02
O002387,2025-02-28,D2C,R_N,SKU_CC_500,C00654,,1.5,1.5,1600,fulfilled,2025-03-02,2025-03-02
O002389,2025-02-28,D2C,R_N,SKU_CC_500,C00327,,2.0,2.0,1600,fulfilled,2025-03-02,2025-03-02
O002393,2025-02-28,D2C,R_N,SKU_CC_500,C00848,,1.5,1.5,1600,fulfilled,2025-03-02,2025-03-02
O002397,2025-02-28,D2C,R_S,SKU_CC_500,C00504,,1.5,1.5,1600,fulfilled,2025-03-02,2025-03-02
O002414,2025-02-28,D2C,R_S,SKU_CC_500,C00776,,2.0,2.0,1600,fulfilled,2025-03-02,2025-03-02
O002361,2025-03-01,D2C,R_N,SKU_CC_500,C00276,,1.5,1.5,1600,fulfilled,2025-03-03,2025-03-03
O002373,2025-03-01,D2C,R_N,SKU_CC_500,C00691,,1.0,1.0,1600,fulfilled,2025-03-03,2025-03-03
O002404,2025-03-01,D2C,R_S,SKU_CC_500,C00623,,1.0,1.0,1600,fulfilled,2025-03-03,2025-03-03
O002360,2025-03-02,D2C,R_N,SKU_CC_500,C00094,,2.0,2.0,1600,fulfilled,2025-03-04,2025-03-04
O002363,2025-03-02,D2C,R_N,SKU_CC_500,C00253,,2.0,2.0,1600,fulfilled,2025-03-04,2025-03-04
O002365,2025-03-02,D2C,R_N,SKU_CC_500,C00784,,1.0,1.0,1600,fulfilled,2025-03-04,2025-03-04
O002377,2025-03-02,D2C,R_N,SKU_CC_500,C00426,,1.5,1.5,1600,fulfilled,2025-03-04,2025-03-04
O002381,2025-03-02,D2C,R_N,SKU_CC_500,C00148,,0.5,0.5,1600,fulfilled,2025-03-04,2025-03-04
O002384,2025-03-02,D2C,R_N,SKU_CC_500,C00401,,2.0,2.0,1600,fulfilled,2025-03-04,2025-03-04
O002386,2025-03-02,D2C,R_N,SKU_CC_500,C00727,,0.5,0.5,1600,fulfilled,2025-03-04,2025-03-04
O002388,2025-03-02,D2C,R_N,SKU_CC_500,C00118,,1.5,1.5,1600,fulfilled,2025-03-04,2025-03-04
O002390,2025-03-02,D2C,R_N,SKU_CC_500,C00185,,1.0,1.0,1600,fulfilled,2025-03-04,2025-03-04
O002398,2025-03-02,D2C,R_S,SKU_CC_500,C00023,,2.0,2.0,1600,fulfilled,2025-03-04,2025-03-04
O002408,2025-03-02,D2C,R_S,SKU_CC_500,C00112,,1.5,1.5,1600,fulfilled,2025-03-04,2025-03-04
O002413,2025-03-02,D2C,R_S,SKU_CC_500,C00815,,1.5,1.5,1600,fulfilled,2025-03-04,2025-03-04
O002424,2025-03-03,D2C,R_N,SKU_CC_500,C00466,,0.5,0.5,1600,fulfilled,2025-03-05,2025-03-05
O002426,2025-03-03,D2C,R_N,SKU_CC_500,C00492,,1.0,1.0,1600,fulfilled,2025-03-05,2025-03-05
O002435,2025-03-03,D2C,R_N,SKU_CC_500,C00390,,1.0,1.0,1600,fulfilled,2025-03-05,2025-03-05
O002436,2025-03-03,D2C,R_N,SKU_CC_500,C00744,,1.0,1.0,1600,fulfilled,2025-03-05,2025-03-05
O002443,2025-03-03,D2C,R_N,SKU_CC_500,C00299,,1.0,1.0,1600,fulfilled,2025-03-05,2025-03-05
O002449,2025-03-03,D2C,R_N,SKU_CC_500,C00741,,0.5,0.5,1600,fulfilled,2025-03-05,2025-03-05
O002454,2025-03-03,D2C,R_N,SKU_CC_500,C00753,,0.5,0.5,1600,fulfilled,2025-03-05,2025-03-05
O002468,2025-03-03,D2C,R_S,SKU_CC_500,C00258,,1.5,1.5,1600,fulfilled,2025-03-05,2025-03-05
O006255,2025-03-03,B2B,R_N,SKU_CC_500,,ACC_DIST,76.3,76.3,1250,fulfilled,2025-03-06,2025-03-06
O006356,2025-03-03,B2B,R_S,SKU_CC_500,,ACC_REST,19.3,19.3,1400,fulfilled,2025-03-06,2025-03-06
O002421,2025-03-04,D2C,R_N,SKU_CC_500,C00664,,0.5,0.5,1600,fulfilled,2025-03-06,2025-03-06
O002428,2025-03-04,D2C,R_N,SKU_CC_500,C00214,,0.5,0.5,1600,fulfilled,2025-03-06,2025-03-06
O002439,2025-03-04,D2C,R_N,SKU_CC_500,C00082,,1.5,1.5,1600,fulfilled,2025-03-06,2025-03-06
O002441,2025-03-04,D2C,R_N,SKU_CC_500,C00434,,1.5,1.5,1600,fulfilled,2025-03-06,2025-03-06
O002450,2025-03-04,D2C,R_N,SKU_CC_500,C00620,,0.5,0.5,1600,fulfilled,2025-03-06,2025-03-06
O002453,2025-03-04,D2C,R_N,SKU_CC_500,C00234,,1.0,1.0,1600,fulfilled,2025-03-06,2025-03-06
O002462,2025-03-04,D2C,R_S,SKU_CC_500,C00778,,1.5,1.5,1600,fulfilled,2025-03-06,2025-03-06
O002463,2025-03-04,D2C,R_S,SKU_CC_500,C00489,,2.0,2.0,1600,fulfilled,2025-03-06,2025-03-06
O002478,2025-03-04,D2C,R_S,SKU_CC_500,C00813,,2.0,2.0,1600,fulfilled,2025-03-06,2025-03-06
O002420,2025-03-05,D2C,R_N,SKU_CC_500,C00353,,0.5,0.5,1600,fulfilled,2025-03-07,2025-03-07
O002423,2025-03-05,D2C,R_N,SKU_CC_500,C00460,,0.5,0.5,1600,fulfilled,2025-03-07,2025-03-07
O002429,2025-03-05,D2C,R_N,SKU_CC_500,C00780,,1.5,1.5,1600,fulfilled,2025-03-07,2025-03-07
O002431,2025-03-05,D2C,R_N,SKU_CC_500,C00083,,2.0,2.0,1600,fulfilled,2025-03-07,2025-03-07
O002432,2025-03-05,D2C,R_N,SKU_CC_500,C00732,,1.5,1.5,1600,fulfilled,2025-03-07,2025-03-07
O002438,2025-03-05,D2C,R_N,SKU_CC_500,C00058,,2.0,2.0,1600,fulfilled,2025-03-07,2025-03-07
O002457,2025-03-05,D2C,R_N,SKU_CC_500,C00655,,2.0,2.0,1600,fulfilled,2025-03-07,2025-03-07
O002470,2025-03-05,D2C,R_S,SKU_CC_500,C00713,,1.0,1.0,1600,fulfilled,2025-03-07,2025-03-07
O002473,2025-03-05,D2C,R_S,SKU_CC_500,C00748,,1.5,1.5,1600,fulfilled,2025-03-07,2025-03-07
O002477,2025-03-05,D2C,R_S,SKU_CC_500,C00164,,2.0,2.0,1600,fulfilled,2025-03-07,2025-03-07
O002425,2025-03-06,D2C,R_N,SKU_CC_500,C00318,,2.0,2.0,1600,fulfilled,2025-03-08,2025-03-08
O002433,2025-03-06,D2C,R_N,SKU_CC_500,C00714,,2.0,2.0,1600,fulfilled,2025-03-08,2025-03-08
O002442,2025-03-06,D2C,R_N,SKU_CC_500,C00200,,1.0,1.0,1600,fulfilled,2025-03-08,2025-03-08
O002452,2025-03-06,D2C,R_N,SKU_CC_500,C00537,,2.0,2.0,1600,fulfilled,2025-03-08,2025-03-08
O002459,2025-03-06,D2C,R_N,SKU_CC_500,C00131,,2.0,2.0,1600,fulfilled,2025-03-08,2025-03-08
O002466,2025-03-06,D2C,R_S,SKU_CC_500,C00190,,0.5,0.5,1600,fulfilled,2025-03-08,2025-03-08
O002481,2025-03-06,D2C,R_S,SKU_CC_500,C00790,,2.0,2.0,1600,fulfilled,2025-03-08,2025-03-08
O002440,2025-03-07,D2C,R_N,SKU_CC_500,C00122,,0.5,0.5,1600,fulfilled,2025-03-09,2025-03-09
O002444,2025-03-07,D2C,R_N,SKU_CC_500,C00028,,2.0,2.0,1600,fulfilled,2025-03-09,2025-03-09
O002447,2025-03-07,D2C,R_N,SKU_CC_500,C00740,,1.0,1.0,1600,fulfilled,2025-03-09,2025-03-09
O002448,2025-03-07,D2C,R_N,SKU_CC_500,C00560,,1.5,1.5,1600,fulfilled,2025-03-09,2025-03-09
O002451,2025-03-07,D2C,R_N,SKU_CC_500,C00452,,1.0,1.0,1600,fulfilled,2025-03-09,2025-03-09
O002464,2025-03-07,D2C,R_S,SKU_CC_500,C00777,,1.0,1.0,1600,fulfilled,2025-03-09,2025-03-09
O002469,2025-03-07,D2C,R_S,SKU_CC_500,C00233,,2.0,2.0,1600,fulfilled,2025-03-09,2025-03-09
O002471,2025-03-07,D2C,R_S,SKU_CC_500,C00610,,1.5,1.5,1600,fulfilled,2025-03-09,2025-03-09
O002482,2025-03-07,D2C,R_S,SKU_CC_500,C00308,,1.5,1.5,1600,fulfilled,2025-03-09,2025-03-09
O002419,2025-03-08,D2C,R_N,SKU_CC_500,C00378,,0.5,0.5,1600,fulfilled,2025-03-10,2025-03-10
O002422,2025-03-08,D2C,R_N,SKU_CC_500,C00514,,0.5,0.5,1600,fulfilled,2025-03-10,2025-03-10
O002427,2025-03-08,D2C,R_N,SKU_CC_500,C00262,,1.5,1.5,1600,fulfilled,2025-03-10,2025-03-10
O002434,2025-03-08,D2C,R_N,SKU_CC_500,C00065,,2.0,2.0,1600,fulfilled,2025-03-10,2025-03-10
O002437,2025-03-08,D2C,R_N,SKU_CC_500,C00065,,1.5,1.5,1600,fulfilled,2025-03-10,2025-03-10
O002445,2025-03-08,D2C,R_N,SKU_CC_500,C00820,,1.5,1.5,1600,fulfilled,2025-03-10,2025-03-10
O002455,2025-03-08,D2C,R_N,SKU_CC_500,C00514,,1.5,1.5,1600,fulfilled,2025-03-10,2025-03-10
O002460,2025-03-08,D2C,R_S,SKU_CC_500,C00854,,1.5,1.5,1600,fulfilled,2025-03-10,2025-03-10
O002461,2025-03-08,D2C,R_S,SKU_CC_500,C00642,,1.5,1.5,1600,fulfilled,2025-03-10,2025-03-10
O002465,2025-03-08,D2C,R_S,SKU_CC_500,C00025,,1.5,1.5,1600,fulfilled,2025-03-10,2025-03-10
O002474,2025-03-08,D2C,R_S,SKU_CC_500,C00644,,1.5,1.5,1600,fulfilled,2025-03-10,2025-03-10
O002475,2025-03-08,D2C,R_S,SKU_CC_500,C00673,,0.5,0.5,1600,fulfilled,2025-03-10,2025-03-10
O002430,2025-03-09,D2C,R_N,SKU_CC_500,C00366,,1.0,1.0,1600,fulfilled,2025-03-11,2025-03-11
O002446,2025-03-09,D2C,R_N,SKU_CC_500,C00784,,1.5,1.5,1600,fulfilled,2025-03-11,2025-03-11
O002456,2025-03-09,D2C,R_N,SKU_CC_500,C00163,,2.0,2.0,1600,fulfilled,2025-03-11,2025-03-11
O002458,2025-03-09,D2C,R_N,SKU_CC_500,C00614,,1.0,1.0,1600,fulfilled,2025-03-11,2025-03-11
O002467,2025-03-09,D2C,R_S,SKU_CC_500,C00076,,1.5,1.5,1600,fulfilled,2025-03-11,2025-03-11
O002472,2025-03-09,D2C,R_S,SKU_CC_500,C00507,,1.5,1.5,1600,fulfilled,2025-03-11,2025-03-11
O002476,2025-03-09,D2C,R_S,SKU_CC_500,C00504,,0.5,0.5,1600,fulfilled,2025-03-11,2025-03-11
O002479,2025-03-09,D2C,R_S,SKU_CC_500,C00504,,2.0,2.0,1600,fulfilled,2025-03-11,2025-03-11
O002480,2025-03-09,D2C,R_S,SKU_CC_500,C00230,,1.0,1.0,1600,fulfilled,2025-03-11,2025-03-11
O002484,2025-03-10,D2C,R_N,SKU_CC_500,C00704,,0.5,0.5,1600,fulfilled,2025-03-12,2025-03-12
O002485,2025-03-10,D2C,R_N,SKU_CC_500,C00596,,1.5,1.5,1600,fulfilled,2025-03-12,2025-03-12
O002496,2025-03-10,D2C,R_N,SKU_CC_500,C00326,,0.5,0.5,1600,fulfilled,2025-03-12,2025-03-12
O002499,2025-03-10,D2C,R_N,SKU_CC_500,C00276,,2.0,2.0,1600,fulfilled,2025-03-12,2025-03-12
O002503,2025-03-10,D2C,R_N,SKU_CC_500,C00097,,1.0,1.0,1600,fulfilled,2025-03-12,2025-03-12
O002504,2025-03-10,D2C,R_N,SKU_CC_500,C00159,,1.5,1.5,1600,fulfilled,2025-03-12,2025-03-12
O002507,2025-03-10,D2C,R_N,SKU_CC_500,C00399,,2.0,2.0,1600,fulfilled,2025-03-12,2025-03-12
O002514,2025-03-10,D2C,R_N,SKU_CC_500,C00223,,2.0,2.0,1600,fulfilled,2025-03-12,2025-03-12
O002517,2025-03-10,D2C,R_N,SKU_CC_500,C00615,,2.0,2.0,1600,fulfilled,2025-03-12,2025-03-12
O002518,2025-03-10,D2C,R_N,SKU_CC_500,C00289,,1.0,1.0,1600,fulfilled,2025-03-12,2025-03-12
O002520,2025-03-10,D2C,R_N,SKU_CC_500,C00823,,1.0,1.0,1600,fulfilled,2025-03-12,2025-03-12
O002531,2025-03-10,D2C,R_S,SKU_CC_500,C00385,,1.0,1.0,1600,fulfilled,2025-03-12,2025-03-12
O002532,2025-03-10,D2C,R_S,SKU_CC_500,C00346,,1.5,1.5,1600,fulfilled,2025-03-12,2025-03-12
O002535,2025-03-10,D2C,R_S,SKU_CC_500,C00713,,2.0,2.0,1600,fulfilled,2025-03-12,2025-03-12
O002536,2025-03-10,D2C,R_S,SKU_CC_500,C00333,,2.0,2.0,1600,fulfilled,2025-03-12,2025-03-12
O002537,2025-03-10,D2C,R_S,SKU_CC_500,C00657,,2.0,2.0,1600,fulfilled,2025-03-12,2025-03-12
O006256,2025-03-10,B2B,R_N,SKU_CC_500,,ACC_DIST,94.7,94.7,1250,fulfilled,2025-03-13,2025-03-13
O006357,2025-03-10,B2B,R_S,SKU_CC_500,,ACC_REST,15.5,15.5,1400,fulfilled,2025-03-13,2025-03-13
O002522,2025-03-11,D2C,R_N,SKU_CC_500,C00108,,1.5,1.5,1600,fulfilled,2025-03-13,2025-03-13
O002529,2025-03-11,D2C,R_S,SKU_CC_500,C00374,,2.0,2.0,1600,fulfilled,2025-03-13,2025-03-13
O002534,2025-03-11,D2C,R_S,SKU_CC_500,C00765,,2.0,2.0,1600,fulfilled,2025-03-13,2025-03-13
O002547,2025-03-11,D2C,R_S,SKU_CC_500,C00867,,2.0,2.0,1600,fulfilled,2025-03-13,2025-03-13
O002489,2025-03-12,D2C,R_N,SKU_CC_500,C00703,,1.0,1.0,1600,fulfilled,2025-03-14,2025-03-14
O002493,2025-03-12,D2C,R_N,SKU_CC_500,C00415,,0.5,0.5,1600,fulfilled,2025-03-14,2025-03-14
O002494,2025-03-12,D2C,R_N,SKU_CC_500,C00600,,0.5,0.5,1600,fulfilled,2025-03-14,2025-03-14
O002498,2025-03-12,D2C,R_N,SKU_CC_500,C00870,,0.5,0.5,1600,fulfilled,2025-03-14,2025-03-14
O002506,2025-03-12,D2C,R_N,SKU_CC_500,C00597,,0.5,0.5,1600,fulfilled,2025-03-14,2025-03-14
O002510,2025-03-12,D2C,R_N,SKU_CC_500,C00248,,1.0,1.0,1600,fulfilled,2025-03-14,2025-03-14
O002524,2025-03-12,D2C,R_N,SKU_CC_500,C00563,,0.5,0.5,1600,fulfilled,2025-03-14,2025-03-14
O002526,2025-03-12,D2C,R_S,SKU_CC_500,C00229,,1.5,1.5,1600,fulfilled,2025-03-14,2025-03-14
O002486,2025-03-13,D2C,R_N,SKU_CC_500,C00701,,0.5,0.5,1600,fulfilled,2025-03-15,2025-03-15
O002488,2025-03-13,D2C,R_N,SKU_CC_500,C00441,,2.0,2.0,1600,fulfilled,2025-03-15,2025-03-15
O002495,2025-03-13,D2C,R_N,SKU_CC_500,C00494,,1.5,1.5,1600,fulfilled,2025-03-15,2025-03-15
O002501,2025-03-13,D2C,R_N,SKU_CC_500,C00368,,1.0,1.0,1600,fulfilled,2025-03-15,2025-03-15
O002502,2025-03-13,D2C,R_N,SKU_CC_500,C00873,,1.5,1.5,1600,fulfilled,2025-03-15,2025-03-15
O002515,2025-03-13,D2C,R_N,SKU_CC_500,C00174,,2.0,2.0,1600,fulfilled,2025-03-15,2025-03-15
O002516,2025-03-13,D2C,R_N,SKU_CC_500,C00107,,1.5,1.5,1600,fulfilled,2025-03-15,2025-03-15
O002523,2025-03-13,D2C,R_N,SKU_CC_500,C00510,,2.0,2.0,1600,fulfilled,2025-03-15,2025-03-15
O002527,2025-03-13,D2C,R_S,SKU_CC_500,C00453,,1.5,1.5,1600,fulfilled,2025-03-15,2025-03-15
O002539,2025-03-13,D2C,R_S,SKU_CC_500,C00062,,1.5,1.5,1600,fulfilled,2025-03-15,2025-03-15
O002540,2025-03-13,D2C,R_S,SKU_CC_500,C00828,,1.0,1.0,1600,fulfilled,2025-03-15,2025-03-15
O002546,2025-03-13,D2C,R_S,SKU_CC_500,C00385,,0.5,0.5,1600,fulfilled,2025-03-15,2025-03-15
O002487,2025-03-14,D2C,R_N,SKU_CC_500,C00306,,1.0,1.0,1600,fulfilled,2025-03-16,2025-03-16
O002490,2025-03-14,D2C,R_N,SKU_CC_500,C00290,,1.0,1.0,1600,fulfilled,2025-03-16,2025-03-16
O002509,2025-03-14,D2C,R_N,SKU_CC_500,C00581,,0.5,0.5,1600,fulfilled,2025-03-16,2025-03-16
O002513,2025-03-14,D2C,R_N,SKU_CC_500,C00848,,0.5,0.5,1600,fulfilled,2025-03-16,2025-03-16
O002542,2025-03-14,D2C,R_S,SKU_CC_500,C00334,,2.0,2.0,1600,fulfilled,2025-03-16,2025-03-16
O002543,2025-03-14,D2C,R_S,SKU_CC_500,C00322,,2.0,2.0,1600,fulfilled,2025-03-16,2025-03-16
O002545,2025-03-14,D2C,R_S,SKU_CC_500,C00406,,1.5,1.5,1600,fulfilled,2025-03-16,2025-03-16
O002505,2025-03-15,D2C,R_N,SKU_CC_500,C00715,,0.5,0.5,1600,fulfilled,2025-03-17,2025-03-17
O002512,2025-03-15,D2C,R_N,SKU_CC_500,C00380,,0.5,0.5,1600,fulfilled,2025-03-17,2025-03-17
O002519,2025-03-15,D2C,R_N,SKU_CC_500,C00691,,1.0,1.0,1600,fulfilled,2025-03-17,2025-03-17
O002521,2025-03-15,D2C,R_N,SKU_CC_500,C00601,,2.0,2.0,1600,fulfilled,2025-03-17,2025-03-17
O002528,2025-03-15,D2C,R_S,SKU_CC_500,C00683,,1.0,1.0,1600,fulfilled,2025-03-17,2025-03-17
O002530,2025-03-15,D2C,R_S,SKU_CC_500,C00765,,1.0,1.0,1600,fulfilled,2025-03-17,2025-03-17
O002533,2025-03-15,D2C,R_S,SKU_CC_500,C00153,,0.5,0.5,1600,fulfilled,2025-03-17,2025-03-17
O002541,2025-03-15,D2C,R_S,SKU_CC_500,C00060,,1.0,1.0,1600,fulfilled,2025-03-17,2025-03-17
O002483,2025-03-16,D2C,R_N,SKU_CC_500,C00543,,1.5,1.5,1600,fulfilled,2025-03-18,2025-03-18
O002491,2025-03-16,D2C,R_N,SKU_CC_500,C00442,,2.0,2.0,1600,fulfilled,2025-03-18,2025-03-18
O002492,2025-03-16,D2C,R_N,SKU_CC_500,C00247,,1.0,1.0,1600,fulfilled,2025-03-18,2025-03-18
O002497,2025-03-16,D2C,R_N,SKU_CC_500,C00410,,0.5,0.5,1600,fulfilled,2025-03-18,2025-03-18
O002500,2025-03-16,D2C,R_N,SKU_CC_500,C00465,,2.0,2.0,1600,fulfilled,2025-03-18,2025-03-18
O002508,2025-03-16,D2C,R_N,SKU_CC_500,C00182,,1.0,1.0,1600,fulfilled,2025-03-18,2025-03-18
O002511,2025-03-16,D2C,R_N,SKU_CC_500,C00537,,1.0,1.0,1600,fulfilled,2025-03-18,2025-03-18
O002525,2025-03-16,D2C,R_S,SKU_CC_500,C00788,,0.5,0.5,1600,fulfilled,2025-03-18,2025-03-18
O002538,2025-03-16,D2C,R_S,SKU_CC_500,C00657,,1.5,1.5,1600,fulfilled,2025-03-18,2025-03-18
O002544,2025-03-16,D2C,R_S,SKU_CC_500,C00737,,0.5,0.5,1600,fulfilled,2025-03-18,2025-03-18
O002549,2025-03-17,D2C,R_N,SKU_CC_500,C00792,,0.5,0.5,1600,fulfilled,2025-03-19,2025-03-19
O002553,2025-03-17,D2C,R_N,SKU_CC_500,C00694,,1.0,1.0,1600,fulfilled,2025-03-19,2025-03-19
O002562,2025-03-17,D2C,R_N,SKU_CC_500,C00554,,2.0,2.0,1600,fulfilled,2025-03-19,2025-03-19
O002574,2025-03-17,D2C,R_N,SKU_CC_500,C00512,,2.0,2.0,1600,fulfilled,2025-03-19,2025-03-19
O002583,2025-03-17,D2C,R_N,SKU_CC_500,C00837,,0.5,0.5,1600,fulfilled,2025-03-19,2025-03-19
O002584,2025-03-17,D2C,R_N,SKU_CC_500,C00380,,1.0,1.0,1600,fulfilled,2025-03-19,2025-03-19
O002587,2025-03-17,D2C,R_N,SKU_CC_500,C00785,,1.5,1.5,1600,fulfilled,2025-03-19,2025-03-19
O002601,2025-03-17,D2C,R_S,SKU_CC_500,C00880,,2.0,2.0,1600,fulfilled,2025-03-19,2025-03-19
O006257,2025-03-17,B2B,R_N,SKU_CC_500,,ACC_DIST,83.4,83.4,1250,fulfilled,2025-03-20,2025-03-20
O006358,2025-03-17,B2B,R_S,SKU_CC_500,,ACC_REST,18.5,18.5,1400,fulfilled,2025-03-20,2025-03-20
O002551,2025-03-18,D2C,R_N,SKU_CC_500,C00124,,1.5,1.5,1600,fulfilled,2025-03-20,2025-03-20
O002552,2025-03-18,D2C,R_N,SKU_CC_500,C00598,,0.5,0.5,1600,fulfilled,2025-03-20,2025-03-20
O002560,2025-03-18,D2C,R_N,SKU_CC_500,C00410,,1.5,1.5,1600,fulfilled,2025-03-20,2025-03-20
O002582,2025-03-18,D2C,R_N,SKU_CC_500,C00122,,1.0,1.0,1600,fulfilled,2025-03-20,2025-03-20
O002592,2025-03-18,D2C,R_S,SKU_CC_500,C00803,,1.0,1.0,1600,fulfilled,2025-03-20,2025-03-20
O002603,2025-03-18,D2C,R_S,SKU_CC_500,C00471,,2.0,2.0,1600,fulfilled,2025-03-20,2025-03-20
O002605,2025-03-18,D2C,R_S,SKU_CC_500,C00087,,1.5,1.5,1600,fulfilled,2025-03-20,2025-03-20
O002610,2025-03-18,D2C,R_S,SKU_CC_500,C00088,,1.5,1.5,1600,fulfilled,2025-03-20,2025-03-20
O002613,2025-03-18,D2C,R_S,SKU_CC_500,C00739,,2.0,2.0,1600,fulfilled,2025-03-20,2025-03-20
O002557,2025-03-19,D2C,R_N,SKU_CC_500,C00109,,1.5,1.5,1600,fulfilled,2025-03-21,2025-03-21
O002572,2025-03-19,D2C,R_N,SKU_CC_500,C00818,,2.0,2.0,1600,fulfilled,2025-03-21,2025-03-21
O002580,2025-03-19,D2C,R_N,SKU_CC_500,C00654,,2.0,2.0,1600,fulfilled,2025-03-21,2025-03-21
O002590,2025-03-19,D2C,R_S,SKU_CC_500,C00525,,1.0,1.0,1600,fulfilled,2025-03-21,2025-03-21
O002602,2025-03-19,D2C,R_S,SKU_CC_500,C00335,,1.0,1.0,1600,fulfilled,2025-03-21,2025-03-21
O002611,2025-03-19,D2C,R_S,SKU_CC_500,C00752,,0.5,0.5,1600,fulfilled,2025-03-21,2025-03-21
O002555,2025-03-20,D2C,R_N,SKU_CC_500,C00425,,1.0,1.0,1600,fulfilled,2025-03-22,2025-03-22
O002559,2025-03-20,D2C,R_N,SKU_CC_500,C00018,,1.5,1.5,1600,fulfilled,2025-03-22,2025-03-22
O002563,2025-03-20,D2C,R_N,SKU_CC_500,C00519,,1.0,1.0,1600,fulfilled,2025-03-22,2025-03-22
O002565,2025-03-20,D2C,R_N,SKU_CC_500,C00837,,2.0,2.0,1600,fulfilled,2025-03-22,2025-03-22
O002570,2025-03-20,D2C,R_N,SKU_CC_500,C00876,,0.5,0.5,1600,fulfilled,2025-03-22,2025-03-22
O002576,2025-03-20,D2C,R_N,SKU_CC_500,C00124,,1.0,1.0,1600,fulfilled,2025-03-22,2025-03-22
O002579,2025-03-20,D2C,R_N,SKU_CC_500,C00744,,1.5,1.5,1600,fulfilled,2025-03-22,2025-03-22
O002598,2025-03-20,D2C,R_S,SKU_CC_500,C00101,,2.0,2.0,1600,fulfilled,2025-03-22,2025-03-22
O002608,2025-03-20,D2C,R_S,SKU_CC_500,C00660,,0.5,0.5,1600,fulfilled,2025-03-22,2025-03-22
O002550,2025-03-21,D2C,R_N,SKU_CC_500,C00870,,1.5,1.5,1600,fulfilled,2025-03-23,2025-03-23
O002561,2025-03-21,D2C,R_N,SKU_CC_500,C00550,,0.5,0.5,1600,fulfilled,2025-03-23,2025-03-23
O002575,2025-03-21,D2C,R_N,SKU_CC_500,C00135,,1.0,1.0,1600,fulfilled,2025-03-23,2025-03-23
O002581,2025-03-21,D2C,R_N,SKU_CC_500,C00319,,2.0,2.0,1600,fulfilled,2025-03-23,2025-03-23
O002586,2025-03-21,D2C,R_N,SKU_CC_500,C00170,,2.0,2.0,1600,fulfilled,2025-03-23,2025-03-23
O002588,2025-03-21,D2C,R_N,SKU_CC_500,C00613,,2.0,2.0,1600,fulfilled,2025-03-23,2025-03-23
O002591,2025-03-21,D2C,R_S,SKU_CC_500,C00869,,1.5,1.5,1600,fulfilled,2025-03-23,2025-03-23
O002595,2025-03-21,D2C,R_S,SKU_CC_500,C00674,,1.0,1.0,1600,fulfilled,2025-03-23,2025-03-23
O002597,2025-03-21,D2C,R_S,SKU_CC_500,C00856,,0.5,0.5,1600,fulfilled,2025-03-23,2025-03-23
O002606,2025-03-21,D2C,R_S,SKU_CC_500,C00774,,2.0,2.0,1600,fulfilled,2025-03-23,2025-03-23
O002548,2025-03-22,D2C,R_N,SKU_CC_500,C00676,,2.0,2.0,1600,fulfilled,2025-03-24,2025-03-24
O002558,2025-03-22,D2C,R_N,SKU_CC_500,C00664,,0.5,0.5,1600,fulfilled,2025-03-24,2025-03-24
O002567,2025-03-22,D2C,R_N,SKU_CC_500,C00202,,0.5,0.5,1600,fulfilled,2025-03-24,2025-03-24
O002568,2025-03-22,D2C,R_N,SKU_CC_500,C00818,,0.5,0.5,1600,fulfilled,2025-03-24,2025-03-24
O002571,2025-03-22,D2C,R_N,SKU_CC_500,C00731,,1.0,1.0,1600,fulfilled,2025-03-24,2025-03-24
O002577,2025-03-22,D2C,R_N,SKU_CC_500,C00601,,2.0,2.0,1600,fulfilled,2025-03-24,2025-03-24
O002585,2025-03-22,D2C,R_N,SKU_CC_500,C00450,,1.5,1.5,1600,fulfilled,2025-03-24,2025-03-24
O002596,2025-03-22,D2C,R_S,SKU_CC_500,C00307,,2.0,2.0,1600,fulfilled,2025-03-24,2025-03-24
O002600,2025-03-22,D2C,R_S,SKU_CC_500,C00506,,2.0,2.0,1600,fulfilled,2025-03-24,2025-03-24
O002607,2025-03-22,D2C,R_S,SKU_CC_500,C00593,,0.5,0.5,1600,fulfilled,2025-03-24,2025-03-24
O002612,2025-03-22,D2C,R_S,SKU_CC_500,C00115,,1.0,1.0,1600,fulfilled,2025-03-24,2025-03-24
O002554,2025-03-23,D2C,R_N,SKU_CC_500,C00110,,1.0,1.0,1600,fulfilled,2025-03-25,2025-03-25
O002556,2025-03-23,D2C,R_N,SKU_CC_500,C00121,,0.5,0.5,1600,fulfilled,2025-03-25,2025-03-25
O002564,2025-03-23,D2C,R_N,SKU_CC_500,C00792,,2.0,2.0,1600,fulfilled,2025-03-25,2025-03-25
O002566,2025-03-23,D2C,R_N,SKU_CC_500,C00176,,1.0,1.0,1600,fulfilled,2025-03-25,2025-03-25
O002569,2025-03-23,D2C,R_N,SKU_CC_500,C00715,,2.0,2.0,1600,fulfilled,2025-03-25,2025-03-25
O002573,2025-03-23,D2C,R_N,SKU_CC_500,C00715,,1.0,1.0,1600,fulfilled,2025-03-25,2025-03-25
O002578,2025-03-23,D2C,R_N,SKU_CC_500,C00820,,2.0,2.0,1600,fulfilled,2025-03-25,2025-03-25
O002589,2025-03-23,D2C,R_N,SKU_CC_500,C00495,,2.0,2.0,1600,fulfilled,2025-03-25,2025-03-25
O002593,2025-03-23,D2C,R_S,SKU_CC_500,C00644,,1.0,1.0,1600,fulfilled,2025-03-25,2025-03-25
O002594,2025-03-23,D2C,R_S,SKU_CC_500,C00879,,1.0,1.0,1600,fulfilled,2025-03-25,2025-03-25
O002599,2025-03-23,D2C,R_S,SKU_CC_500,C00419,,1.5,1.5,1600,fulfilled,2025-03-25,2025-03-25
O002604,2025-03-23,D2C,R_S,SKU_CC_500,C00206,,1.0,1.0,1600,fulfilled,2025-03-25,2025-03-25
O002609,2025-03-23,D2C,R_S,SKU_CC_500,C00404,,0.5,0.5,1600,fulfilled,2025-03-25,2025-03-25
O002614,2025-03-24,D2C,R_N,SKU_CC_500,C00536,,0.5,0.5,1600,fulfilled,2025-03-26,2025-03-26
O002621,2025-03-24,D2C,R_N,SKU_CC_500,C00065,,1.0,1.0,1600,fulfilled,2025-03-26,2025-03-26
O002623,2025-03-24,D2C,R_N,SKU_CC_500,C00120,,1.5,1.5,1600,fulfilled,2025-03-26,2025-03-26
O002624,2025-03-24,D2C,R_N,SKU_CC_500,C00544,,1.5,1.5,1600,fulfilled,2025-03-26,2025-03-26
O002640,2025-03-24,D2C,R_N,SKU_CC_500,C00548,,1.0,1.0,1600,fulfilled,2025-03-26,2025-03-26
O002646,2025-03-24,D2C,R_N,SKU_CC_500,C00355,,1.0,1.0,1600,fulfilled,2025-03-26,2025-03-26
O002647,2025-03-24,D2C,R_N,SKU_CC_500,C00744,,0.5,0.5,1600,fulfilled,2025-03-26,2025-03-26
O002656,2025-03-24,D2C,R_S,SKU_CC_500,C00268,,0.5,0.5,1600,fulfilled,2025-03-26,2025-03-26
O002663,2025-03-24,D2C,R_S,SKU_CC_500,C00075,,2.0,2.0,1600,fulfilled,2025-03-26,2025-03-26
O002667,2025-03-24,D2C,R_S,SKU_CC_500,C00191,,0.5,0.5,1600,fulfilled,2025-03-26,2025-03-26
O002677,2025-03-24,D2C,R_S,SKU_CC_500,C00671,,2.0,2.0,1600,fulfilled,2025-03-26,2025-03-26
O006258,2025-03-24,B2B,R_N,SKU_CC_500,,ACC_DIST,76.7,76.7,1250,fulfilled,2025-03-27,2025-03-27
O006359,2025-03-24,B2B,R_S,SKU_CC_500,,ACC_REST,20.8,20.8,1400,fulfilled,2025-03-27,2025-03-27
O002635,2025-03-25,D2C,R_N,SKU_CC_500,C00182,,1.5,1.5,1600,fulfilled,2025-03-27,2025-03-27
O002636,2025-03-25,D2C,R_N,SKU_CC_500,C00288,,2.0,2.0,1600,fulfilled,2025-03-27,2025-03-27
O002642,2025-03-25,D2C,R_N,SKU_CC_500,C00850,,2.0,2.0,1600,fulfilled,2025-03-27,2025-03-27
O002644,2025-03-25,D2C,R_N,SKU_CC_500,C00280,,0.5,0.5,1600,fulfilled,2025-03-27,2025-03-27
O002666,2025-03-25,D2C,R_S,SKU_CC_500,C00829,,0.5,0.5,1600,fulfilled,2025-03-27,2025-03-27
O002668,2025-03-25,D2C,R_S,SKU_CC_500,C00311,,1.0,1.0,1600,fulfilled,2025-03-27,2025-03-27
O002669,2025-03-25,D2C,R_S,SKU_CC_500,C00281,,0.5,0.5,1600,fulfilled,2025-03-27,2025-03-27
O002676,2025-03-25,D2C,R_S,SKU_CC_500,C00473,,1.5,1.5,1600,fulfilled,2025-03-27,2025-03-27
O002679,2025-03-25,D2C,R_S,SKU_CC_500,C00829,,1.0,1.0,1600,fulfilled,2025-03-27,2025-03-27
O002626,2025-03-26,D2C,R_N,SKU_CC_500,C00772,,1.5,1.5,1600,fulfilled,2025-03-28,2025-03-28
O002633,2025-03-26,D2C,R_N,SKU_CC_500,C00094,,1.0,1.0,1600,fulfilled,2025-03-28,2025-03-28
O002660,2025-03-26,D2C,R_S,SKU_CC_500,C00165,,1.0,1.0,1600,fulfilled,2025-03-28,2025-03-28
O002671,2025-03-26,D2C,R_S,SKU_CC_500,C00257,,1.0,1.0,1600,fulfilled,2025-03-28,2025-03-28
O002675,2025-03-26,D2C,R_S,SKU_CC_500,C00077,,0.5,0.5,1600,fulfilled,2025-03-28,2025-03-28
O002616,2025-03-27,D2C,R_N,SKU_CC_500,C00692,,1.5,1.5,1600,fulfilled,2025-03-29,2025-03-29
O002619,2025-03-27,D2C,R_N,SKU_CC_500,C00758,,1.0,1.0,1600,fulfilled,2025-03-29,2025-03-29
O002627,2025-03-27,D2C,R_N,SKU_CC_500,C00647,,1.0,1.0,1600,fulfilled,2025-03-29,2025-03-29
O002630,2025-03-27,D2C,R_N,SKU_CC_500,C00495,,2.0,2.0,1600,fulfilled,2025-03-29,2025-03-29
O002639,2025-03-27,D2C,R_N,SKU_CC_500,C00435,,0.5,0.5,1600,fulfilled,2025-03-29,2025-03-29
O002653,2025-03-27,D2C,R_N,SKU_CC_500,C00704,,1.0,1.0,1600,fulfilled,2025-03-29,2025-03-29
O002654,2025-03-27,D2C,R_N,SKU_CC_500,C00766,,1.5,1.5,1600,fulfilled,2025-03-29,2025-03-29
O002657,2025-03-27,D2C,R_S,SKU_CC_500,C00309,,2.0,2.0,1600,fulfilled,2025-03-29,2025-03-29
O002622,2025-03-28,D2C,R_N,SKU_CC_500,C00198,,0.5,0.5,1600,fulfilled,2025-03-30,2025-03-30
O002632,2025-03-28,D2C,R_N,SKU_CC_500,C00478,,1.0,1.0,1600,fulfilled,2025-03-30,2025-03-30
O002637,2025-03-28,D2C,R_N,SKU_CC_500,C00013,,1.0,1.0,1600,fulfilled,2025-03-30,2025-03-30
O002641,2025-03-28,D2C,R_N,SKU_CC_500,C00546,,2.0,2.0,1600,fulfilled,2025-03-30,2025-03-30
O002643,2025-03-28,D2C,R_N,SKU_CC_500,C00604,,1.0,1.0,1600,fulfilled,2025-03-30,2025-03-30
O002648,2025-03-28,D2C,R_N,SKU_CC_500,C00596,,0.5,0.5,1600,fulfilled,2025-03-30,2025-03-30
O002650,2025-03-28,D2C,R_N,SKU_CC_500,C00501,,1.0,1.0,1600,fulfilled,2025-03-30,2025-03-30
O002661,2025-03-28,D2C,R_S,SKU_CC_500,C00660,,2.0,2.0,1600,fulfilled,2025-03-30,2025-03-30
O002664,2025-03-28,D2C,R_S,SKU_CC_500,C00908,,0.5,0.5,1600,fulfilled,2025-03-30,2025-03-30
O002672,2025-03-28,D2C,R_S,SKU_CC_500,C00321,,0.5,0.5,1600,fulfilled,2025-03-30,2025-03-30
O002673,2025-03-28,D2C,R_S,SKU_CC_500,C00191,,1.0,1.0,1600,fulfilled,2025-03-30,2025-03-30
O002617,2025-03-29,D2C,R_N,SKU_CC_500,C00458,,1.5,1.5,1600,fulfilled,2025-03-31,2025-03-31
O002618,2025-03-29,D2C,R_N,SKU_CC_500,C00824,,1.0,1.0,1600,fulfilled,2025-03-31,2025-03-31
O002620,2025-03-29,D2C,R_N,SKU_CC_500,C00851,,1.5,1.5,1600,fulfilled,2025-03-31,2025-03-31
O002625,2025-03-29,D2C,R_N,SKU_CC_500,C00146,,2.0,2.0,1600,fulfilled,2025-03-31,2025-03-31
O002629,2025-03-29,D2C,R_N,SKU_CC_500,C00649,,0.5,0.5,1600,fulfilled,2025-03-31,2025-03-31
O002631,2025-03-29,D2C,R_N,SKU_CC_500,C00302,,1.0,1.0,1600,fulfilled,2025-03-31,2025-03-31
O002638,2025-03-29,D2C,R_N,SKU_CC_500,C00848,,1.5,1.5,1600,fulfilled,2025-03-31,2025-03-31
O002645,2025-03-29,D2C,R_N,SKU_CC_500,C00065,,1.5,1.5,1600,fulfilled,2025-03-31,2025-03-31
O002651,2025-03-29,D2C,R_N,SKU_CC_500,C00410,,1.5,1.5,1600,fulfilled,2025-03-31,2025-03-31
O002652,2025-03-29,D2C,R_N,SKU_CC_500,C00585,,1.5,1.5,1600,fulfilled,2025-03-31,2025-03-31
O002658,2025-03-29,D2C,R_S,SKU_CC_500,C00440,,1.0,1.0,1600,fulfilled,2025-03-31,2025-03-31
O002678,2025-03-29,D2C,R_S,SKU_CC_500,C00179,,2.0,2.0,1600,fulfilled,2025-03-31,2025-03-31
O002615,2025-03-30,D2C,R_N,SKU_CC_500,C00831,,1.5,1.5,1600,fulfilled,2025-04-01,2025-04-01
O002628,2025-03-30,D2C,R_N,SKU_CC_500,C00884,,0.5,0.5,1600,fulfilled,2025-04-01,2025-04-01
O002634,2025-03-30,D2C,R_N,SKU_CC_500,C00289,,1.5,1.5,1600,fulfilled,2025-04-01,2025-04-01
O002649,2025-03-30,D2C,R_N,SKU_CC_500,C00306,,0.5,0.5,1600,fulfilled,2025-04-01,2025-04-01
O002655,2025-03-30,D2C,R_N,SKU_CC_500,C00537,,0.5,0.5,1600,fulfilled,2025-04-01,2025-04-01
O002659,2025-03-30,D2C,R_S,SKU_CC_500,C00245,,2.0,2.0,1600,fulfilled,2025-04-01,2025-04-01
O002662,2025-03-30,D2C,R_S,SKU_CC_500,C00456,,1.0,1.0,1600,fulfilled,2025-04-01,2025-04-01
O002665,2025-03-30,D2C,R_S,SKU_CC_500,C00023,,0.5,0.5,1600,fulfilled,2025-04-01,2025-04-01
O002670,2025-03-30,D2C,R_S,SKU_CC_500,C00591,,1.5,1.5,1600,fulfilled,2025-04-01,2025-04-01
O002674,2025-03-30,D2C,R_S,SKU_CC_500,C00436,,1.0,1.0,1600,fulfilled,2025-04-01,2025-04-01
O002681,2025-03-31,D2C,R_N,SKU_CC_500,C00565,,2.0,2.0,1600,fulfilled,2025-04-02,2025-04-02
O002698,2025-03-31,D2C,R_N,SKU_CC_500,C00596,,1.5,1.5,1600,fulfilled,2025-04-02,2025-04-02
O002701,2025-03-31,D2C,R_N,SKU_CC_500,C00783,,1.0,1.0,1600,fulfilled,2025-04-02,2025-04-02
O002708,2025-03-31,D2C,R_N,SKU_CC_500,C00860,,0.5,0.5,1600,fulfilled,2025-04-02,2025-04-02
O002728,2025-03-31,D2C,R_S,SKU_CC_500,C00321,,2.0,2.0,1600,fulfilled,2025-04-02,2025-04-02
O002734,2025-03-31,D2C,R_S,SKU_CC_500,C00322,,1.0,1.0,1600,fulfilled,2025-04-02,2025-04-02
O002745,2025-03-31,D2C,R_S,SKU_CC_500,C00282,,2.0,2.0,1600,fulfilled,2025-04-02,2025-04-02
O006259,2025-03-31,B2B,R_N,SKU_CC_500,,ACC_DIST,82.4,82.4,1250,fulfilled,2025-04-03,2025-04-03
O006360,2025-03-31,B2B,R_S,SKU_CC_500,,ACC_REST,20.3,20.3,1400,fulfilled,2025-04-03,2025-04-03
O002686,2025-04-01,D2C,R_N,SKU_CC_500,C00380,,2.0,2.0,1600,fulfilled,2025-04-03,2025-04-03
O002694,2025-04-01,D2C,R_N,SKU_CC_500,C00706,,0.5,0.5,1600,fulfilled,2025-04-03,2025-04-03
O002699,2025-04-01,D2C,R_N,SKU_CC_500,C00030,,1.5,1.5,1600,fulfilled,2025-04-03,2025-04-03
O002703,2025-04-01,D2C,R_N,SKU_CC_500,C00517,,1.0,1.0,1600,fulfilled,2025-04-03,2025-04-03
O002704,2025-04-01,D2C,R_N,SKU_CC_500,C00444,,1.0,1.0,1600,fulfilled,2025-04-03,2025-04-03
O002707,2025-04-01,D2C,R_N,SKU_CC_500,C00526,,1.0,1.0,1600,fulfilled,2025-04-03,2025-04-03
O002718,2025-04-01,D2C,R_N,SKU_CC_500,C00266,,1.5,1.5,1600,fulfilled,2025-04-03,2025-04-03
O002719,2025-04-01,D2C,R_N,SKU_CC_500,C00319,,0.5,0.5,1600,fulfilled,2025-04-03,2025-04-03
O002721,2025-04-01,D2C,R_N,SKU_CC_500,C00195,,0.5,0.5,1600,fulfilled,2025-04-03,2025-04-03
O002725,2025-04-01,D2C,R_S,SKU_CC_500,C00126,,0.5,0.5,1600,fulfilled,2025-04-03,2025-04-03
O002729,2025-04-01,D2C,R_S,SKU_CC_500,C00050,,1.5,1.5,1600,fulfilled,2025-04-03,2025-04-03
O002733,2025-04-01,D2C,R_S,SKU_CC_500,C00854,,0.5,0.5,1600,fulfilled,2025-04-03,2025-04-03
O002739,2025-04-01,D2C,R_S,SKU_CC_500,C00439,,1.5,1.5,1600,fulfilled,2025-04-03,2025-04-03
O002741,2025-04-01,D2C,R_S,SKU_CC_500,C00856,,1.5,1.5,1600,fulfilled,2025-04-03,2025-04-03
O002744,2025-04-01,D2C,R_S,SKU_CC_500,C00373,,2.0,2.0,1600,fulfilled,2025-04-03,2025-04-03
O002746,2025-04-01,D2C,R_S,SKU_CC_500,C00388,,2.0,2.0,1600,fulfilled,2025-04-03,2025-04-03
O002687,2025-04-02,D2C,R_N,SKU_CC_500,C00885,,1.0,1.0,1600,fulfilled,2025-04-04,2025-04-04
O002727,2025-04-02,D2C,R_S,SKU_CC_500,C00360,,1.5,1.5,1600,fulfilled,2025-04-04,2025-04-04
O002735,2025-04-02,D2C,R_S,SKU_CC_500,C00882,,1.5,1.5,1600,fulfilled,2025-04-04,2025-04-04
O002737,2025-04-02,D2C,R_S,SKU_CC_500,C00698,,0.5,0.5,1600,fulfilled,2025-04-04,2025-04-04
O002740,2025-04-02,D2C,R_S,SKU_CC_500,C00405,,1.5,1.5,1600,fulfilled,2025-04-04,2025-04-04
O002742,2025-04-02,D2C,R_S,SKU_CC_500,C00166,,1.5,1.5,1600,fulfilled,2025-04-04,2025-04-04
O002684,2025-04-03,D2C,R_N,SKU_CC_500,C00553,,2.0,2.0,1600,fulfilled,2025-04-05,2025-04-05
O002690,2025-04-03,D2C,R_N,SKU_CC_500,C00651,,0.5,0.5,1600,fulfilled,2025-04-05,2025-04-05
O002692,2025-04-03,D2C,R_N,SKU_CC_500,C00851,,1.0,1.0,1600,fulfilled,2025-04-05,2025-04-05
O002700,2025-04-03,D2C,R_N,SKU_CC_500,C00553,,2.0,2.0,1600,fulfilled,2025-04-05,2025-04-05
O002717,2025-04-03,D2C,R_N,SKU_CC_500,C00096,,1.0,1.0,1600,fulfilled,2025-04-05,2025-04-05
O002726,2025-04-03,D2C,R_S,SKU_CC_500,C00272,,2.0,2.0,1600,fulfilled,2025-04-05,2025-04-05
O002731,2025-04-03,D2C,R_S,SKU_CC_500,C00455,,1.5,1.5,1600,fulfilled,2025-04-05,2025-04-05
O002693,2025-04-04,D2C,R_N,SKU_CC_500,C00605,,0.5,0.5,1600,fulfilled,2025-04-06,2025-04-06
O002695,2025-04-04,D2C,R_N,SKU_CC_500,C00427,,1.0,1.0,1600,fulfilled,2025-04-06,2025-04-06
O002705,2025-04-04,D2C,R_N,SKU_CC_500,C00137,,1.0,1.0,1600,fulfilled,2025-04-06,2025-04-06
O002710,2025-04-04,D2C,R_N,SKU_CC_500,C00551,,1.0,1.0,1600,fulfilled,2025-04-06,2025-04-06
O002711,2025-04-04,D2C,R_N,SKU_CC_500,C00175,,2.0,2.0,1600,fulfilled,2025-04-06,2025-04-06
O002715,2025-04-04,D2C,R_N,SKU_CC_500,C00792,,1.5,1.5,1600,fulfilled,2025-04-06,2025-04-06
O002723,2025-04-04,D2C,R_S,SKU_CC_500,C00335,,1.0,1.0,1600,fulfilled,2025-04-06,2025-04-06
O002724,2025-04-04,D2C,R_S,SKU_CC_500,C00438,,1.5,1.5,1600,fulfilled,2025-04-06,2025-04-06
O002732,2025-04-04,D2C,R_S,SKU_CC_500,C00047,,0.5,0.5,1600,fulfilled,2025-04-06,2025-04-06
O002680,2025-04-05,D2C,R_N,SKU_CC_500,C00399,,0.5,0.5,1600,fulfilled,2025-04-07,2025-04-07
O002682,2025-04-05,D2C,R_N,SKU_CC_500,C00650,,1.0,1.0,1600,fulfilled,2025-04-07,2025-04-07
O002683,2025-04-05,D2C,R_N,SKU_CC_500,C00562,,0.5,0.5,1600,fulfilled,2025-04-07,2025-04-07
O002685,2025-04-05,D2C,R_N,SKU_CC_500,C00838,,2.0,2.0,1600,fulfilled,2025-04-07,2025-04-07
O002691,2025-04-05,D2C,R_N,SKU_CC_500,C00601,,1.0,1.0,1600,fulfilled,2025-04-07,2025-04-07
O002696,2025-04-05,D2C,R_N,SKU_CC_500,C00562,,2.0,2.0,1600,fulfilled,2025-04-07,2025-04-07
O002697,2025-04-05,D2C,R_N,SKU_CC_500,C00604,,0.5,0.5,1600,fulfilled,2025-04-07,2025-04-07
O002712,2025-04-05,D2C,R_N,SKU_CC_500,C00069,,1.5,1.5,1600,fulfilled,2025-04-07,2025-04-07
O002713,2025-04-05,D2C,R_N,SKU_CC_500,C00378,,0.5,0.5,1600,fulfilled,2025-04-07,2025-04-07
O002714,2025-04-05,D2C,R_N,SKU_CC_500,C00288,,0.5,0.5,1600,fulfilled,2025-04-07,2025-04-07
O002720,2025-04-05,D2C,R_N,SKU_CC_500,C00649,,1.0,1.0,1600,fulfilled,2025-04-07,2025-04-07
O002722,2025-04-05,D2C,R_N,SKU_CC_500,C00461,,1.5,1.5,1600,fulfilled,2025-04-07,2025-04-07
O002743,2025-04-05,D2C,R_S,SKU_CC_500,C00829,,0.5,0.5,1600,fulfilled,2025-04-07,2025-04-07
O002688,2025-04-06,D2C,R_N,SKU_CC_500,C00478,,0.5,0.5,1600,fulfilled,2025-04-08,2025-04-08
O002689,2025-04-06,D2C,R_N,SKU_CC_500,C00432,,1.5,1.5,1600,fulfilled,2025-04-08,2025-04-08
O002702,2025-04-06,D2C,R_N,SKU_CC_500,C00500,,1.5,1.5,1600,fulfilled,2025-04-08,2025-04-08
O002706,2025-04-06,D2C,R_N,SKU_CC_500,C00045,,1.5,1.5,1600,fulfilled,2025-04-08,2025-04-08
O002709,2025-04-06,D2C,R_N,SKU_CC_500,C00328,,1.5,1.5,1600,fulfilled,2025-04-08,2025-04-08
O002716,2025-04-06,D2C,R_N,SKU_CC_500,C00851,,2.0,2.0,1600,fulfilled,2025-04-08,2025-04-08
O002730,2025-04-06,D2C,R_S,SKU_CC_500,C00389,,0.5,0.5,1600,fulfilled,2025-04-08,2025-04-08
O002736,2025-04-06,D2C,R_S,SKU_CC_500,C00153,,1.0,1.0,1600,fulfilled,2025-04-08,2025-04-08
O002738,2025-04-06,D2C,R_S,SKU_CC_500,C00895,,2.0,2.0,1600,fulfilled,2025-04-08,2025-04-08
O002752,2025-04-07,D2C,R_N,SKU_CC_500,C00849,,2.0,2.0,1600,fulfilled,2025-04-09,2025-04-09
O002757,2025-04-07,D2C,R_N,SKU_CC_500,C00160,,2.0,2.0,1600,fulfilled,2025-04-09,2025-04-09
O002760,2025-04-07,D2C,R_N,SKU_CC_500,C00202,,2.0,2.0,1600,fulfilled,2025-04-09,2025-04-09
O002762,2025-04-07,D2C,R_N,SKU_CC_500,C00719,,1.0,1.0,1600,fulfilled,2025-04-09,2025-04-09
O002774,2025-04-07,D2C,R_N,SKU_CC_500,C00730,,1.5,1.5,1600,fulfilled,2025-04-09,2025-04-09
O002775,2025-04-07,D2C,R_N,SKU_CC_500,C00647,,1.5,1.5,1600,fulfilled,2025-04-09,2025-04-09
O002778,2025-04-07,D2C,R_N,SKU_CC_500,C00412,,1.5,1.5,1600,fulfilled,2025-04-09,2025-04-09
O002791,2025-04-07,D2C,R_S,SKU_CC_500,C00361,,1.5,1.5,1600,fulfilled,2025-04-09,2025-04-09
O002796,2025-04-07,D2C,R_S,SKU_CC_500,C00866,,1.5,1.5,1600,fulfilled,2025-04-09,2025-04-09
O002797,2025-04-07,D2C,R_S,SKU_CC_500,C00829,,2.0,2.0,1600,fulfilled,2025-04-09,2025-04-09
O002800,2025-04-07,D2C,R_S,SKU_CC_500,C00673,,1.0,1.0,1600,fulfilled,2025-04-09,2025-04-09
O002802,2025-04-07,D2C,R_S,SKU_CC_500,C00194,,2.0,2.0,1600,fulfilled,2025-04-09,2025-04-09
O002806,2025-04-07,D2C,R_S,SKU_CC_500,C00087,,1.0,1.0,1600,fulfilled,2025-04-09,2025-04-09
O006260,2025-04-07,B2B,R_N,SKU_CC_500,,ACC_DIST,79.7,79.7,1250,fulfilled,2025-04-10,2025-04-10
O006361,2025-04-07,B2B,R_S,SKU_CC_500,,ACC_REST,16.3,16.3,1400,fulfilled,2025-04-10,2025-04-10
O002747,2025-04-08,D2C,R_N,SKU_CC_500,C00200,,1.0,1.0,1600,fulfilled,2025-04-10,2025-04-10
O002748,2025-04-08,D2C,R_N,SKU_CC_500,C00676,,1.0,1.0,1600,fulfilled,2025-04-10,2025-04-10
O002763,2025-04-08,D2C,R_N,SKU_CC_500,C00812,,1.0,1.0,1600,fulfilled,2025-04-10,2025-04-10
O002764,2025-04-08,D2C,R_N,SKU_CC_500,C00370,,0.5,0.5,1600,fulfilled,2025-04-10,2025-04-10
O002769,2025-04-08,D2C,R_N,SKU_CC_500,C00667,,1.5,1.5,1600,fulfilled,2025-04-10,2025-04-10
O002770,2025-04-08,D2C,R_N,SKU_CC_500,C00707,,2.0,2.0,1600,fulfilled,2025-04-10,2025-04-10
O002788,2025-04-08,D2C,R_N,SKU_CC_500,C00755,,1.5,1.5,1600,fulfilled,2025-04-10,2025-04-10
O002790,2025-04-08,D2C,R_S,SKU_CC_500,C00038,,1.0,1.0,1600,fulfilled,2025-04-10,2025-04-10
O002808,2025-04-08,D2C,R_S,SKU_CC_500,C00803,,2.0,2.0,1600,fulfilled,2025-04-10,2025-04-10
O002749,2025-04-09,D2C,R_N,SKU_CC_500,C00604,,2.0,2.0,1600,fulfilled,2025-04-11,2025-04-11
O002754,2025-04-09,D2C,R_N,SKU_CC_500,C00378,,1.5,1.5,1600,fulfilled,2025-04-11,2025-04-11
O002755,2025-04-09,D2C,R_N,SKU_CC_500,C00792,,1.5,1.5,1600,fulfilled,2025-04-11,2025-04-11
O002766,2025-04-09,D2C,R_N,SKU_CC_500,C00241,,2.0,2.0,1600,fulfilled,2025-04-11,2025-04-11
O002767,2025-04-09,D2C,R_N,SKU_CC_500,C00175,,0.5,0.5,1600,fulfilled,2025-04-11,2025-04-11
O002772,2025-04-09,D2C,R_N,SKU_CC_500,C00769,,2.0,2.0,1600,fulfilled,2025-04-11,2025-04-11
O002779,2025-04-09,D2C,R_N,SKU_CC_500,C00693,,1.0,1.0,1600,fulfilled,2025-04-11,2025-04-11
O002782,2025-04-09,D2C,R_N,SKU_CC_500,C00912,,1.5,1.5,1600,fulfilled,2025-04-11,2025-04-11
O002803,2025-04-09,D2C,R_S,SKU_CC_500,C00376,,2.0,2.0,1600,fulfilled,2025-04-11,2025-04-11
O002812,2025-04-09,D2C,R_S,SKU_CC_500,C00337,,0.5,0.5,1600,fulfilled,2025-04-11,2025-04-11
O002759,2025-04-10,D2C,R_N,SKU_CC_500,C00476,,0.5,0.5,1600,fulfilled,2025-04-12,2025-04-12
O002765,2025-04-10,D2C,R_N,SKU_CC_500,C00513,,1.0,1.0,1600,fulfilled,2025-04-12,2025-04-12
O002771,2025-04-10,D2C,R_N,SKU_CC_500,C00614,,2.0,2.0,1600,fulfilled,2025-04-12,2025-04-12
O002773,2025-04-10,D2C,R_N,SKU_CC_500,C00209,,1.0,1.0,1600,fulfilled,2025-04-12,2025-04-12
O002781,2025-04-10,D2C,R_N,SKU_CC_500,C00414,,1.5,1.5,1600,fulfilled,2025-04-12,2025-04-12
O002786,2025-04-10,D2C,R_N,SKU_CC_500,C00224,,0.5,0.5,1600,fulfilled,2025-04-12,2025-04-12
O002787,2025-04-10,D2C,R_N,SKU_CC_500,C00911,,1.0,1.0,1600,fulfilled,2025-04-12,2025-04-12
O002793,2025-04-10,D2C,R_S,SKU_CC_500,C00192,,2.0,2.0,1600,fulfilled,2025-04-12,2025-04-12
O002805,2025-04-10,D2C,R_S,SKU_CC_500,C00505,,2.0,2.0,1600,fulfilled,2025-04-12,2025-04-12
O002809,2025-04-10,D2C,R_S,SKU_CC_500,C00362,,2.0,2.0,1600,fulfilled,2025-04-12,2025-04-12
O002813,2025-04-10,D2C,R_S,SKU_CC_500,C00472,,1.0,1.0,1600,fulfilled,2025-04-12,2025-04-12
O002750,2025-04-11,D2C,R_N,SKU_CC_500,C00301,,1.5,1.5,1600,fulfilled,2025-04-13,2025-04-13
O002761,2025-04-11,D2C,R_N,SKU_CC_500,C00030,,0.5,0.5,1600,fulfilled,2025-04-13,2025-04-13
O002780,2025-04-11,D2C,R_N,SKU_CC_500,C00262,,2.0,2.0,1600,fulfilled,2025-04-13,2025-04-13
O002785,2025-04-11,D2C,R_N,SKU_CC_500,C00280,,1.0,1.0,1600,fulfilled,2025-04-13,2025-04-13
O002792,2025-04-11,D2C,R_S,SKU_CC_500,C00737,,0.5,0.5,1600,fulfilled,2025-04-13,2025-04-13
O002794,2025-04-11,D2C,R_S,SKU_CC_500,C00335,,2.0,2.0,1600,fulfilled,2025-04-13,2025-04-13
O002807,2025-04-11,D2C,R_S,SKU_CC_500,C00803,,1.5,1.5,1600,fulfilled,2025-04-13,2025-04-13
O002811,2025-04-11,D2C,R_S,SKU_CC_500,C00101,,1.5,1.5,1600,fulfilled,2025-04-13,2025-04-13
O002756,2025-04-12,D2C,R_N,SKU_CC_500,C00494,,1.5,1.5,1600,fulfilled,2025-04-14,2025-04-14
O002758,2025-04-12,D2C,R_N,SKU_CC_500,C00740,,0.5,0.5,1600,fulfilled,2025-04-14,2025-04-14
O002783,2025-04-12,D2C,R_N,SKU_CC_500,C00669,,1.0,1.0,1600,fulfilled,2025-04-14,2025-04-14
O002784,2025-04-12,D2C,R_N,SKU_CC_500,C00081,,1.0,1.0,1600,fulfilled,2025-04-14,2025-04-14
O002798,2025-04-12,D2C,R_S,SKU_CC_500,C00012,,0.5,0.5,1600,fulfilled,2025-04-14,2025-04-14
O002804,2025-04-12,D2C,R_S,SKU_CC_500,C00541,,1.5,1.5,1600,fulfilled,2025-04-14,2025-04-14
O002810,2025-04-12,D2C,R_S,SKU_CC_500,C00024,,1.5,1.5,1600,fulfilled,2025-04-14,2025-04-14
O002751,2025-04-13,D2C,R_N,SKU_CC_500,C00514,,0.5,0.5,1600,fulfilled,2025-04-15,2025-04-15
O002753,2025-04-13,D2C,R_N,SKU_CC_500,C00409,,1.0,1.0,1600,fulfilled,2025-04-15,2025-04-15
O002768,2025-04-13,D2C,R_N,SKU_CC_500,C00020,,2.0,2.0,1600,fulfilled,2025-04-15,2025-04-15
O002776,2025-04-13,D2C,R_N,SKU_CC_500,C00805,,1.0,1.0,1600,fulfilled,2025-04-15,2025-04-15
O002777,2025-04-13,D2C,R_N,SKU_CC_500,C00583,,2.0,2.0,1600,fulfilled,2025-04-15,2025-04-15
O002789,2025-04-13,D2C,R_N,SKU_CC_500,C00169,,1.5,1.5,1600,fulfilled,2025-04-15,2025-04-15
O002795,2025-04-13,D2C,R_S,SKU_CC_500,C00206,,1.0,1.0,1600,fulfilled,2025-04-15,2025-04-15
O002799,2025-04-13,D2C,R_S,SKU_CC_500,C00077,,0.5,0.5,1600,fulfilled,2025-04-15,2025-04-15
O002801,2025-04-13,D2C,R_S,SKU_CC_500,C00855,,2.0,2.0,1600,fulfilled,2025-04-15,2025-04-15
O002831,2025-04-14,D2C,R_N,SKU_CC_500,C00157,,1.5,1.5,1600,fulfilled,2025-04-16,2025-04-16
O002838,2025-04-14,D2C,R_N,SKU_CC_500,C00226,,0.5,0.5,1600,fulfilled,2025-04-16,2025-04-16
O002841,2025-04-14,D2C,R_N,SKU_CC_500,C00638,,1.5,1.5,1600,fulfilled,2025-04-16,2025-04-16
O002855,2025-04-14,D2C,R_N,SKU_CC_500,C00055,,1.5,1.5,1600,fulfilled,2025-04-16,2025-04-16
O002857,2025-04-14,D2C,R_N,SKU_CC_500,C00019,,0.5,0.5,1600,fulfilled,2025-04-16,2025-04-16
O002861,2025-04-14,D2C,R_S,SKU_CC_500,C00062,,1.0,1.0,1600,fulfilled,2025-04-16,2025-04-16
O002865,2025-04-14,D2C,R_S,SKU_CC_500,C00242,,2.0,2.0,1600,fulfilled,2025-04-16,2025-04-16
O002879,2025-04-14,D2C,R_S,SKU_CC_500,C00775,,1.5,1.5,1600,fulfilled,2025-04-16,2025-04-16
O006261,2025-04-14,B2B,R_N,SKU_CC_500,,ACC_DIST,86.0,86.0,1250,fulfilled,2025-04-17,2025-04-17
O006362,2025-04-14,B2B,R_S,SKU_CC_500,,ACC_REST,20.2,20.2,1400,fulfilled,2025-04-17,2025-04-17
O002815,2025-04-15,D2C,R_N,SKU_CC_500,C00225,,2.0,2.0,1600,fulfilled,2025-04-17,2025-04-17
O002816,2025-04-15,D2C,R_N,SKU_CC_500,C00637,,1.5,1.5,1600,fulfilled,2025-04-17,2025-04-17
O002818,2025-04-15,D2C,R_N,SKU_CC_500,C00356,,0.5,0.5,1600,fulfilled,2025-04-17,2025-04-17
O002830,2025-04-15,D2C,R_N,SKU_CC_500,C00728,,0.5,0.5,1600,fulfilled,2025-04-17,2025-04-17
O002837,2025-04-15,D2C,R_N,SKU_CC_500,C00927,,1.0,1.0,1600,fulfilled,2025-04-17,2025-04-17
O002845,2025-04-15,D2C,R_N,SKU_CC_500,C00384,,1.0,1.0,1600,fulfilled,2025-04-17,2025-04-17
O002856,2025-04-15,D2C,R_N,SKU_CC_500,C00106,,1.0,1.0,1600,fulfilled,2025-04-17,2025-04-17
O002863,2025-04-15,D2C,R_S,SKU_CC_500,C00153,,1.5,1.5,1600,fulfilled,2025-04-17,2025-04-17
O002868,2025-04-15,D2C,R_S,SKU_CC_500,C00419,,1.0,1.0,1600,fulfilled,2025-04-17,2025-04-17
O002869,2025-04-15,D2C,R_S,SKU_CC_500,C00454,,2.0,2.0,1600,fulfilled,2025-04-17,2025-04-17
O002870,2025-04-15,D2C,R_S,SKU_CC_500,C00205,,2.0,2.0,1600,fulfilled,2025-04-17,2025-04-17
O002882,2025-04-15,D2C,R_S,SKU_CC_500,C00285,,2.0,2.0,1600,fulfilled,2025-04-17,2025-04-17
O002819,2025-04-16,D2C,R_N,SKU_CC_500,C00263,,1.0,1.0,1600,fulfilled,2025-04-18,2025-04-18
O002836,2025-04-16,D2C,R_N,SKU_CC_500,C00248,,1.0,1.0,1600,fulfilled,2025-04-18,2025-04-18
O002842,2025-04-16,D2C,R_N,SKU_CC_500,C00682,,1.0,1.0,1600,fulfilled,2025-04-18,2025-04-18
O002849,2025-04-16,D2C,R_N,SKU_CC_500,C00886,,0.5,0.5,1600,fulfilled,2025-04-18,2025-04-18
O002851,2025-04-16,D2C,R_N,SKU_CC_500,C00835,,0.5,0.5,1600,fulfilled,2025-04-18,2025-04-18
O002853,2025-04-16,D2C,R_N,SKU_CC_500,C00553,,2.0,2.0,1600,fulfilled,2025-04-18,2025-04-18
O002866,2025-04-16,D2C,R_S,SKU_CC_500,C00830,,0.5,0.5,1600,fulfilled,2025-04-18,2025-04-18
O002867,2025-04-16,D2C,R_S,SKU_CC_500,C00375,,1.5,1.5,1600,fulfilled,2025-04-18,2025-04-18
O002871,2025-04-16,D2C,R_S,SKU_CC_500,C00218,,0.5,0.5,1600,fulfilled,2025-04-18,2025-04-18
O002820,2025-04-17,D2C,R_N,SKU_CC_500,C00740,,1.0,1.0,1600,fulfilled,2025-04-19,2025-04-19
O002839,2025-04-17,D2C,R_N,SKU_CC_500,C00401,,2.0,2.0,1600,fulfilled,2025-04-19,2025-04-19
O002846,2025-04-17,D2C,R_N,SKU_CC_500,C00212,,1.5,1.5,1600,fulfilled,2025-04-19,2025-04-19
O002858,2025-04-17,D2C,R_S,SKU_CC_500,C00557,,0.5,0.5,1600,fulfilled,2025-04-19,2025-04-19
O002859,2025-04-17,D2C,R_S,SKU_CC_500,C00347,,2.0,2.0,1600,fulfilled,2025-04-19,2025-04-19
O002860,2025-04-17,D2C,R_S,SKU_CC_500,C00051,,2.0,2.0,1600,fulfilled,2025-04-19,2025-04-19
O002864,2025-04-17,D2C,R_S,SKU_CC_500,C00256,,1.5,1.5,1600,fulfilled,2025-04-19,2025-04-19
O002875,2025-04-17,D2C,R_S,SKU_CC_500,C00021,,1.0,1.0,1600,fulfilled,2025-04-19,2025-04-19
O002876,2025-04-17,D2C,R_S,SKU_CC_500,C00854,,0.5,0.5,1600,fulfilled,2025-04-19,2025-04-19
O002817,2025-04-18,D2C,R_N,SKU_CC_500,C00781,,1.0,1.0,1600,fulfilled,2025-04-20,2025-04-20
O002821,2025-04-18,D2C,R_N,SKU_CC_500,C00767,,0.5,0.5,1600,fulfilled,2025-04-20,2025-04-20
O002825,2025-04-18,D2C,R_N,SKU_CC_500,C00078,,1.5,1.5,1600,fulfilled,2025-04-20,2025-04-20
O002826,2025-04-18,D2C,R_N,SKU_CC_500,C00756,,0.5,0.5,1600,fulfilled,2025-04-20,2025-04-20
O002827,2025-04-18,D2C,R_N,SKU_CC_500,C00689,,2.0,2.0,1600,fulfilled,2025-04-20,2025-04-20
O002828,2025-04-18,D2C,R_N,SKU_CC_500,C00013,,0.5,0.5,1600,fulfilled,2025-04-20,2025-04-20
O002833,2025-04-18,D2C,R_N,SKU_CC_500,C00783,,0.5,0.5,1600,fulfilled,2025-04-20,2025-04-20
O002843,2025-04-18,D2C,R_N,SKU_CC_500,C00864,,0.5,0.5,1600,fulfilled,2025-04-20,2025-04-20
O002850,2025-04-18,D2C,R_N,SKU_CC_500,C00432,,0.5,0.5,1600,fulfilled,2025-04-20,2025-04-20
O002854,2025-04-18,D2C,R_N,SKU_CC_500,C00832,,1.0,1.0,1600,fulfilled,2025-04-20,2025-04-20
O002874,2025-04-18,D2C,R_S,SKU_CC_500,C00491,,0.5,0.5,1600,fulfilled,2025-04-20,2025-04-20
O002878,2025-04-18,D2C,R_S,SKU_CC_500,C00684,,2.0,2.0,1600,fulfilled,2025-04-20,2025-04-20
O002814,2025-04-19,D2C,R_N,SKU_CC_500,C00221,,1.5,1.5,1600,fulfilled,2025-04-21,2025-04-21
O002823,2025-04-19,D2C,R_N,SKU_CC_500,C00131,,1.0,1.0,1600,fulfilled,2025-04-21,2025-04-21
O002824,2025-04-19,D2C,R_N,SKU_CC_500,C00136,,2.0,2.0,1600,fulfilled,2025-04-21,2025-04-21
O002832,2025-04-19,D2C,R_N,SKU_CC_500,C00262,,0.5,0.5,1600,fulfilled,2025-04-21,2025-04-21
O002835,2025-04-19,D2C,R_N,SKU_CC_500,C00503,,1.5,1.5,1600,fulfilled,2025-04-21,2025-04-21
O002840,2025-04-19,D2C,R_N,SKU_CC_500,C00208,,0.5,0.5,1600,fulfilled,2025-04-21,2025-04-21
O002848,2025-04-19,D2C,R_N,SKU_CC_500,C00340,,1.0,1.0,1600,fulfilled,2025-04-21,2025-04-21
O002877,2025-04-19,D2C,R_S,SKU_CC_500,C00194,,2.0,2.0,1600,fulfilled,2025-04-21,2025-04-21
O002880,2025-04-19,D2C,R_S,SKU_CC_500,C00751,,2.0,2.0,1600,fulfilled,2025-04-21,2025-04-21
O002881,2025-04-19,D2C,R_S,SKU_CC_500,C00376,,1.5,1.5,1600,fulfilled,2025-04-21,2025-04-21
O002822,2025-04-20,D2C,R_N,SKU_CC_500,C00680,,1.5,1.5,1600,fulfilled,2025-04-22,2025-04-22
O002829,2025-04-20,D2C,R_N,SKU_CC_500,C00666,,1.5,1.5,1600,fulfilled,2025-04-22,2025-04-22
O002834,2025-04-20,D2C,R_N,SKU_CC_500,C00150,,2.0,2.0,1600,fulfilled,2025-04-22,2025-04-22
O002844,2025-04-20,D2C,R_N,SKU_CC_500,C00579,,0.5,0.5,1600,fulfilled,2025-04-22,2025-04-22
O002847,2025-04-20,D2C,R_N,SKU_CC_500,C00290,,0.5,0.5,1600,fulfilled,2025-04-22,2025-04-22
O002852,2025-04-20,D2C,R_N,SKU_CC_500,C00137,,0.5,0.5,1600,fulfilled,2025-04-22,2025-04-22
O002862,2025-04-20,D2C,R_S,SKU_CC_500,C00348,,2.0,2.0,1600,fulfilled,2025-04-22,2025-04-22
O002872,2025-04-20,D2C,R_S,SKU_CC_500,C00904,,2.0,2.0,1600,fulfilled,2025-04-22,2025-04-22
O002873,2025-04-20,D2C,R_S,SKU_CC_500,C00115,,1.5,1.5,1600,fulfilled,2025-04-22,2025-04-22
O002891,2025-04-21,D2C,R_N,SKU_CC_500,C00629,,1.5,1.5,1600,fulfilled,2025-04-23,2025-04-23
O002912,2025-04-21,D2C,R_N,SKU_CC_500,C00475,,1.5,1.5,1600,fulfilled,2025-04-23,2025-04-23
O002913,2025-04-21,D2C,R_N,SKU_CC_500,C00013,,2.0,2.0,1600,fulfilled,2025-04-23,2025-04-23
O002917,2025-04-21,D2C,R_N,SKU_CC_500,C00512,,2.0,2.0,1600,fulfilled,2025-04-23,2025-04-23
O002931,2025-04-21,D2C,R_S,SKU_CC_500,C00324,,0.5,0.5,1600,fulfilled,2025-04-23,2025-04-23
O002934,2025-04-21,D2C,R_S,SKU_CC_500,C00575,,1.0,1.0,1600,fulfilled,2025-04-23,2025-04-23
O002940,2025-04-21,D2C,R_S,SKU_CC_500,C00422,,0.5,0.5,1600,fulfilled,2025-04-23,2025-04-23
O002945,2025-04-21,D2C,R_S,SKU_CC_500,C00489,,0.5,0.5,1600,fulfilled,2025-04-23,2025-04-23
O006262,2025-04-21,B2B,R_N,SKU_CC_500,,ACC_DIST,104.8,104.8,1250,fulfilled,2025-04-24,2025-04-24
O006363,2025-04-21,B2B,R_S,SKU_CC_500,,ACC_REST,21.1,21.1,1400,fulfilled,2025-04-24,2025-04-24
O002886,2025-04-22,D2C,R_N,SKU_CC_500,C00551,,2.0,2.0,1600,fulfilled,2025-04-24,2025-04-24
O002890,2025-04-22,D2C,R_N,SKU_CC_500,C00107,,1.0,1.0,1600,fulfilled,2025-04-24,2025-04-24
O002899,2025-04-22,D2C,R_N,SKU_CC_500,C00703,,1.5,1.5,1600,fulfilled,2025-04-24,2025-04-24
O002916,2025-04-22,D2C,R_N,SKU_CC_500,C00935,,2.0,2.0,1600,fulfilled,2025-04-24,2025-04-24
O002925,2025-04-22,D2C,R_N,SKU_CC_500,C00228,,0.5,0.5,1600,fulfilled,2025-04-24,2025-04-24
O002938,2025-04-22,D2C,R_S,SKU_CC_500,C00129,,1.0,1.0,1600,fulfilled,2025-04-24,2025-04-24
O002943,2025-04-22,D2C,R_S,SKU_CC_500,C00574,,2.0,2.0,1600,fulfilled,2025-04-24,2025-04-24
O002944,2025-04-22,D2C,R_S,SKU_CC_500,C00906,,0.5,0.5,1600,fulfilled,2025-04-24,2025-04-24
O002949,2025-04-22,D2C,R_S,SKU_CC_500,C00725,,2.0,2.0,1600,fulfilled,2025-04-24,2025-04-24
O002884,2025-04-23,D2C,R_N,SKU_CC_500,C00196,,1.5,1.5,1600,fulfilled,2025-04-25,2025-04-25
O002901,2025-04-23,D2C,R_N,SKU_CC_500,C00812,,1.0,1.0,1600,fulfilled,2025-04-25,2025-04-25
O002902,2025-04-23,D2C,R_N,SKU_CC_500,C00734,,0.5,0.5,1600,fulfilled,2025-04-25,2025-04-25
O002907,2025-04-23,D2C,R_N,SKU_CC_500,C00721,,0.5,0.5,1600,fulfilled,2025-04-25,2025-04-25
O002923,2025-04-23,D2C,R_N,SKU_CC_500,C00569,,1.5,1.5,1600,fulfilled,2025-04-25,2025-04-25
O002928,2025-04-23,D2C,R_S,SKU_CC_500,C00839,,1.0,1.0,1600,fulfilled,2025-04-25,2025-04-25
O002951,2025-04-23,D2C,R_S,SKU_CC_500,C00944,,0.5,0.5,1600,fulfilled,2025-04-25,2025-04-25
O002883,2025-04-24,D2C,R_N,SKU_CC_500,C00598,,1.5,1.5,1600,fulfilled,2025-04-26,2025-04-26
O002889,2025-04-24,D2C,R_N,SKU_CC_500,C00887,,0.5,0.5,1600,fulfilled,2025-04-26,2025-04-26
O002894,2025-04-24,D2C,R_N,SKU_CC_500,C00409,,0.5,0.5,1600,fulfilled,2025-04-26,2025-04-26
O002895,2025-04-24,D2C,R_N,SKU_CC_500,C00091,,2.0,2.0,1600,fulfilled,2025-04-26,2025-04-26
O002903,2025-04-24,D2C,R_N,SKU_CC_500,C00886,,1.0,1.0,1600,fulfilled,2025-04-26,2025-04-26
O002910,2025-04-24,D2C,R_N,SKU_CC_500,C00301,,2.0,2.0,1600,fulfilled,2025-04-26,2025-04-26
O002926,2025-04-24,D2C,R_N,SKU_CC_500,C00221,,1.5,1.5,1600,fulfilled,2025-04-26,2025-04-26
O002932,2025-04-24,D2C,R_S,SKU_CC_500,C00774,,0.5,0.5,1600,fulfilled,2025-04-26,2025-04-26
O002933,2025-04-24,D2C,R_S,SKU_CC_500,C00256,,0.5,0.5,1600,fulfilled,2025-04-26,2025-04-26
O002936,2025-04-24,D2C,R_S,SKU_CC_500,C00828,,1.5,1.5,1600,fulfilled,2025-04-26,2025-04-26
O002950,2025-04-24,D2C,R_S,SKU_CC_500,C00907,,2.0,2.0,1600,fulfilled,2025-04-26,2025-04-26
O002892,2025-04-25,D2C,R_N,SKU_CC_500,C00434,,2.0,2.0,1600,fulfilled,2025-04-27,2025-04-27
O002896,2025-04-25,D2C,R_N,SKU_CC_500,C00846,,1.0,1.0,1600,fulfilled,2025-04-27,2025-04-27
O002898,2025-04-25,D2C,R_N,SKU_CC_500,C00110,,1.0,1.0,1600,fulfilled,2025-04-27,2025-04-27
O002904,2025-04-25,D2C,R_N,SKU_CC_500,C00871,,1.5,1.5,1600,fulfilled,2025-04-27,2025-04-27
O002908,2025-04-25,D2C,R_N,SKU_CC_500,C00705,,1.5,1.5,1600,fulfilled,2025-04-27,2025-04-27
O002909,2025-04-25,D2C,R_N,SKU_CC_500,C00329,,0.5,0.5,1600,fulfilled,2025-04-27,2025-04-27
O002915,2025-04-25,D2C,R_N,SKU_CC_500,C00851,,2.0,2.0,1600,fulfilled,2025-04-27,2025-04-27
O002918,2025-04-25,D2C,R_N,SKU_CC_500,C00495,,2.0,2.0,1600,fulfilled,2025-04-27,2025-04-27
O002919,2025-04-25,D2C,R_N,SKU_CC_500,C00408,,0.5,0.5,1600,fulfilled,2025-04-27,2025-04-27
O002920,2025-04-25,D2C,R_N,SKU_CC_500,C00143,,2.0,2.0,1600,fulfilled,2025-04-27,2025-04-27
O002927,2025-04-25,D2C,R_S,SKU_CC_500,C00521,,1.0,1.0,1600,fulfilled,2025-04-27,2025-04-27
O002929,2025-04-25,D2C,R_S,SKU_CC_500,C00892,,2.0,2.0,1600,fulfilled,2025-04-27,2025-04-27
O002937,2025-04-25,D2C,R_S,SKU_CC_500,C00882,,1.0,1.0,1600,fulfilled,2025-04-27,2025-04-27
O002941,2025-04-25,D2C,R_S,SKU_CC_500,C00920,,0.5,0.5,1600,fulfilled,2025-04-27,2025-04-27
O002946,2025-04-25,D2C,R_S,SKU_CC_500,C00828,,0.5,0.5,1600,fulfilled,2025-04-27,2025-04-27
O002893,2025-04-26,D2C,R_N,SKU_CC_500,C00150,,0.5,0.5,1600,fulfilled,2025-04-28,2025-04-28
O002900,2025-04-26,D2C,R_N,SKU_CC_500,C00462,,1.5,1.5,1600,fulfilled,2025-04-28,2025-04-28
O002911,2025-04-26,D2C,R_N,SKU_CC_500,C00031,,1.5,1.5,1600,fulfilled,2025-04-28,2025-04-28
O002914,2025-04-26,D2C,R_N,SKU_CC_500,C00351,,1.0,1.0,1600,fulfilled,2025-04-28,2025-04-28
O002935,2025-04-26,D2C,R_S,SKU_CC_500,C00125,,0.5,0.5,1600,fulfilled,2025-04-28,2025-04-28
O002885,2025-04-27,D2C,R_N,SKU_CC_500,C00516,,1.0,1.0,1600,fulfilled,2025-04-29,2025-04-29
O002887,2025-04-27,D2C,R_N,SKU_CC_500,C00614,,1.5,1.5,1600,fulfilled,2025-04-29,2025-04-29
O002888,2025-04-27,D2C,R_N,SKU_CC_500,C00210,,0.5,0.5,1600,fulfilled,2025-04-29,2025-04-29
O002897,2025-04-27,D2C,R_N,SKU_CC_500,C00317,,1.0,1.0,1600,fulfilled,2025-04-29,2025-04-29
O002905,2025-04-27,D2C,R_N,SKU_CC_500,C00395,,2.0,2.0,1600,fulfilled,2025-04-29,2025-04-29
O002906,2025-04-27,D2C,R_N,SKU_CC_500,C00057,,2.0,2.0,1600,fulfilled,2025-04-29,2025-04-29
O002921,2025-04-27,D2C,R_N,SKU_CC_500,C00729,,2.0,2.0,1600,fulfilled,2025-04-29,2025-04-29
O002922,2025-04-27,D2C,R_N,SKU_CC_500,C00412,,1.5,1.5,1600,fulfilled,2025-04-29,2025-04-29
O002924,2025-04-27,D2C,R_N,SKU_CC_500,C00016,,0.5,0.5,1600,fulfilled,2025-04-29,2025-04-29
O002930,2025-04-27,D2C,R_S,SKU_CC_500,C00403,,0.5,0.5,1600,fulfilled,2025-04-29,2025-04-29
O002939,2025-04-27,D2C,R_S,SKU_CC_500,C00455,,0.5,0.5,1600,fulfilled,2025-04-29,2025-04-29
O002942,2025-04-27,D2C,R_S,SKU_CC_500,C00387,,1.0,1.0,1600,fulfilled,2025-04-29,2025-04-29
O002947,2025-04-27,D2C,R_S,SKU_CC_500,C00711,,0.5,0.5,1600,fulfilled,2025-04-29,2025-04-29
O002948,2025-04-27,D2C,R_S,SKU_CC_500,C00389,,0.5,0.5,1600,fulfilled,2025-04-29,2025-04-29
O002955,2025-04-28,D2C,R_N,SKU_CC_500,C00027,,1.0,1.0,1600,fulfilled,2025-04-30,2025-04-30
O002957,2025-04-28,D2C,R_N,SKU_CC_500,C00877,,1.0,1.0,1600,fulfilled,2025-04-30,2025-04-30
O002961,2025-04-28,D2C,R_N,SKU_CC_500,C00306,,0.5,0.5,1600,fulfilled,2025-04-30,2025-04-30
O002973,2025-04-28,D2C,R_N,SKU_CC_500,C00277,,1.5,1.5,1600,fulfilled,2025-04-30,2025-04-30
O002974,2025-04-28,D2C,R_N,SKU_CC_500,C00909,,0.5,0.5,1600,fulfilled,2025-04-30,2025-04-30
O002979,2025-04-28,D2C,R_N,SKU_CC_500,C00759,,2.0,2.0,1600,fulfilled,2025-04-30,2025-04-30
O002990,2025-04-28,D2C,R_N,SKU_CC_500,C00339,,0.5,0.5,1600,fulfilled,2025-04-30,2025-04-30
O002992,2025-04-28,D2C,R_N,SKU_CC_500,C00327,,2.0,2.0,1600,fulfilled,2025-04-30,2025-04-30
O002993,2025-04-28,D2C,R_N,SKU_CC_500,C00900,,1.5,1.5,1600,fulfilled,2025-04-30,2025-04-30
O003007,2025-04-28,D2C,R_S,SKU_CC_500,C00960,,0.5,0.5,1600,fulfilled,2025-04-30,2025-04-30
O003014,2025-04-28,D2C,R_S,SKU_CC_500,C00814,,0.5,0.5,1600,fulfilled,2025-04-30,2025-04-30
O006263,2025-04-28,B2B,R_N,SKU_CC_500,,ACC_DIST,103.6,103.6,1250,fulfilled,2025-05-01,2025-05-01
O006364,2025-04-28,B2B,R_S,SKU_CC_500,,ACC_REST,20.8,20.8,1400,fulfilled,2025-05-01,2025-05-01
O002953,2025-04-29,D2C,R_N,SKU_CC_500,C00134,,0.5,0.5,1600,fulfilled,2025-05-01,2025-05-01
O002963,2025-04-29,D2C,R_N,SKU_CC_500,C00173,,1.5,1.5,1600,fulfilled,2025-05-01,2025-05-01
O002966,2025-04-29,D2C,R_N,SKU_CC_500,C00382,,0.5,0.5,1600,fulfilled,2025-05-01,2025-05-01
O002967,2025-04-29,D2C,R_N,SKU_CC_500,C00585,,0.5,0.5,1600,fulfilled,2025-05-01,2025-05-01
O002986,2025-04-29,D2C,R_N,SKU_CC_500,C00197,,1.5,1.5,1600,fulfilled,2025-05-01,2025-05-01
O002997,2025-04-29,D2C,R_S,SKU_CC_500,C00012,,1.5,1.5,1600,fulfilled,2025-05-01,2025-05-01
O003002,2025-04-29,D2C,R_S,SKU_CC_500,C00323,,0.5,0.5,1600,fulfilled,2025-05-01,2025-05-01
O003010,2025-04-29,D2C,R_S,SKU_CC_500,C00063,,2.0,2.0,1600,fulfilled,2025-05-01,2025-05-01
O003018,2025-04-29,D2C,R_S,SKU_CC_500,C00507,,2.0,2.0,1600,fulfilled,2025-05-01,2025-05-01
O002959,2025-04-30,D2C,R_N,SKU_CC_500,C00954,,2.0,2.0,1600,fulfilled,2025-05-02,2025-05-02
O002968,2025-04-30,D2C,R_N,SKU_CC_500,C00679,,2.0,2.0,1600,fulfilled,2025-05-02,2025-05-02
O002969,2025-04-30,D2C,R_N,SKU_CC_500,C00622,,2.0,2.0,1600,fulfilled,2025-05-02,2025-05-02
O002970,2025-04-30,D2C,R_N,SKU_CC_500,C00325,,2.0,2.0,1600,fulfilled,2025-05-02,2025-05-02
O002982,2025-04-30,D2C,R_N,SKU_CC_500,C00384,,0.5,0.5,1600,fulfilled,2025-05-02,2025-05-02
O002987,2025-04-30,D2C,R_N,SKU_CC_500,C00026,,1.5,1.5,1600,fulfilled,2025-05-02,2025-05-02
O002998,2025-04-30,D2C,R_S,SKU_CC_500,C00932,,0.5,0.5,1600,fulfilled,2025-05-02,2025-05-02
O003001,2025-04-30,D2C,R_S,SKU_CC_500,C00539,,2.0,2.0,1600,fulfilled,2025-05-02,2025-05-02
O003012,2025-04-30,D2C,R_S,SKU_CC_500,C00555,,1.5,1.5,1600,fulfilled,2025-05-02,2025-05-02
O003015,2025-04-30,D2C,R_S,SKU_CC_500,C00624,,1.0,1.0,1600,fulfilled,2025-05-02,2025-05-02
O002960,2025-05-01,D2C,R_N,SKU_CC_500,C00662,,2.0,2.0,1600,fulfilled,2025-05-03,2025-05-03
O002978,2025-05-01,D2C,R_N,SKU_CC_500,C00702,,2.0,2.0,1600,fulfilled,2025-05-03,2025-05-03
O002980,2025-05-01,D2C,R_N,SKU_CC_500,C00780,,1.5,1.5,1600,fulfilled,2025-05-03,2025-05-03
O002983,2025-05-01,D2C,R_N,SKU_CC_500,C00458,,1.0,1.0,1600,fulfilled,2025-05-03,2025-05-03
O002985,2025-05-01,D2C,R_N,SKU_CC_500,C00424,,2.0,2.0,1600,fulfilled,2025-05-03,2025-05-03
O003004,2025-05-01,D2C,R_S,SKU_CC_500,C00140,,0.5,0.5,1600,fulfilled,2025-05-03,2025-05-03
O003008,2025-05-01,D2C,R_S,SKU_CC_500,C00958,,0.5,0.5,1600,fulfilled,2025-05-03,2025-05-03
O003017,2025-05-01,D2C,R_S,SKU_CC_500,C00103,,1.5,1.5,1600,fulfilled,2025-05-03,2025-05-03
O002954,2025-05-02,D2C,R_N,SKU_CC_500,C00380,,0.5,0.5,1600,fulfilled,2025-05-04,2025-05-04
O002962,2025-05-02,D2C,R_N,SKU_CC_500,C00615,,0.5,0.5,1600,fulfilled,2025-05-04,2025-05-04
O002977,2025-05-02,D2C,R_N,SKU_CC_500,C00955,,1.0,1.0,1600,fulfilled,2025-05-04,2025-05-04
O002991,2025-05-02,D2C,R_N,SKU_CC_500,C00793,,1.0,1.0,1600,fulfilled,2025-05-04,2025-05-04
O002994,2025-05-02,D2C,R_N,SKU_CC_500,C00499,,2.0,2.0,1600,fulfilled,2025-05-04,2025-05-04
O002995,2025-05-02,D2C,R_N,SKU_CC_500,C00599,,2.0,2.0,1600,fulfilled,2025-05-04,2025-05-04
O002999,2025-05-02,D2C,R_S,SKU_CC_500,C00869,,1.5,1.5,1600,fulfilled,2025-05-04,2025-05-04
O003000,2025-05-02,D2C,R_S,SKU_CC_500,C00606,,1.0,1.0,1600,fulfilled,2025-05-04,2025-05-04
O003005,2025-05-02,D2C,R_S,SKU_CC_500,C00574,,2.0,2.0,1600,fulfilled,2025-05-04,2025-05-04
O003006,2025-05-02,D2C,R_S,SKU_CC_500,C00840,,1.0,1.0,1600,fulfilled,2025-05-04,2025-05-04
O003019,2025-05-02,D2C,R_S,SKU_CC_500,C00011,,1.0,1.0,1600,fulfilled,2025-05-04,2025-05-04
O002952,2025-05-03,D2C,R_N,SKU_CC_500,C00098,,1.5,1.5,1600,fulfilled,2025-05-05,2025-05-05
O002958,2025-05-03,D2C,R_N,SKU_CC_500,C00566,,0.5,0.5,1600,fulfilled,2025-05-05,2025-05-05
O002984,2025-05-03,D2C,R_N,SKU_CC_500,C00680,,1.5,1.5,1600,fulfilled,2025-05-05,2025-05-05
O002988,2025-05-03,D2C,R_N,SKU_CC_500,C00702,,1.0,1.0,1600,fulfilled,2025-05-05,2025-05-05
O002989,2025-05-03,D2C,R_N,SKU_CC_500,C00394,,2.0,2.0,1600,fulfilled,2025-05-05,2025-05-05
O002996,2025-05-03,D2C,R_S,SKU_CC_500,C00103,,1.5,1.5,1600,fulfilled,2025-05-05,2025-05-05
O003003,2025-05-03,D2C,R_S,SKU_CC_500,C00283,,2.0,2.0,1600,fulfilled,2025-05-05,2025-05-05
O003016,2025-05-03,D2C,R_S,SKU_CC_500,C00801,,1.0,1.0,1600,fulfilled,2025-05-05,2025-05-05
O003020,2025-05-03,D2C,R_S,SKU_CC_500,C00735,,1.0,1.0,1600,fulfilled,2025-05-05,2025-05-05
O002956,2025-05-04,D2C,R_N,SKU_CC_500,C00883,,0.5,0.5,1600,fulfilled,2025-05-06,2025-05-06
O002964,2025-05-04,D2C,R_N,SKU_CC_500,C00352,,0.5,0.5,1600,fulfilled,2025-05-06,2025-05-06
O002965,2025-05-04,D2C,R_N,SKU_CC_500,C00201,,1.5,1.5,1600,fulfilled,2025-05-06,2025-05-06
O002971,2025-05-04,D2C,R_N,SKU_CC_500,C00922,,2.0,2.0,1600,fulfilled,2025-05-06,2025-05-06
O002972,2025-05-04,D2C,R_N,SKU_CC_500,C00382,,1.5,1.5,1600,fulfilled,2025-05-06,2025-05-06
O002975,2025-05-04,D2C,R_N,SKU_CC_500,C00744,,0.5,0.5,1600,fulfilled,2025-05-06,2025-05-06
O002976,2025-05-04,D2C,R_N,SKU_CC_500,C00013,,1.5,1.5,1600,fulfilled,2025-05-06,2025-05-06
O002981,2025-05-04,D2C,R_N,SKU_CC_500,C00495,,0.5,0.5,1600,fulfilled,2025-05-06,2025-05-06
O003009,2025-05-04,D2C,R_S,SKU_CC_500,C00971,,1.0,1.0,1600,fulfilled,2025-05-06,2025-05-06
O003011,2025-05-04,D2C,R_S,SKU_CC_500,C00640,,0.5,0.5,1600,fulfilled,2025-05-06,2025-05-06
O003013,2025-05-04,D2C,R_S,SKU_CC_500,C00947,,1.0,1.0,1600,fulfilled,2025-05-06,2025-05-06
O003022,2025-05-05,D2C,R_N,SKU_CC_500,C00889,,2.0,2.0,1600,fulfilled,2025-05-07,2025-05-07
O003028,2025-05-05,D2C,R_N,SKU_CC_500,C00939,,2.0,2.0,1600,fulfilled,2025-05-07,2025-05-07
O003040,2025-05-05,D2C,R_N,SKU_CC_500,C00080,,1.0,1.0,1600,fulfilled,2025-05-07,2025-05-07
O003047,2025-05-05,D2C,R_N,SKU_CC_500,C00980,,2.0,2.0,1600,fulfilled,2025-05-07,2025-05-07
O003070,2025-05-05,D2C,R_S,SKU_CC_500,C00917,,1.5,1.5,1600,fulfilled,2025-05-07,2025-05-07
O003081,2025-05-05,D2C,R_S,SKU_CC_500,C00309,,0.5,0.5,1600,fulfilled,2025-05-07,2025-05-07
O003088,2025-05-05,D2C,R_S,SKU_CC_500,C00641,,2.0,2.0,1600,fulfilled,2025-05-07,2025-05-07
O003089,2025-05-05,D2C,R_S,SKU_CC_500,C00220,,0.5,0.5,1600,fulfilled,2025-05-07,2025-05-07
O006264,2025-05-05,B2B,R_N,SKU_CC_500,,ACC_DIST,101.0,101.0,1250,fulfilled,2025-05-08,2025-05-08
O006365,2025-05-05,B2B,R_S,SKU_CC_500,,ACC_REST,20.4,20.4,1400,fulfilled,2025-05-08,2025-05-08
O003041,2025-05-06,D2C,R_N,SKU_CC_500,C00861,,1.5,1.5,1600,fulfilled,2025-05-08,2025-05-08
O003049,2025-05-06,D2C,R_N,SKU_CC_500,C00353,,1.5,1.5,1600,fulfilled,2025-05-08,2025-05-08
O003057,2025-05-06,D2C,R_N,SKU_CC_500,C00197,,0.5,0.5,1600,fulfilled,2025-05-08,2025-05-08
O003073,2025-05-06,D2C,R_S,SKU_CC_500,C00763,,0.5,0.5,1600,fulfilled,2025-05-08,2025-05-08
O003075,2025-05-06,D2C,R_S,SKU_CC_500,C00826,,0.5,0.5,1600,fulfilled,2025-05-08,2025-05-08
O003080,2025-05-06,D2C,R_S,SKU_CC_500,C00233,,1.5,1.5,1600,fulfilled,2025-05-08,2025-05-08
O003086,2025-05-06,D2C,R_S,SKU_CC_500,C00076,,0.5,0.5,1600,fulfilled,2025-05-08,2025-05-08
O003025,2025-05-07,D2C,R_N,SKU_CC_500,C00634,,0.5,0.5,1600,fulfilled,2025-05-09,2025-05-09
O003029,2025-05-07,D2C,R_N,SKU_CC_500,C00834,,0.5,0.5,1600,fulfilled,2025-05-09,2025-05-09
O003038,2025-05-07,D2C,R_N,SKU_CC_500,C00727,,1.5,1.5,1600,fulfilled,2025-05-09,2025-05-09
O003044,2025-05-07,D2C,R_N,SKU_CC_500,C00532,,1.5,1.5,1600,fulfilled,2025-05-09,2025-05-09
O003045,2025-05-07,D2C,R_N,SKU_CC_500,C00136,,0.5,0.5,1600,fulfilled,2025-05-09,2025-05-09
O003048,2025-05-07,D2C,R_N,SKU_CC_500,C00096,,0.5,0.5,1600,fulfilled,2025-05-09,2025-05-09
O003050,2025-05-07,D2C,R_N,SKU_CC_500,C00494,,2.0,2.0,1600,fulfilled,2025-05-09,2025-05-09
O003053,2025-05-07,D2C,R_N,SKU_CC_500,C00399,,1.0,1.0,1600,fulfilled,2025-05-09,2025-05-09
O003055,2025-05-07,D2C,R_N,SKU_CC_500,C00910,,2.0,2.0,1600,fulfilled,2025-05-09,2025-05-09
O003062,2025-05-07,D2C,R_N,SKU_CC_500,C00836,,1.0,1.0,1600,fulfilled,2025-05-09,2025-05-09
O003063,2025-05-07,D2C,R_N,SKU_CC_500,C00014,,1.5,1.5,1600,fulfilled,2025-05-09,2025-05-09
O003067,2025-05-07,D2C,R_S,SKU_CC_500,C00538,,2.0,2.0,1600,fulfilled,2025-05-09,2025-05-09
O003079,2025-05-07,D2C,R_S,SKU_CC_500,C00762,,1.5,1.5,1600,fulfilled,2025-05-09,2025-05-09
O003082,2025-05-07,D2C,R_S,SKU_CC_500,C00155,,2.0,2.0,1600,fulfilled,2025-05-09,2025-05-09
O003085,2025-05-07,D2C,R_S,SKU_CC_500,C00203,,0.5,0.5,1600,fulfilled,2025-05-09,2025-05-09
O003090,2025-05-07,D2C,R_S,SKU_CC_500,C00025,,0.5,0.5,1600,fulfilled,2025-05-09,2025-05-09
O003030,2025-05-08,D2C,R_N,SKU_CC_500,C00799,,0.5,0.5,1600,fulfilled,2025-05-10,2025-05-10
O003031,2025-05-08,D2C,R_N,SKU_CC_500,C00516,,0.5,0.5,1600,fulfilled,2025-05-10,2025-05-10
O003032,2025-05-08,D2C,R_N,SKU_CC_500,C00634,,1.0,1.0,1600,fulfilled,2025-05-10,2025-05-10
O003035,2025-05-08,D2C,R_N,SKU_CC_500,C00475,,1.5,1.5,1600,fulfilled,2025-05-10,2025-05-10
O003043,2025-05-08,D2C,R_N,SKU_CC_500,C00510,,0.5,0.5,1600,fulfilled,2025-05-10,2025-05-10
O003060,2025-05-08,D2C,R_N,SKU_CC_500,C00655,,1.0,1.0,1600,fulfilled,2025-05-10,2025-05-10
O003065,2025-05-08,D2C,R_N,SKU_CC_500,C00797,,2.0,2.0,1600,fulfilled,2025-05-10,2025-05-10
O003069,2025-05-08,D2C,R_S,SKU_CC_500,C00181,,2.0,2.0,1600,fulfilled,2025-05-10,2025-05-10
O003076,2025-05-08,D2C,R_S,SKU_CC_500,C00752,,0.5,0.5,1600,fulfilled,2025-05-10,2025-05-10
O003027,2025-05-09,D2C,R_N,SKU_CC_500,C00885,,0.5,0.5,1600,fulfilled,2025-05-11,2025-05-11
O003046,2025-05-09,D2C,R_N,SKU_CC_500,C00371,,2.0,2.0,1600,fulfilled,2025-05-11,2025-05-11
O003056,2025-05-09,D2C,R_N,SKU_CC_500,C00601,,1.0,1.0,1600,fulfilled,2025-05-11,2025-05-11
O003058,2025-05-09,D2C,R_N,SKU_CC_500,C00429,,2.0,2.0,1600,fulfilled,2025-05-11,2025-05-11
O003059,2025-05-09,D2C,R_N,SKU_CC_500,C00924,,1.0,1.0,1600,fulfilled,2025-05-11,2025-05-11
O003068,2025-05-09,D2C,R_S,SKU_CC_500,C00037,,1.5,1.5,1600,fulfilled,2025-05-11,2025-05-11
O003071,2025-05-09,D2C,R_S,SKU_CC_500,C00375,,0.5,0.5,1600,fulfilled,2025-05-11,2025-05-11
O003074,2025-05-09,D2C,R_S,SKU_CC_500,C00985,,1.0,1.0,1600,fulfilled,2025-05-11,2025-05-11
O003083,2025-05-09,D2C,R_S,SKU_CC_500,C00102,,1.0,1.0,1600,fulfilled,2025-05-11,2025-05-11
O003021,2025-05-10,D2C,R_N,SKU_CC_500,C00080,,1.0,1.0,1600,fulfilled,2025-05-12,2025-05-12
O003024,2025-05-10,D2C,R_N,SKU_CC_500,C00314,,2.0,2.0,1600,fulfilled,2025-05-12,2025-05-12
O003036,2025-05-10,D2C,R_N,SKU_CC_500,C00797,,0.5,0.5,1600,fulfilled,2025-05-12,2025-05-12
O003037,2025-05-10,D2C,R_N,SKU_CC_500,C00253,,1.0,1.0,1600,fulfilled,2025-05-12,2025-05-12
O003039,2025-05-10,D2C,R_N,SKU_CC_500,C00715,,1.0,1.0,1600,fulfilled,2025-05-12,2025-05-12
O003042,2025-05-10,D2C,R_N,SKU_CC_500,C00819,,1.0,1.0,1600,fulfilled,2025-05-12,2025-05-12
O003051,2025-05-10,D2C,R_N,SKU_CC_500,C00435,,2.0,2.0,1600,fulfilled,2025-05-12,2025-05-12
O003054,2025-05-10,D2C,R_N,SKU_CC_500,C00825,,2.0,2.0,1600,fulfilled,2025-05-12,2025-05-12
O003064,2025-05-10,D2C,R_N,SKU_CC_500,C00045,,1.0,1.0,1600,fulfilled,2025-05-12,2025-05-12
O003066,2025-05-10,D2C,R_S,SKU_CC_500,C00335,,0.5,0.5,1600,fulfilled,2025-05-12,2025-05-12
O003072,2025-05-10,D2C,R_S,SKU_CC_500,C00421,,2.0,2.0,1600,fulfilled,2025-05-12,2025-05-12
O003077,2025-05-10,D2C,R_S,SKU_CC_500,C00374,,0.5,0.5,1600,fulfilled,2025-05-12,2025-05-12
O003078,2025-05-10,D2C,R_S,SKU_CC_500,C00683,,0.5,0.5,1600,fulfilled,2025-05-12,2025-05-12
O003084,2025-05-10,D2C,R_S,SKU_CC_500,C00064,,0.5,0.5,1600,fulfilled,2025-05-12,2025-05-12
O003087,2025-05-10,D2C,R_S,SKU_CC_500,C00218,,1.0,1.0,1600,fulfilled,2025-05-12,2025-05-12
O003023,2025-05-11,D2C,R_N,SKU_CC_500,C00118,,2.0,2.0,1600,fulfilled,2025-05-13,2025-05-13
O003026,2025-05-11,D2C,R_N,SKU_CC_500,C00634,,1.0,1.0,1600,fulfilled,2025-05-13,2025-05-13
O003033,2025-05-11,D2C,R_N,SKU_CC_500,C00118,,2.0,2.0,1600,fulfilled,2025-05-13,2025-05-13
O003034,2025-05-11,D2C,R_N,SKU_CC_500,C00961,,2.0,2.0,1600,fulfilled,2025-05-13,2025-05-13
O003052,2025-05-11,D2C,R_N,SKU_CC_500,C00016,,0.5,0.5,1600,fulfilled,2025-05-13,2025-05-13
O003061,2025-05-11,D2C,R_N,SKU_CC_500,C00378,,1.5,1.5,1600,fulfilled,2025-05-13,2025-05-13
O003092,2025-05-12,D2C,R_N,SKU_CC_500,C00637,,2.0,2.0,1600,fulfilled,2025-05-14,2025-05-14
O003095,2025-05-12,D2C,R_N,SKU_CC_500,C00109,,1.0,1.0,1600,fulfilled,2025-05-14,2025-05-14
O003111,2025-05-12,D2C,R_N,SKU_CC_500,C00874,,2.0,2.0,1600,fulfilled,2025-05-14,2025-05-14
O003114,2025-05-12,D2C,R_N,SKU_CC_500,C00251,,1.0,1.0,1600,fulfilled,2025-05-14,2025-05-14
O003116,2025-05-12,D2C,R_N,SKU_CC_500,C00797,,1.5,1.5,1600,fulfilled,2025-05-14,2025-05-14
O003119,2025-05-12,D2C,R_N,SKU_CC_500,C00263,,2.0,2.0,1600,fulfilled,2025-05-14,2025-05-14
O003121,2025-05-12,D2C,R_N,SKU_CC_500,C00237,,1.0,1.0,1600,fulfilled,2025-05-14,2025-05-14
O003125,2025-05-12,D2C,R_N,SKU_CC_500,C00838,,1.0,1.0,1600,fulfilled,2025-05-14,2025-05-14
O003127,2025-05-12,D2C,R_N,SKU_CC_500,C00966,,1.5,1.5,1600,fulfilled,2025-05-14,2025-05-14
O003129,2025-05-12,D2C,R_N,SKU_CC_500,C00585,,1.0,1.0,1600,fulfilled,2025-05-14,2025-05-14
O003134,2025-05-12,D2C,R_N,SKU_CC_500,C00857,,1.5,1.5,1600,fulfilled,2025-05-14,2025-05-14
O003145,2025-05-12,D2C,R_S,SKU_CC_500,C00022,,1.0,1.0,1600,fulfilled,2025-05-14,2025-05-14
O003152,2025-05-12,D2C,R_S,SKU_CC_500,C00406,,0.5,0.5,1600,fulfilled,2025-05-14,2025-05-14
O003158,2025-05-12,D2C,R_S,SKU_CC_500,C00971,,1.5,1.5,1600,fulfilled,2025-05-14,2025-05-14
O006265,2025-05-12,B2B,R_N,SKU_CC_500,,ACC_DIST,99.8,99.8,1250,fulfilled,2025-05-15,2025-05-15
O006366,2025-05-12,B2B,R_S,SKU_CC_500,,ACC_REST,15.6,15.6,1400,fulfilled,2025-05-15,2025-05-15
O003108,2025-05-13,D2C,R_N,SKU_CC_500,C00273,,2.0,2.0,1600,fulfilled,2025-05-15,2025-05-15
O003128,2025-05-13,D2C,R_N,SKU_CC_500,C00377,,0.5,0.5,1600,fulfilled,2025-05-15,2025-05-15
O003146,2025-05-13,D2C,R_S,SKU_CC_500,C00775,,1.0,1.0,1600,fulfilled,2025-05-15,2025-05-15
O003147,2025-05-13,D2C,R_S,SKU_CC_500,C00856,,1.5,1.5,1600,fulfilled,2025-05-15,2025-05-15
O003153,2025-05-13,D2C,R_S,SKU_CC_500,C00507,,2.0,2.0,1600,fulfilled,2025-05-15,2025-05-15
O003097,2025-05-14,D2C,R_N,SKU_CC_500,C00353,,2.0,2.0,1600,fulfilled,2025-05-16,2025-05-16
O003099,2025-05-14,D2C,R_N,SKU_CC_500,C00553,,0.5,0.5,1600,fulfilled,2025-05-16,2025-05-16
O003102,2025-05-14,D2C,R_N,SKU_CC_500,C00184,,1.5,1.5,1600,fulfilled,2025-05-16,2025-05-16
O003107,2025-05-14,D2C,R_N,SKU_CC_500,C00197,,2.0,2.0,1600,fulfilled,2025-05-16,2025-05-16
O003112,2025-05-14,D2C,R_N,SKU_CC_500,C00631,,2.0,2.0,1600,fulfilled,2025-05-16,2025-05-16
O003137,2025-05-14,D2C,R_S,SKU_CC_500,C00219,,0.5,0.5,1600,fulfilled,2025-05-16,2025-05-16
O003139,2025-05-14,D2C,R_S,SKU_CC_500,C00800,,1.5,1.5,1600,fulfilled,2025-05-16,2025-05-16
O003140,2025-05-14,D2C,R_S,SKU_CC_500,C00576,,1.5,1.5,1600,fulfilled,2025-05-16,2025-05-16
O003142,2025-05-14,D2C,R_S,SKU_CC_500,C00958,,1.0,1.0,1600,fulfilled,2025-05-16,2025-05-16
O003143,2025-05-14,D2C,R_S,SKU_CC_500,C00335,,0.5,0.5,1600,fulfilled,2025-05-16,2025-05-16
O003151,2025-05-14,D2C,R_S,SKU_CC_500,C00359,,1.5,1.5,1600,fulfilled,2025-05-16,2025-05-16
O003154,2025-05-14,D2C,R_S,SKU_CC_500,C00102,,1.0,1.0,1600,fulfilled,2025-05-16,2025-05-16
O003157,2025-05-14,D2C,R_S,SKU_CC_500,C00774,,0.5,0.5,1600,fulfilled,2025-05-16,2025-05-16
O003159,2025-05-14,D2C,R_S,SKU_CC_500,C00523,,0.5,0.5,1600,fulfilled,2025-05-16,2025-05-16
O003091,2025-05-15,D2C,R_N,SKU_CC_500,C00287,,2.0,2.0,1600,fulfilled,2025-05-17,2025-05-17
O003115,2025-05-15,D2C,R_N,SKU_CC_500,C00600,,1.0,1.0,1600,fulfilled,2025-05-17,2025-05-17
O003117,2025-05-15,D2C,R_N,SKU_CC_500,C00517,,0.5,0.5,1600,fulfilled,2025-05-17,2025-05-17
O003133,2025-05-15,D2C,R_N,SKU_CC_500,C00396,,1.5,1.5,1600,fulfilled,2025-05-17,2025-05-17
O003135,2025-05-15,D2C,R_N,SKU_CC_500,C00158,,0.5,0.5,1600,fulfilled,2025-05-17,2025-05-17
O003148,2025-05-15,D2C,R_S,SKU_CC_500,C00347,,1.5,1.5,1600,fulfilled,2025-05-17,2025-05-17
O003096,2025-05-16,D2C,R_N,SKU_CC_500,C00016,,0.5,0.5,1600,fulfilled,2025-05-18,2025-05-18
O003110,2025-05-16,D2C,R_N,SKU_CC_500,C00873,,2.0,2.0,1600,fulfilled,2025-05-18,2025-05-18
O003122,2025-05-16,D2C,R_N,SKU_CC_500,C00669,,0.5,0.5,1600,fulfilled,2025-05-18,2025-05-18
O003123,2025-05-16,D2C,R_N,SKU_CC_500,C00831,,1.0,1.0,1600,fulfilled,2025-05-18,2025-05-18
O003131,2025-05-16,D2C,R_N,SKU_CC_500,C00614,,1.5,1.5,1600,fulfilled,2025-05-18,2025-05-18
O003136,2025-05-16,D2C,R_S,SKU_CC_500,C00627,,1.0,1.0,1600,fulfilled,2025-05-18,2025-05-18
O003093,2025-05-17,D2C,R_N,SKU_CC_500,C00648,,1.5,1.5,1600,fulfilled,2025-05-19,2025-05-19
O003094,2025-05-17,D2C,R_N,SKU_CC_500,C00254,,1.5,1.5,1600,fulfilled,2025-05-19,2025-05-19
O003100,2025-05-17,D2C,R_N,SKU_CC_500,C00301,,1.5,1.5,1600,fulfilled,2025-05-19,2025-05-19
O003104,2025-05-17,D2C,R_N,SKU_CC_500,C00690,,1.5,1.5,1600,fulfilled,2025-05-19,2025-05-19
O003106,2025-05-17,D2C,R_N,SKU_CC_500,C00652,,0.5,0.5,1600,fulfilled,2025-05-19,2025-05-19
O003109,2025-05-17,D2C,R_N,SKU_CC_500,C00955,,2.0,2.0,1600,fulfilled,2025-05-19,2025-05-19
O003113,2025-05-17,D2C,R_N,SKU_CC_500,C00954,,1.5,1.5,1600,fulfilled,2025-05-19,2025-05-19
O003118,2025-05-17,D2C,R_N,SKU_CC_500,C00240,,1.0,1.0,1600,fulfilled,2025-05-19,2025-05-19
O003130,2025-05-17,D2C,R_N,SKU_CC_500,C00449,,1.0,1.0,1600,fulfilled,2025-05-19,2025-05-19
O003138,2025-05-17,D2C,R_S,SKU_CC_500,C00142,,0.5,0.5,1600,fulfilled,2025-05-19,2025-05-19
O003144,2025-05-17,D2C,R_S,SKU_CC_500,C00244,,1.5,1.5,1600,fulfilled,2025-05-19,2025-05-19
O003150,2025-05-17,D2C,R_S,SKU_CC_500,C00609,,1.0,1.0,1600,fulfilled,2025-05-19,2025-05-19
O003156,2025-05-17,D2C,R_S,SKU_CC_500,C00984,,1.0,1.0,1600,fulfilled,2025-05-19,2025-05-19
O003098,2025-05-18,D2C,R_N,SKU_CC_500,C00721,,1.5,1.5,1600,fulfilled,2025-05-20,2025-05-20
O003101,2025-05-18,D2C,R_N,SKU_CC_500,C00081,,1.0,1.0,1600,fulfilled,2025-05-20,2025-05-20
O003103,2025-05-18,D2C,R_N,SKU_CC_500,C00467,,1.0,1.0,1600,fulfilled,2025-05-20,2025-05-20
O003105,2025-05-18,D2C,R_N,SKU_CC_500,C00554,,1.5,1.5,1600,fulfilled,2025-05-20,2025-05-20
O003120,2025-05-18,D2C,R_N,SKU_CC_500,C00280,,1.5,1.5,1600,fulfilled,2025-05-20,2025-05-20
O003124,2025-05-18,D2C,R_N,SKU_CC_500,C00833,,0.5,0.5,1600,fulfilled,2025-05-20,2025-05-20
O003126,2025-05-18,D2C,R_N,SKU_CC_500,C00312,,2.0,2.0,1600,fulfilled,2025-05-20,2025-05-20
O003132,2025-05-18,D2C,R_N,SKU_CC_500,C00511,,1.5,1.5,1600,fulfilled,2025-05-20,2025-05-20
O003141,2025-05-18,D2C,R_S,SKU_CC_500,C00116,,1.5,1.5,1600,fulfilled,2025-05-20,2025-05-20
O003149,2025-05-18,D2C,R_S,SKU_CC_500,C00024,,1.0,1.0,1600,fulfilled,2025-05-20,2025-05-20
O003155,2025-05-18,D2C,R_S,SKU_CC_500,C00559,,2.0,2.0,1600,fulfilled,2025-05-20,2025-05-20
O003160,2025-05-18,D2C,R_S,SKU_CC_500,C00752,,1.5,1.5,1600,fulfilled,2025-05-20,2025-05-20
O003165,2025-05-19,D2C,R_N,SKU_CC_500,C00571,,1.5,1.5,1600,fulfilled,2025-05-21,2025-05-21
O003172,2025-05-19,D2C,R_N,SKU_CC_500,C00577,,1.5,1.5,1600,fulfilled,2025-05-21,2025-05-21
O003183,2025-05-19,D2C,R_N,SKU_CC_500,C00119,,0.5,0.5,1600,fulfilled,2025-05-21,2025-05-21
O003187,2025-05-19,D2C,R_N,SKU_CC_500,C00823,,2.0,2.0,1600,fulfilled,2025-05-21,2025-05-21
O003190,2025-05-19,D2C,R_N,SKU_CC_500,C00468,,0.5,0.5,1600,fulfilled,2025-05-21,2025-05-21
O003192,2025-05-19,D2C,R_N,SKU_CC_500,C00118,,2.0,2.0,1600,fulfilled,2025-05-21,2025-05-21
O003196,2025-05-19,D2C,R_N,SKU_CC_500,C00418,,1.0,1.0,1600,fulfilled,2025-05-21,2025-05-21
O003197,2025-05-19,D2C,R_N,SKU_CC_500,C00013,,1.5,1.5,1600,fulfilled,2025-05-21,2025-05-21
O003201,2025-05-19,D2C,R_N,SKU_CC_500,C00562,,1.5,1.5,1600,fulfilled,2025-05-21,2025-05-21
O003203,2025-05-19,D2C,R_N,SKU_CC_500,C00084,,2.0,2.0,1600,fulfilled,2025-05-21,2025-05-21
O003221,2025-05-19,D2C,R_S,SKU_CC_500,C00387,,0.5,0.5,1600,fulfilled,2025-05-21,2025-05-21
O003228,2025-05-19,D2C,R_S,SKU_CC_500,C00855,,1.0,1.0,1600,fulfilled,2025-05-21,2025-05-21
O006266,2025-05-19,B2B,R_N,SKU_CC_500,,ACC_DIST,103.2,103.2,1250,fulfilled,2025-05-22,2025-05-22
O006367,2025-05-19,B2B,R_S,SKU_CC_500,,ACC_REST,17.6,17.6,1400,fulfilled,2025-05-22,2025-05-22
O003168,2025-05-20,D2C,R_N,SKU_CC_500,C00081,,0.5,0.5,1600,fulfilled,2025-05-22,2025-05-22
O003170,2025-05-20,D2C,R_N,SKU_CC_500,C00732,,1.0,1.0,1600,fulfilled,2025-05-22,2025-05-22
O003173,2025-05-20,D2C,R_N,SKU_CC_500,C00170,,0.5,0.5,1600,fulfilled,2025-05-22,2025-05-22
O003176,2025-05-20,D2C,R_N,SKU_CC_500,C00757,,1.0,1.0,1600,fulfilled,2025-05-22,2025-05-22
O003189,2025-05-20,D2C,R_N,SKU_CC_500,C00967,,1.0,1.0,1600,fulfilled,2025-05-22,2025-05-22
O003194,2025-05-20,D2C,R_N,SKU_CC_500,C00411,,0.5,0.5,1600,fulfilled,2025-05-22,2025-05-22
O003208,2025-05-20,D2C,R_S,SKU_CC_500,C00932,,0.5,0.5,1600,fulfilled,2025-05-22,2025-05-22
O003217,2025-05-20,D2C,R_S,SKU_CC_500,C00103,,1.5,1.5,1600,fulfilled,2025-05-22,2025-05-22
O003225,2025-05-20,D2C,R_S,SKU_CC_500,C00958,,1.0,1.0,1600,fulfilled,2025-05-22,2025-05-22
O003166,2025-05-21,D2C,R_N,SKU_CC_500,C01005,,1.0,1.0,1600,fulfilled,2025-05-23,2025-05-23
O003167,2025-05-21,D2C,R_N,SKU_CC_500,C00617,,2.0,2.0,1600,fulfilled,2025-05-23,2025-05-23
O003169,2025-05-21,D2C,R_N,SKU_CC_500,C00198,,1.5,1.5,1600,fulfilled,2025-05-23,2025-05-23
O003178,2025-05-21,D2C,R_N,SKU_CC_500,C00161,,0.5,0.5,1600,fulfilled,2025-05-23,2025-05-23
O003180,2025-05-21,D2C,R_N,SKU_CC_500,C00354,,1.0,1.0,1600,fulfilled,2025-05-23,2025-05-23
O003185,2025-05-21,D2C,R_N,SKU_CC_500,C00081,,1.5,1.5,1600,fulfilled,2025-05-23,2025-05-23
O003204,2025-05-21,D2C,R_N,SKU_CC_500,C00005,,0.5,0.5,1600,fulfilled,2025-05-23,2025-05-23
O003219,2025-05-21,D2C,R_S,SKU_CC_500,C00932,,0.5,0.5,1600,fulfilled,2025-05-23,2025-05-23
O003229,2025-05-21,D2C,R_S,SKU_CC_500,C00192,,2.0,2.0,1600,fulfilled,2025-05-23,2025-05-23
O003161,2025-05-22,D2C,R_N,SKU_CC_500,C00601,,2.0,2.0,1600,fulfilled,2025-05-24,2025-05-24
O003171,2025-05-22,D2C,R_N,SKU_CC_500,C00953,,2.0,2.0,1600,fulfilled,2025-05-24,2025-05-24
O003182,2025-05-22,D2C,R_N,SKU_CC_500,C00910,,1.0,1.0,1600,fulfilled,2025-05-24,2025-05-24
O003186,2025-05-22,D2C,R_N,SKU_CC_500,C00964,,2.0,2.0,1600,fulfilled,2025-05-24,2025-05-24
O003188,2025-05-22,D2C,R_N,SKU_CC_500,C00746,,0.5,0.5,1600,fulfilled,2025-05-24,2025-05-24
O003193,2025-05-22,D2C,R_N,SKU_CC_500,C00237,,0.5,0.5,1600,fulfilled,2025-05-24,2025-05-24
O003213,2025-05-22,D2C,R_S,SKU_CC_500,C01012,,1.5,1.5,1600,fulfilled,2025-05-24,2025-05-24
O003216,2025-05-22,D2C,R_S,SKU_CC_500,C01009,,1.5,1.5,1600,fulfilled,2025-05-24,2025-05-24
O003223,2025-05-22,D2C,R_S,SKU_CC_500,C00374,,1.0,1.0,1600,fulfilled,2025-05-24,2025-05-24
O003227,2025-05-22,D2C,R_S,SKU_CC_500,C00310,,2.0,2.0,1600,fulfilled,2025-05-24,2025-05-24
O003230,2025-05-22,D2C,R_S,SKU_CC_500,C00970,,1.5,1.5,1600,fulfilled,2025-05-24,2025-05-24
O003164,2025-05-23,D2C,R_N,SKU_CC_500,C00963,,1.5,1.5,1600,fulfilled,2025-05-25,2025-05-25
O003184,2025-05-23,D2C,R_N,SKU_CC_500,C00370,,0.5,0.5,1600,fulfilled,2025-05-25,2025-05-25
O003191,2025-05-23,D2C,R_N,SKU_CC_500,C00365,,0.5,0.5,1600,fulfilled,2025-05-25,2025-05-25
O003207,2025-05-23,D2C,R_S,SKU_CC_500,C00155,,1.0,1.0,1600,fulfilled,2025-05-25,2025-05-25
O003212,2025-05-23,D2C,R_S,SKU_CC_500,C00906,,1.0,1.0,1600,fulfilled,2025-05-25,2025-05-25
O003218,2025-05-23,D2C,R_S,SKU_CC_500,C00167,,1.0,1.0,1600,fulfilled,2025-05-25,2025-05-25
O003222,2025-05-23,D2C,R_S,SKU_CC_500,C00815,,1.0,1.0,1600,fulfilled,2025-05-25,2025-05-25
O003224,2025-05-23,D2C,R_S,SKU_CC_500,C00698,,0.5,0.5,1600,fulfilled,2025-05-25,2025-05-25
O003163,2025-05-24,D2C,R_N,SKU_CC_500,C00805,,2.0,2.0,1600,fulfilled,2025-05-26,2025-05-26
O003174,2025-05-24,D2C,R_N,SKU_CC_500,C00412,,0.5,0.5,1600,fulfilled,2025-05-26,2025-05-26
O003177,2025-05-24,D2C,R_N,SKU_CC_500,C00618,,2.0,2.0,1600,fulfilled,2025-05-26,2025-05-26
O003179,2025-05-24,D2C,R_N,SKU_CC_500,C00769,,1.5,1.5,1600,fulfilled,2025-05-26,2025-05-26
O003181,2025-05-24,D2C,R_N,SKU_CC_500,C00753,,1.0,1.0,1600,fulfilled,2025-05-26,2025-05-26
O003200,2025-05-24,D2C,R_N,SKU_CC_500,C00331,,2.0,2.0,1600,fulfilled,2025-05-26,2025-05-26
O003206,2025-05-24,D2C,R_S,SKU_CC_500,C00181,,1.5,1.5,1600,fulfilled,2025-05-26,2025-05-26
O003215,2025-05-24,D2C,R_S,SKU_CC_500,C00180,,0.5,0.5,1600,fulfilled,2025-05-26,2025-05-26
O003220,2025-05-24,D2C,R_S,SKU_CC_500,C00856,,0.5,0.5,1600,fulfilled,2025-05-26,2025-05-26
O003226,2025-05-24,D2C,R_S,SKU_CC_500,C00725,,1.0,1.0,1600,fulfilled,2025-05-26,2025-05-26
O003162,2025-05-25,D2C,R_N,SKU_CC_500,C00352,,1.0,1.0,1600,fulfilled,2025-05-27,2025-05-27
O003175,2025-05-25,D2C,R_N,SKU_CC_500,C00170,,2.0,2.0,1600,fulfilled,2025-05-27,2025-05-27
O003195,2025-05-25,D2C,R_N,SKU_CC_500,C00265,,2.0,2.0,1600,fulfilled,2025-05-27,2025-05-27
O003198,2025-05-25,D2C,R_N,SKU_CC_500,C00708,,1.0,1.0,1600,fulfilled,2025-05-27,2025-05-27
O003199,2025-05-25,D2C,R_N,SKU_CC_500,C00639,,0.5,0.5,1600,fulfilled,2025-05-27,2025-05-27
O003202,2025-05-25,D2C,R_N,SKU_CC_500,C00619,,0.5,0.5,1600,fulfilled,2025-05-27,2025-05-27
O003205,2025-05-25,D2C,R_N,SKU_CC_500,C00149,,2.0,2.0,1600,fulfilled,2025-05-27,2025-05-27
O003209,2025-05-25,D2C,R_S,SKU_CC_500,C00788,,1.5,1.5,1600,fulfilled,2025-05-27,2025-05-27
O003210,2025-05-25,D2C,R_S,SKU_CC_500,C00827,,1.5,1.5,1600,fulfilled,2025-05-27,2025-05-27
O003211,2025-05-25,D2C,R_S,SKU_CC_500,C00997,,1.0,1.0,1600,fulfilled,2025-05-27,2025-05-27
O003214,2025-05-25,D2C,R_S,SKU_CC_500,C00245,,1.5,1.5,1600,fulfilled,2025-05-27,2025-05-27
O003255,2025-05-26,D2C,R_N,SKU_CC_500,C00094,,2.0,2.0,1600,fulfilled,2025-05-28,2025-05-28
O003257,2025-05-26,D2C,R_N,SKU_CC_500,C01014,,1.5,1.5,1600,fulfilled,2025-05-28,2025-05-28
O003259,2025-05-26,D2C,R_N,SKU_CC_500,C00117,,2.0,2.0,1600,fulfilled,2025-05-28,2025-05-28
O003260,2025-05-26,D2C,R_N,SKU_CC_500,C00510,,0.5,0.5,1600,fulfilled,2025-05-28,2025-05-28
O003263,2025-05-26,D2C,R_N,SKU_CC_500,C00915,,1.5,1.5,1600,fulfilled,2025-05-28,2025-05-28
O003264,2025-05-26,D2C,R_N,SKU_CC_500,C00213,,1.5,1.5,1600,fulfilled,2025-05-28,2025-05-28
O003268,2025-05-26,D2C,R_N,SKU_CC_500,C00343,,0.5,0.5,1600,fulfilled,2025-05-28,2025-05-28
O003279,2025-05-26,D2C,R_S,SKU_CC_500,C00814,,0.5,0.5,1600,fulfilled,2025-05-28,2025-05-28
O003284,2025-05-26,D2C,R_S,SKU_CC_500,C00657,,1.5,1.5,1600,fulfilled,2025-05-28,2025-05-28
O003286,2025-05-26,D2C,R_S,SKU_CC_500,C00790,,1.0,1.0,1600,fulfilled,2025-05-28,2025-05-28
O003287,2025-05-26,D2C,R_S,SKU_CC_500,C00063,,0.5,0.5,1600,fulfilled,2025-05-28,2025-05-28
O003288,2025-05-26,D2C,R_S,SKU_CC_500,C00787,,2.0,2.0,1600,fulfilled,2025-05-28,2025-05-28
O003290,2025-05-26,D2C,R_S,SKU_CC_500,C00115,,0.5,0.5,1600,fulfilled,2025-05-28,2025-05-28
O003300,2025-05-26,D2C,R_S,SKU_CC_500,C00624,,1.5,1.5,1600,fulfilled,2025-05-28,2025-05-28
O006267,2025-05-26,B2B,R_N,SKU_CC_500,,ACC_DIST,79.4,79.4,1250,fulfilled,2025-05-29,2025-05-29
O006368,2025-05-26,B2B,R_S,SKU_CC_500,,ACC_REST,19.0,19.0,1400,fulfilled,2025-05-29,2025-05-29
O003235,2025-05-27,D2C,R_N,SKU_CC_500,C00570,,2.0,2.0,1600,fulfilled,2025-05-29,2025-05-29
O003244,2025-05-27,D2C,R_N,SKU_CC_500,C00028,,1.5,1.5,1600,fulfilled,2025-05-29,2025-05-29
O003254,2025-05-27,D2C,R_N,SKU_CC_500,C00981,,0.5,0.5,1600,fulfilled,2025-05-29,2025-05-29
O003258,2025-05-27,D2C,R_N,SKU_CC_500,C00785,,0.5,0.5,1600,fulfilled,2025-05-29,2025-05-29
O003261,2025-05-27,D2C,R_N,SKU_CC_500,C00317,,1.5,1.5,1600,fulfilled,2025-05-29,2025-05-29
O003271,2025-05-27,D2C,R_N,SKU_CC_500,C00595,,1.0,1.0,1600,fulfilled,2025-05-29,2025-05-29
O003285,2025-05-27,D2C,R_S,SKU_CC_500,C00748,,2.0,2.0,1600,fulfilled,2025-05-29,2025-05-29
O003291,2025-05-27,D2C,R_S,SKU_CC_500,C00373,,2.0,2.0,1600,fulfilled,2025-05-29,2025-05-29
O003301,2025-05-27,D2C,R_S,SKU_CC_500,C00802,,2.0,2.0,1600,fulfilled,2025-05-29,2025-05-29
O003248,2025-05-28,D2C,R_N,SKU_CC_500,C00926,,0.5,0.5,1600,fulfilled,2025-05-30,2025-05-30
O003280,2025-05-28,D2C,R_S,SKU_CC_500,C00294,,1.5,1.5,1600,fulfilled,2025-05-30,2025-05-30
O003293,2025-05-28,D2C,R_S,SKU_CC_500,C00194,,1.0,1.0,1600,fulfilled,2025-05-30,2025-05-30
O003233,2025-05-29,D2C,R_N,SKU_CC_500,C00611,,1.5,1.5,1600,fulfilled,2025-05-31,2025-05-31
O003246,2025-05-29,D2C,R_N,SKU_CC_500,C00466,,0.5,0.5,1600,fulfilled,2025-05-31,2025-05-31
O003247,2025-05-29,D2C,R_N,SKU_CC_500,C00398,,1.0,1.0,1600,fulfilled,2025-05-31,2025-05-31
O003265,2025-05-29,D2C,R_N,SKU_CC_500,C00831,,0.5,0.5,1600,fulfilled,2025-05-31,2025-05-31
O003267,2025-05-29,D2C,R_N,SKU_CC_500,C01016,,2.0,2.0,1600,fulfilled,2025-05-31,2025-05-31
O003275,2025-05-29,D2C,R_N,SKU_CC_500,C00028,,2.0,2.0,1600,fulfilled,2025-05-31,2025-05-31
O003298,2025-05-29,D2C,R_S,SKU_CC_500,C00385,,2.0,2.0,1600,fulfilled,2025-05-31,2025-05-31
O003234,2025-05-30,D2C,R_N,SKU_CC_500,C00554,,0.5,0.5,1600,fulfilled,2025-06-01,2025-06-01
O003237,2025-05-30,D2C,R_N,SKU_CC_500,C00396,,1.0,1.0,1600,fulfilled,2025-06-01,2025-06-01
O003239,2025-05-30,D2C,R_N,SKU_CC_500,C00806,,0.5,0.5,1600,fulfilled,2025-06-01,2025-06-01
O003240,2025-05-30,D2C,R_N,SKU_CC_500,C00149,,1.0,1.0,1600,fulfilled,2025-06-01,2025-06-01
O003241,2025-05-30,D2C,R_N,SKU_CC_500,C00616,,1.5,1.5,1600,fulfilled,2025-06-01,2025-06-01
O003242,2025-05-30,D2C,R_N,SKU_CC_500,C00237,,1.5,1.5,1600,fulfilled,2025-06-01,2025-06-01
O003249,2025-05-30,D2C,R_N,SKU_CC_500,C00835,,0.5,0.5,1600,fulfilled,2025-06-01,2025-06-01
O003250,2025-05-30,D2C,R_N,SKU_CC_500,C00966,,1.0,1.0,1600,fulfilled,2025-06-01,2025-06-01
O003251,2025-05-30,D2C,R_N,SKU_CC_500,C00652,,2.0,2.0,1600,fulfilled,2025-06-01,2025-06-01
O003252,2025-05-30,D2C,R_N,SKU_CC_500,C00466,,1.5,1.5,1600,fulfilled,2025-06-01,2025-06-01
O003262,2025-05-30,D2C,R_N,SKU_CC_500,C00081,,1.5,1.5,1600,fulfilled,2025-06-01,2025-06-01
O003274,2025-05-30,D2C,R_N,SKU_CC_500,C00228,,1.0,1.0,1600,fulfilled,2025-06-01,2025-06-01
O003277,2025-05-30,D2C,R_S,SKU_CC_500,C00140,,2.0,2.0,1600,fulfilled,2025-06-01,2025-06-01
O003278,2025-05-30,D2C,R_S,SKU_CC_500,C00879,,1.0,1.0,1600,fulfilled,2025-06-01,2025-06-01
O003289,2025-05-30,D2C,R_S,SKU_CC_500,C00801,,0.5,0.5,1600,fulfilled,2025-06-01,2025-06-01
O003292,2025-05-30,D2C,R_S,SKU_CC_500,C00817,,2.0,2.0,1600,fulfilled,2025-06-01,2025-06-01
O003294,2025-05-30,D2C,R_S,SKU_CC_500,C00826,,2.0,2.0,1600,fulfilled,2025-06-01,2025-06-01
O003296,2025-05-30,D2C,R_S,SKU_CC_500,C00181,,1.0,1.0,1600,fulfilled,2025-06-01,2025-06-01
O003231,2025-05-31,D2C,R_N,SKU_CC_500,C00182,,0.5,0.5,1600,fulfilled,2025-06-02,2025-06-02
O003236,2025-05-31,D2C,R_N,SKU_CC_500,C00092,,1.5,1.5,1600,fulfilled,2025-06-02,2025-06-02
O003243,2025-05-31,D2C,R_N,SKU_CC_500,C00582,,1.0,1.0,1600,fulfilled,2025-06-02,2025-06-02
O003245,2025-05-31,D2C,R_N,SKU_CC_500,C00935,,0.5,0.5,1600,fulfilled,2025-06-02,2025-06-02
O003256,2025-05-31,D2C,R_N,SKU_CC_500,C00364,,1.0,1.0,1600,fulfilled,2025-06-02,2025-06-02
O003266,2025-05-31,D2C,R_N,SKU_CC_500,C00655,,1.0,1.0,1600,fulfilled,2025-06-02,2025-06-02
O003269,2025-05-31,D2C,R_N,SKU_CC_500,C00124,,1.5,1.5,1600,fulfilled,2025-06-02,2025-06-02
O003270,2025-05-31,D2C,R_N,SKU_CC_500,C00848,,2.0,2.0,1600,fulfilled,2025-06-02,2025-06-02
O003272,2025-05-31,D2C,R_N,SKU_CC_500,C00286,,0.5,0.5,1600,fulfilled,2025-06-02,2025-06-02
O003273,2025-05-31,D2C,R_N,SKU_CC_500,C00400,,2.0,2.0,1600,fulfilled,2025-06-02,2025-06-02
O003281,2025-05-31,D2C,R_S,SKU_CC_500,C00972,,0.5,0.5,1600,fulfilled,2025-06-02,2025-06-02
O003283,2025-05-31,D2C,R_S,SKU_CC_500,C00035,,1.0,1.0,1600,fulfilled,2025-06-02,2025-06-02
O003295,2025-05-31,D2C,R_S,SKU_CC_500,C00983,,0.5,0.5,1600,fulfilled,2025-06-02,2025-06-02
O003232,2025-06-01,D2C,R_N,SKU_CC_500,C00889,,0.5,0.5,1600,fulfilled,2025-06-03,2025-06-03
O003238,2025-06-01,D2C,R_N,SKU_CC_500,C00426,,1.5,1.5,1600,fulfilled,2025-06-03,2025-06-03
O003253,2025-06-01,D2C,R_N,SKU_CC_500,C00859,,1.0,1.0,1600,fulfilled,2025-06-03,2025-06-03
O003276,2025-06-01,D2C,R_S,SKU_CC_500,C00904,,0.5,0.5,1600,fulfilled,2025-06-03,2025-06-03
O003282,2025-06-01,D2C,R_S,SKU_CC_500,C00034,,1.5,1.5,1600,fulfilled,2025-06-03,2025-06-03
O003297,2025-06-01,D2C,R_S,SKU_CC_500,C00049,,1.5,1.5,1600,fulfilled,2025-06-03,2025-06-03
O003299,2025-06-01,D2C,R_S,SKU_CC_500,C00454,,0.5,0.5,1600,fulfilled,2025-06-03,2025-06-03
O003309,2025-06-02,D2C,R_N,SKU_CC_500,C00483,,2.0,2.0,1600,fulfilled,2025-06-04,2025-06-04
O003311,2025-06-02,D2C,R_N,SKU_CC_500,C00136,,0.5,0.5,1600,fulfilled,2025-06-04,2025-06-04
O003315,2025-06-02,D2C,R_N,SKU_CC_500,C00464,,1.5,1.5,1600,fulfilled,2025-06-04,2025-06-04
O003316,2025-06-02,D2C,R_N,SKU_CC_500,C00516,,1.5,1.5,1600,fulfilled,2025-06-04,2025-06-04
O003318,2025-06-02,D2C,R_N,SKU_CC_500,C00201,,0.5,0.5,1600,fulfilled,2025-06-04,2025-06-04
O003321,2025-06-02,D2C,R_N,SKU_CC_500,C00091,,1.0,1.0,1600,fulfilled,2025-06-04,2025-06-04
O003331,2025-06-02,D2C,R_N,SKU_CC_500,C00662,,2.0,2.0,1600,fulfilled,2025-06-04,2025-06-04
O003335,2025-06-02,D2C,R_N,SKU_CC_500,C00327,,2.0,2.0,1600,fulfilled,2025-06-04,2025-06-04
O003337,2025-06-02,D2C,R_N,SKU_CC_500,C00118,,1.5,1.5,1600,fulfilled,2025-06-04,2025-06-04
O003345,2025-06-02,D2C,R_N,SKU_CC_500,C00210,,1.0,1.0,1600,fulfilled,2025-06-04,2025-06-04
O003350,2025-06-02,D2C,R_S,SKU_CC_500,C00931,,2.0,2.0,1600,fulfilled,2025-06-04,2025-06-04
O003356,2025-06-02,D2C,R_S,SKU_CC_500,C00232,,0.5,0.5,1600,fulfilled,2025-06-04,2025-06-04
O006268,2025-06-02,B2B,R_N,SKU_CC_500,,ACC_DIST,90.0,90.0,1250,fulfilled,2025-06-05,2025-06-05
O006369,2025-06-02,B2B,R_S,SKU_CC_500,,ACC_REST,20.4,20.4,1400,fulfilled,2025-06-05,2025-06-05
O003303,2025-06-03,D2C,R_N,SKU_CC_500,C00132,,0.5,0.5,1600,fulfilled,2025-06-05,2025-06-05
O003310,2025-06-03,D2C,R_N,SKU_CC_500,C00238,,0.5,0.5,1600,fulfilled,2025-06-05,2025-06-05
O003329,2025-06-03,D2C,R_N,SKU_CC_500,C00085,,2.0,2.0,1600,fulfilled,2025-06-05,2025-06-05
O003342,2025-06-03,D2C,R_N,SKU_CC_500,C00693,,1.5,1.5,1600,fulfilled,2025-06-05,2025-06-05
O003355,2025-06-03,D2C,R_S,SKU_CC_500,C00100,,2.0,2.0,1600,fulfilled,2025-06-05,2025-06-05
O003359,2025-06-03,D2C,R_S,SKU_CC_500,C01036,,1.0,1.0,1600,fulfilled,2025-06-05,2025-06-05
O003364,2025-06-03,D2C,R_S,SKU_CC_500,C00508,,0.5,0.5,1600,fulfilled,2025-06-05,2025-06-05
O003366,2025-06-03,D2C,R_S,SKU_CC_500,C00203,,0.5,0.5,1600,fulfilled,2025-06-05,2025-06-05
O003369,2025-06-03,D2C,R_S,SKU_CC_500,C00802,,1.0,1.0,1600,fulfilled,2025-06-05,2025-06-05
O003370,2025-06-03,D2C,R_S,SKU_CC_500,C00815,,1.5,1.5,1600,fulfilled,2025-06-05,2025-06-05
O003302,2025-06-04,D2C,R_N,SKU_CC_500,C01014,,1.0,1.0,1600,fulfilled,2025-06-06,2025-06-06
O003304,2025-06-04,D2C,R_N,SKU_CC_500,C00669,,0.5,0.5,1600,fulfilled,2025-06-06,2025-06-06
O003305,2025-06-04,D2C,R_N,SKU_CC_500,C00579,,2.0,2.0,1600,fulfilled,2025-06-06,2025-06-06
O003308,2025-06-04,D2C,R_N,SKU_CC_500,C00663,,2.0,2.0,1600,fulfilled,2025-06-06,2025-06-06
O003322,2025-06-04,D2C,R_N,SKU_CC_500,C00315,,2.0,2.0,1600,fulfilled,2025-06-06,2025-06-06
O003323,2025-06-04,D2C,R_N,SKU_CC_500,C00393,,2.0,2.0,1600,fulfilled,2025-06-06,2025-06-06
O003324,2025-06-04,D2C,R_N,SKU_CC_500,C00276,,1.5,1.5,1600,fulfilled,2025-06-06,2025-06-06
O003325,2025-06-04,D2C,R_N,SKU_CC_500,C00824,,1.0,1.0,1600,fulfilled,2025-06-06,2025-06-06
O003326,2025-06-04,D2C,R_N,SKU_CC_500,C00338,,1.5,1.5,1600,fulfilled,2025-06-06,2025-06-06
O003328,2025-06-04,D2C,R_N,SKU_CC_500,C01015,,2.0,2.0,1600,fulfilled,2025-06-06,2025-06-06
O003343,2025-06-04,D2C,R_N,SKU_CC_500,C00433,,1.0,1.0,1600,fulfilled,2025-06-06,2025-06-06
O003347,2025-06-04,D2C,R_N,SKU_CC_500,C00448,,1.0,1.0,1600,fulfilled,2025-06-06,2025-06-06
O003349,2025-06-04,D2C,R_S,SKU_CC_500,C00346,,1.0,1.0,1600,fulfilled,2025-06-06,2025-06-06
O003358,2025-06-04,D2C,R_S,SKU_CC_500,C00670,,0.5,0.5,1600,fulfilled,2025-06-06,2025-06-06
O003373,2025-06-04,D2C,R_S,SKU_CC_500,C00642,,1.0,1.0,1600,fulfilled,2025-06-06,2025-06-06
O003313,2025-06-05,D2C,R_N,SKU_CC_500,C00799,,1.0,1.0,1600,fulfilled,2025-06-07,2025-06-07
O003319,2025-06-05,D2C,R_N,SKU_CC_500,C00237,,0.5,0.5,1600,fulfilled,2025-06-07,2025-06-07
O003330,2025-06-05,D2C,R_N,SKU_CC_500,C00110,,1.0,1.0,1600,fulfilled,2025-06-07,2025-06-07
O003336,2025-06-05,D2C,R_N,SKU_CC_500,C00223,,2.0,2.0,1600,fulfilled,2025-06-07,2025-06-07
O003339,2025-06-05,D2C,R_N,SKU_CC_500,C00201,,0.5,0.5,1600,fulfilled,2025-06-07,2025-06-07
O003352,2025-06-05,D2C,R_S,SKU_CC_500,C00774,,0.5,0.5,1600,fulfilled,2025-06-07,2025-06-07
O003354,2025-06-05,D2C,R_S,SKU_CC_500,C00349,,1.5,1.5,1600,fulfilled,2025-06-07,2025-06-07
O003361,2025-06-05,D2C,R_S,SKU_CC_500,C00217,,2.0,2.0,1600,fulfilled,2025-06-07,2025-06-07
O003314,2025-06-06,D2C,R_N,SKU_CC_500,C00864,,1.0,1.0,1600,fulfilled,2025-06-08,2025-06-08
O003320,2025-06-06,D2C,R_N,SKU_CC_500,C00174,,1.0,1.0,1600,fulfilled,2025-06-08,2025-06-08
O003333,2025-06-06,D2C,R_N,SKU_CC_500,C00493,,1.0,1.0,1600,fulfilled,2025-06-08,2025-06-08
O003340,2025-06-06,D2C,R_N,SKU_CC_500,C01007,,1.5,1.5,1600,fulfilled,2025-06-08,2025-06-08
O003357,2025-06-06,D2C,R_S,SKU_CC_500,C00982,,2.0,2.0,1600,fulfilled,2025-06-08,2025-06-08
O003360,2025-06-06,D2C,R_S,SKU_CC_500,C00322,,1.5,1.5,1600,fulfilled,2025-06-08,2025-06-08
O003365,2025-06-06,D2C,R_S,SKU_CC_500,C01008,,0.5,0.5,1600,fulfilled,2025-06-08,2025-06-08
O003306,2025-06-07,D2C,R_N,SKU_CC_500,C00340,,0.5,0.5,1600,fulfilled,2025-06-09,2025-06-09
O003307,2025-06-07,D2C,R_N,SKU_CC_500,C01013,,1.0,1.0,1600,fulfilled,2025-06-09,2025-06-09
O003312,2025-06-07,D2C,R_N,SKU_CC_500,C00408,,1.5,1.5,1600,fulfilled,2025-06-09,2025-06-09
O003341,2025-06-07,D2C,R_N,SKU_CC_500,C00531,,1.5,1.5,1600,fulfilled,2025-06-09,2025-06-09
O003344,2025-06-07,D2C,R_N,SKU_CC_500,C00235,,1.0,1.0,1600,fulfilled,2025-06-09,2025-06-09
O003351,2025-06-07,D2C,R_S,SKU_CC_500,C00034,,1.0,1.0,1600,fulfilled,2025-06-09,2025-06-09
O003368,2025-06-07,D2C,R_S,SKU_CC_500,C00521,,1.0,1.0,1600,fulfilled,2025-06-09,2025-06-09
O003371,2025-06-07,D2C,R_S,SKU_CC_500,C00843,,1.0,1.0,1600,fulfilled,2025-06-09,2025-06-09
O003317,2025-06-08,D2C,R_N,SKU_CC_500,C00117,,1.5,1.5,1600,fulfilled,2025-06-10,2025-06-10
O003327,2025-06-08,D2C,R_N,SKU_CC_500,C00159,,2.0,2.0,1600,fulfilled,2025-06-10,2025-06-10
O003332,2025-06-08,D2C,R_N,SKU_CC_500,C00094,,2.0,2.0,1600,fulfilled,2025-06-10,2025-06-10
O003334,2025-06-08,D2C,R_N,SKU_CC_500,C00516,,1.0,1.0,1600,fulfilled,2025-06-10,2025-06-10
O003338,2025-06-08,D2C,R_N,SKU_CC_500,C00480,,0.5,0.5,1600,fulfilled,2025-06-10,2025-06-10
O003346,2025-06-08,D2C,R_N,SKU_CC_500,C00150,,2.0,2.0,1600,fulfilled,2025-06-10,2025-06-10
O003348,2025-06-08,D2C,R_S,SKU_CC_500,C00372,,0.5,0.5,1600,fulfilled,2025-06-10,2025-06-10
O003353,2025-06-08,D2C,R_S,SKU_CC_500,C00982,,0.5,0.5,1600,fulfilled,2025-06-10,2025-06-10
O003362,2025-06-08,D2C,R_S,SKU_CC_500,C00296,,1.0,1.0,1600,fulfilled,2025-06-10,2025-06-10
O003363,2025-06-08,D2C,R_S,SKU_CC_500,C00641,,1.0,1.0,1600,fulfilled,2025-06-10,2025-06-10
O003367,2025-06-08,D2C,R_S,SKU_CC_500,C00349,,1.0,1.0,1600,fulfilled,2025-06-10,2025-06-10
O003372,2025-06-08,D2C,R_S,SKU_CC_500,C00076,,1.0,1.0,1600,fulfilled,2025-06-10,2025-06-10
O003377,2025-06-09,D2C,R_N,SKU_CC_500,C00798,,1.5,1.5,1600,fulfilled,2025-06-11,2025-06-11
O003382,2025-06-09,D2C,R_N,SKU_CC_500,C00483,,2.0,2.0,1600,fulfilled,2025-06-11,2025-06-11
O003386,2025-06-09,D2C,R_N,SKU_CC_500,C00185,,1.5,1.5,1600,fulfilled,2025-06-11,2025-06-11
O003390,2025-06-09,D2C,R_N,SKU_CC_500,C00070,,1.5,1.5,1600,fulfilled,2025-06-11,2025-06-11
O003399,2025-06-09,D2C,R_N,SKU_CC_500,C00080,,1.5,1.5,1600,fulfilled,2025-06-11,2025-06-11
O003413,2025-06-09,D2C,R_N,SKU_CC_500,C00666,,0.5,0.5,1600,fulfilled,2025-06-11,2025-06-11
O003418,2025-06-09,D2C,R_N,SKU_CC_500,C00214,,1.0,1.0,1600,fulfilled,2025-06-11,2025-06-11
O003420,2025-06-09,D2C,R_S,SKU_CC_500,C00405,,2.0,2.0,1600,fulfilled,2025-06-11,2025-06-11
O003432,2025-06-09,D2C,R_S,SKU_CC_500,C00180,,2.0,2.0,1600,fulfilled,2025-06-11,2025-06-11
O003438,2025-06-09,D2C,R_S,SKU_CC_500,C00087,,1.5,1.5,1600,fulfilled,2025-06-11,2025-06-11
O006269,2025-06-09,B2B,R_N,SKU_CC_500,,ACC_DIST,99.3,99.3,1250,fulfilled,2025-06-12,2025-06-12
O006370,2025-06-09,B2B,R_S,SKU_CC_500,,ACC_REST,20.2,20.2,1400,fulfilled,2025-06-12,2025-06-12
O003375,2025-06-10,D2C,R_N,SKU_CC_500,C00493,,1.0,1.0,1600,fulfilled,2025-06-12,2025-06-12
O003378,2025-06-10,D2C,R_N,SKU_CC_500,C00122,,1.0,1.0,1600,fulfilled,2025-06-12,2025-06-12
O003379,2025-06-10,D2C,R_N,SKU_CC_500,C00275,,1.5,1.5,1600,fulfilled,2025-06-12,2025-06-12
O003392,2025-06-10,D2C,R_N,SKU_CC_500,C00758,,1.5,1.5,1600,fulfilled,2025-06-12,2025-06-12
O003400,2025-06-10,D2C,R_N,SKU_CC_500,C00237,,0.5,0.5,1600,fulfilled,2025-06-12,2025-06-12
O003406,2025-06-10,D2C,R_N,SKU_CC_500,C00530,,1.5,1.5,1600,fulfilled,2025-06-12,2025-06-12
O003409,2025-06-10,D2C,R_N,SKU_CC_500,C00330,,2.0,2.0,1600,fulfilled,2025-06-12,2025-06-12
O003410,2025-06-10,D2C,R_N,SKU_CC_500,C00444,,1.5,1.5,1600,fulfilled,2025-06-12,2025-06-12
O003427,2025-06-10,D2C,R_S,SKU_CC_500,C00789,,1.0,1.0,1600,fulfilled,2025-06-12,2025-06-12
O003428,2025-06-10,D2C,R_S,SKU_CC_500,C00012,,1.5,1.5,1600,fulfilled,2025-06-12,2025-06-12
O003437,2025-06-10,D2C,R_S,SKU_CC_500,C00736,,0.5,0.5,1600,fulfilled,2025-06-12,2025-06-12
O003440,2025-06-10,D2C,R_S,SKU_CC_500,C00642,,1.0,1.0,1600,fulfilled,2025-06-12,2025-06-12
O003443,2025-06-10,D2C,R_S,SKU_CC_500,C00725,,1.5,1.5,1600,fulfilled,2025-06-12,2025-06-12
O003444,2025-06-10,D2C,R_S,SKU_CC_500,C00035,,1.0,1.0,1600,fulfilled,2025-06-12,2025-06-12
O003374,2025-06-11,D2C,R_N,SKU_CC_500,C00594,,1.5,1.5,1600,fulfilled,2025-06-13,2025-06-13
O003393,2025-06-11,D2C,R_N,SKU_CC_500,C00358,,1.0,1.0,1600,fulfilled,2025-06-13,2025-06-13
O003397,2025-06-11,D2C,R_N,SKU_CC_500,C00780,,1.0,1.0,1600,fulfilled,2025-06-13,2025-06-13
O003398,2025-06-11,D2C,R_N,SKU_CC_500,C00952,,2.0,2.0,1600,fulfilled,2025-06-13,2025-06-13
O003422,2025-06-11,D2C,R_S,SKU_CC_500,C00776,,1.0,1.0,1600,fulfilled,2025-06-13,2025-06-13
O003423,2025-06-11,D2C,R_S,SKU_CC_500,C00917,,2.0,2.0,1600,fulfilled,2025-06-13,2025-06-13
O003426,2025-06-11,D2C,R_S,SKU_CC_500,C00454,,1.0,1.0,1600,fulfilled,2025-06-13,2025-06-13
O003430,2025-06-11,D2C,R_S,SKU_CC_500,C00590,,2.0,2.0,1600,fulfilled,2025-06-13,2025-06-13
O003384,2025-06-12,D2C,R_N,SKU_CC_500,C00329,,0.5,0.5,1600,fulfilled,2025-06-14,2025-06-14
O003387,2025-06-12,D2C,R_N,SKU_CC_500,C00416,,1.5,1.5,1600,fulfilled,2025-06-14,2025-06-14
O003407,2025-06-12,D2C,R_N,SKU_CC_500,C00135,,1.0,1.0,1600,fulfilled,2025-06-14,2025-06-14
O003415,2025-06-12,D2C,R_N,SKU_CC_500,C00629,,2.0,2.0,1600,fulfilled,2025-06-14,2025-06-14
O003429,2025-06-12,D2C,R_S,SKU_CC_500,C00960,,1.5,1.5,1600,fulfilled,2025-06-14,2025-06-14
O003431,2025-06-12,D2C,R_S,SKU_CC_500,C00790,,1.0,1.0,1600,fulfilled,2025-06-14,2025-06-14
O003435,2025-06-12,D2C,R_S,SKU_CC_500,C00906,,1.5,1.5,1600,fulfilled,2025-06-14,2025-06-14
O003436,2025-06-12,D2C,R_S,SKU_CC_500,C00347,,1.0,1.0,1600,fulfilled,2025-06-14,2025-06-14
O003439,2025-06-12,D2C,R_S,SKU_CC_500,C00593,,1.5,1.5,1600,fulfilled,2025-06-14,2025-06-14
O003441,2025-06-12,D2C,R_S,SKU_CC_500,C00787,,2.0,2.0,1600,fulfilled,2025-06-14,2025-06-14
O003442,2025-06-12,D2C,R_S,SKU_CC_500,C00141,,1.5,1.5,1600,fulfilled,2025-06-14,2025-06-14
O003396,2025-06-13,D2C,R_N,SKU_CC_500,C00968,,2.0,2.0,1600,fulfilled,2025-06-15,2025-06-15
O003401,2025-06-13,D2C,R_N,SKU_CC_500,C00434,,1.5,1.5,1600,fulfilled,2025-06-15,2025-06-15
O003403,2025-06-13,D2C,R_N,SKU_CC_500,C00754,,1.5,1.5,1600,fulfilled,2025-06-15,2025-06-15
O003404,2025-06-13,D2C,R_N,SKU_CC_500,C00968,,0.5,0.5,1600,fulfilled,2025-06-15,2025-06-15
O003408,2025-06-13,D2C,R_N,SKU_CC_500,C00937,,2.0,2.0,1600,fulfilled,2025-06-15,2025-06-15
O003414,2025-06-13,D2C,R_N,SKU_CC_500,C00381,,0.5,0.5,1600,fulfilled,2025-06-15,2025-06-15
O003417,2025-06-13,D2C,R_N,SKU_CC_500,C00228,,1.5,1.5,1600,fulfilled,2025-06-15,2025-06-15
O003424,2025-06-13,D2C,R_S,SKU_CC_500,C00882,,2.0,2.0,1600,fulfilled,2025-06-15,2025-06-15
O003425,2025-06-13,D2C,R_S,SKU_CC_500,C00335,,1.0,1.0,1600,fulfilled,2025-06-15,2025-06-15
O003376,2025-06-14,D2C,R_N,SKU_CC_500,C00602,,1.5,1.5,1600,fulfilled,2025-06-16,2025-06-16
O003383,2025-06-14,D2C,R_N,SKU_CC_500,C00898,,1.5,1.5,1600,fulfilled,2025-06-16,2025-06-16
O003394,2025-06-14,D2C,R_N,SKU_CC_500,C00211,,2.0,2.0,1600,fulfilled,2025-06-16,2025-06-16
O003395,2025-06-14,D2C,R_N,SKU_CC_500,C00948,,1.5,1.5,1600,fulfilled,2025-06-16,2025-06-16
O003411,2025-06-14,D2C,R_N,SKU_CC_500,C00883,,2.0,2.0,1600,fulfilled,2025-06-16,2025-06-16
O003412,2025-06-14,D2C,R_N,SKU_CC_500,C00445,,1.5,1.5,1600,fulfilled,2025-06-16,2025-06-16
O003419,2025-06-14,D2C,R_N,SKU_CC_500,C00760,,2.0,2.0,1600,fulfilled,2025-06-16,2025-06-16
O003421,2025-06-14,D2C,R_S,SKU_CC_500,C00113,,1.0,1.0,1600,fulfilled,2025-06-16,2025-06-16
O003380,2025-06-15,D2C,R_N,SKU_CC_500,C00786,,1.5,1.5,1600,fulfilled,2025-06-17,2025-06-17
O003381,2025-06-15,D2C,R_N,SKU_CC_500,C00434,,1.0,1.0,1600,fulfilled,2025-06-17,2025-06-17
O003385,2025-06-15,D2C,R_N,SKU_CC_500,C00110,,1.5,1.5,1600,fulfilled,2025-06-17,2025-06-17
O003388,2025-06-15,D2C,R_N,SKU_CC_500,C00745,,2.0,2.0,1600,fulfilled,2025-06-17,2025-06-17
O003389,2025-06-15,D2C,R_N,SKU_CC_500,C00343,,1.5,1.5,1600,fulfilled,2025-06-17,2025-06-17
O003391,2025-06-15,D2C,R_N,SKU_CC_500,C00059,,2.0,2.0,1600,fulfilled,2025-06-17,2025-06-17
O003402,2025-06-15,D2C,R_N,SKU_CC_500,C00317,,1.0,1.0,1600,fulfilled,2025-06-17,2025-06-17
O003405,2025-06-15,D2C,R_N,SKU_CC_500,C00675,,1.5,1.5,1600,fulfilled,2025-06-17,2025-06-17
O003416,2025-06-15,D2C,R_N,SKU_CC_500,C00214,,0.5,0.5,1600,fulfilled,2025-06-17,2025-06-17
O003433,2025-06-15,D2C,R_S,SKU_CC_500,C00321,,0.5,0.5,1600,fulfilled,2025-06-17,2025-06-17
O003434,2025-06-15,D2C,R_S,SKU_CC_500,C00684,,1.0,1.0,1600,fulfilled,2025-06-17,2025-06-17
O003445,2025-06-15,D2C,R_S,SKU_CC_500,C00763,,1.5,1.5,1600,fulfilled,2025-06-17,2025-06-17
O003447,2025-06-16,D2C,R_N,SKU_CC_500,C00715,,1.0,1.0,1600,fulfilled,2025-06-18,2025-06-18
O003453,2025-06-16,D2C,R_N,SKU_CC_500,C00720,,2.0,2.0,1600,fulfilled,2025-06-18,2025-06-18
O003454,2025-06-16,D2C,R_N,SKU_CC_500,C00117,,2.0,2.0,1600,fulfilled,2025-06-18,2025-06-18
O003461,2025-06-16,D2C,R_N,SKU_CC_500,C00494,,0.5,0.5,1600,fulfilled,2025-06-18,2025-06-18
O003463,2025-06-16,D2C,R_N,SKU_CC_500,C00481,,2.0,2.0,1600,fulfilled,2025-06-18,2025-06-18
O003474,2025-06-16,D2C,R_N,SKU_CC_500,C00941,,1.0,1.0,1600,fulfilled,2025-06-18,2025-06-18
O003485,2025-06-16,D2C,R_N,SKU_CC_500,C00118,,1.5,1.5,1600,fulfilled,2025-06-18,2025-06-18
O003493,2025-06-16,D2C,R_S,SKU_CC_500,C00388,,1.5,1.5,1600,fulfilled,2025-06-18,2025-06-18
O003496,2025-06-16,D2C,R_S,SKU_CC_500,C00956,,2.0,2.0,1600,fulfilled,2025-06-18,2025-06-18
O003497,2025-06-16,D2C,R_S,SKU_CC_500,C00285,,1.0,1.0,1600,fulfilled,2025-06-18,2025-06-18
O003498,2025-06-16,D2C,R_S,SKU_CC_500,C00521,,2.0,2.0,1600,fulfilled,2025-06-18,2025-06-18
O003516,2025-06-16,D2C,R_S,SKU_CC_500,C00178,,2.0,2.0,1600,fulfilled,2025-06-18,2025-06-18
O006270,2025-06-16,B2B,R_N,SKU_CC_500,,ACC_DIST,104.3,104.3,1250,fulfilled,2025-06-19,2025-06-19
O006371,2025-06-16,B2B,R_S,SKU_CC_500,,ACC_REST,17.5,17.5,1400,fulfilled,2025-06-19,2025-06-19
O003450,2025-06-17,D2C,R_N,SKU_CC_500,C00002,,2.0,2.0,1600,fulfilled,2025-06-19,2025-06-19
O003458,2025-06-17,D2C,R_N,SKU_CC_500,C00818,,1.5,1.5,1600,fulfilled,2025-06-19,2025-06-19
O003466,2025-06-17,D2C,R_N,SKU_CC_500,C00306,,1.5,1.5,1600,fulfilled,2025-06-19,2025-06-19
O003469,2025-06-17,D2C,R_N,SKU_CC_500,C00486,,2.0,2.0,1600,fulfilled,2025-06-19,2025-06-19
O003473,2025-06-17,D2C,R_N,SKU_CC_500,C00329,,1.5,1.5,1600,fulfilled,2025-06-19,2025-06-19
O003478,2025-06-17,D2C,R_N,SKU_CC_500,C00966,,1.0,1.0,1600,fulfilled,2025-06-19,2025-06-19
O003479,2025-06-17,D2C,R_N,SKU_CC_500,C00923,,1.0,1.0,1600,fulfilled,2025-06-19,2025-06-19
O003490,2025-06-17,D2C,R_N,SKU_CC_500,C00316,,0.5,0.5,1600,fulfilled,2025-06-19,2025-06-19
O003492,2025-06-17,D2C,R_S,SKU_CC_500,C00723,,0.5,0.5,1600,fulfilled,2025-06-19,2025-06-19
O003494,2025-06-17,D2C,R_S,SKU_CC_500,C00404,,0.5,0.5,1600,fulfilled,2025-06-19,2025-06-19
O003502,2025-06-17,D2C,R_S,SKU_CC_500,C00258,,1.0,1.0,1600,fulfilled,2025-06-19,2025-06-19
O003505,2025-06-17,D2C,R_S,SKU_CC_500,C00919,,1.0,1.0,1600,fulfilled,2025-06-19,2025-06-19
O003511,2025-06-17,D2C,R_S,SKU_CC_500,C00761,,0.5,0.5,1600,fulfilled,2025-06-19,2025-06-19
O003515,2025-06-17,D2C,R_S,SKU_CC_500,C00089,,2.0,2.0,1600,fulfilled,2025-06-19,2025-06-19
O003451,2025-06-18,D2C,R_N,SKU_CC_500,C00411,,2.0,2.0,1600,fulfilled,2025-06-20,2025-06-20
O003452,2025-06-18,D2C,R_N,SKU_CC_500,C00485,,1.5,1.5,1600,fulfilled,2025-06-20,2025-06-20
O003455,2025-06-18,D2C,R_N,SKU_CC_500,C01033,,2.0,2.0,1600,fulfilled,2025-06-20,2025-06-20
O003459,2025-06-18,D2C,R_N,SKU_CC_500,C00445,,1.0,1.0,1600,fulfilled,2025-06-20,2025-06-20
O003460,2025-06-18,D2C,R_N,SKU_CC_500,C00186,,1.5,1.5,1600,fulfilled,2025-06-20,2025-06-20
O003483,2025-06-18,D2C,R_N,SKU_CC_500,C00647,,1.5,1.5,1600,fulfilled,2025-06-20,2025-06-20
O003484,2025-06-18,D2C,R_N,SKU_CC_500,C00249,,1.0,1.0,1600,fulfilled,2025-06-20,2025-06-20
O003486,2025-06-18,D2C,R_N,SKU_CC_500,C00757,,0.5,0.5,1600,fulfilled,2025-06-20,2025-06-20
O003488,2025-06-18,D2C,R_N,SKU_CC_500,C00820,,0.5,0.5,1600,fulfilled,2025-06-20,2025-06-20
O003499,2025-06-18,D2C,R_S,SKU_CC_500,C00271,,0.5,0.5,1600,fulfilled,2025-06-20,2025-06-20
O003500,2025-06-18,D2C,R_S,SKU_CC_500,C00456,,1.0,1.0,1600,fulfilled,2025-06-20,2025-06-20
O003504,2025-06-18,D2C,R_S,SKU_CC_500,C01048,,0.5,0.5,1600,fulfilled,2025-06-20,2025-06-20
O003506,2025-06-18,D2C,R_S,SKU_CC_500,C00764,,1.5,1.5,1600,fulfilled,2025-06-20,2025-06-20
O003508,2025-06-18,D2C,R_S,SKU_CC_500,C00713,,2.0,2.0,1600,fulfilled,2025-06-20,2025-06-20
O003448,2025-06-19,D2C,R_N,SKU_CC_500,C00479,,0.5,0.5,1600,fulfilled,2025-06-21,2025-06-21
O003456,2025-06-19,D2C,R_N,SKU_CC_500,C00862,,1.0,1.0,1600,fulfilled,2025-06-21,2025-06-21
O003457,2025-06-19,D2C,R_N,SKU_CC_500,C00648,,1.0,1.0,1600,fulfilled,2025-06-21,2025-06-21
O003462,2025-06-19,D2C,R_N,SKU_CC_500,C00492,,1.5,1.5,1600,fulfilled,2025-06-21,2025-06-21
O003464,2025-06-19,D2C,R_N,SKU_CC_500,C00412,,1.5,1.5,1600,fulfilled,2025-06-21,2025-06-21
O003465,2025-06-19,D2C,R_N,SKU_CC_500,C00940,,0.5,0.5,1600,fulfilled,2025-06-21,2025-06-21
O003472,2025-06-19,D2C,R_N,SKU_CC_500,C00975,,2.0,2.0,1600,fulfilled,2025-06-21,2025-06-21
O003489,2025-06-19,D2C,R_N,SKU_CC_500,C00400,,0.5,0.5,1600,fulfilled,2025-06-21,2025-06-21
O003495,2025-06-19,D2C,R_S,SKU_CC_500,C00270,,1.0,1.0,1600,fulfilled,2025-06-21,2025-06-21
O003507,2025-06-19,D2C,R_S,SKU_CC_500,C00865,,0.5,0.5,1600,fulfilled,2025-06-21,2025-06-21
O003449,2025-06-20,D2C,R_N,SKU_CC_500,C00443,,2.0,2.0,1600,fulfilled,2025-06-22,2025-06-22
O003468,2025-06-20,D2C,R_N,SKU_CC_500,C00136,,1.5,1.5,1600,fulfilled,2025-06-22,2025-06-22
O003470,2025-06-20,D2C,R_N,SKU_CC_500,C01000,,2.0,2.0,1600,fulfilled,2025-06-22,2025-06-22
O003476,2025-06-20,D2C,R_N,SKU_CC_500,C00797,,0.5,0.5,1600,fulfilled,2025-06-22,2025-06-22
O003491,2025-06-20,D2C,R_N,SKU_CC_500,C00469,,0.5,0.5,1600,fulfilled,2025-06-22,2025-06-22
O003512,2025-06-20,D2C,R_S,SKU_CC_500,C00959,,1.5,1.5,1600,fulfilled,2025-06-22,2025-06-22
O003514,2025-06-20,D2C,R_S,SKU_CC_500,C00624,,2.0,2.0,1600,fulfilled,2025-06-22,2025-06-22
O003517,2025-06-20,D2C,R_S,SKU_CC_500,C00034,,1.5,1.5,1600,fulfilled,2025-06-22,2025-06-22
O003446,2025-06-21,D2C,R_N,SKU_CC_500,C00875,,1.0,1.0,1600,fulfilled,2025-06-23,2025-06-23
O003471,2025-06-21,D2C,R_N,SKU_CC_500,C00353,,0.5,0.5,1600,fulfilled,2025-06-23,2025-06-23
O003475,2025-06-21,D2C,R_N,SKU_CC_500,C00278,,1.5,1.5,1600,fulfilled,2025-06-23,2025-06-23
O003477,2025-06-21,D2C,R_N,SKU_CC_500,C00107,,0.5,0.5,1600,fulfilled,2025-06-23,2025-06-23
O003481,2025-06-21,D2C,R_N,SKU_CC_500,C00786,,1.0,1.0,1600,fulfilled,2025-06-23,2025-06-23
O003482,2025-06-21,D2C,R_N,SKU_CC_500,C00510,,1.5,1.5,1600,fulfilled,2025-06-23,2025-06-23
O003501,2025-06-21,D2C,R_S,SKU_CC_500,C00590,,1.0,1.0,1600,fulfilled,2025-06-23,2025-06-23
O003503,2025-06-21,D2C,R_S,SKU_CC_500,C00722,,1.5,1.5,1600,fulfilled,2025-06-23,2025-06-23
O003513,2025-06-21,D2C,R_S,SKU_CC_500,C00944,,2.0,2.0,1600,fulfilled,2025-06-23,2025-06-23
O003467,2025-06-22,D2C,R_N,SKU_CC_500,C00870,,2.0,2.0,1600,fulfilled,2025-06-24,2025-06-24
O003480,2025-06-22,D2C,R_N,SKU_CC_500,C00877,,1.5,1.5,1600,fulfilled,2025-06-24,2025-06-24
O003487,2025-06-22,D2C,R_N,SKU_CC_500,C00988,,0.5,0.5,1600,fulfilled,2025-06-24,2025-06-24
O003509,2025-06-22,D2C,R_S,SKU_CC_500,C00140,,0.5,0.5,1600,fulfilled,2025-06-24,2025-06-24
O003510,2025-06-22,D2C,R_S,SKU_CC_500,C00334,,1.0,1.0,1600,fulfilled,2025-06-24,2025-06-24
O003521,2025-06-23,D2C,R_N,SKU_CC_500,C00527,,2.0,2.0,1600,fulfilled,2025-06-25,2025-06-25
O003522,2025-06-23,D2C,R_N,SKU_CC_500,C00898,,1.0,1.0,1600,fulfilled,2025-06-25,2025-06-25
O003531,2025-06-23,D2C,R_N,SKU_CC_500,C00668,,1.5,1.5,1600,fulfilled,2025-06-25,2025-06-25
O003533,2025-06-23,D2C,R_N,SKU_CC_500,C00418,,0.5,0.5,1600,fulfilled,2025-06-25,2025-06-25
O003543,2025-06-23,D2C,R_N,SKU_CC_500,C00638,,1.5,1.5,1600,fulfilled,2025-06-25,2025-06-25
O003548,2025-06-23,D2C,R_N,SKU_CC_500,C00903,,1.0,1.0,1600,fulfilled,2025-06-25,2025-06-25
O003553,2025-06-23,D2C,R_N,SKU_CC_500,C00084,,1.5,1.5,1600,fulfilled,2025-06-25,2025-06-25
O003556,2025-06-23,D2C,R_N,SKU_CC_500,C00383,,1.5,1.5,1600,fulfilled,2025-06-25,2025-06-25
O003558,2025-06-23,D2C,R_N,SKU_CC_500,C00730,,0.5,0.5,1600,fulfilled,2025-06-25,2025-06-25
O003560,2025-06-23,D2C,R_N,SKU_CC_500,C00990,,2.0,2.0,1600,fulfilled,2025-06-25,2025-06-25
O003567,2025-06-23,D2C,R_S,SKU_CC_500,C00736,,0.5,0.5,1600,fulfilled,2025-06-25,2025-06-25
O003570,2025-06-23,D2C,R_S,SKU_CC_500,C00090,,1.5,1.5,1600,fulfilled,2025-06-25,2025-06-25
O003580,2025-06-23,D2C,R_S,SKU_CC_500,C00906,,2.0,2.0,1600,fulfilled,2025-06-25,2025-06-25
O003583,2025-06-23,D2C,R_S,SKU_CC_500,C00559,,2.0,2.0,1600,fulfilled,2025-06-25,2025-06-25
O006271,2025-06-23,B2B,R_N,SKU_CC_500,,ACC_DIST,93.7,93.7,1250,fulfilled,2025-06-26,2025-06-26
O006372,2025-06-23,B2B,R_S,SKU_CC_500,,ACC_REST,17.1,17.1,1400,fulfilled,2025-06-26,2025-06-26
O003519,2025-06-24,D2C,R_N,SKU_CC_500,C00509,,2.0,2.0,1600,fulfilled,2025-06-26,2025-06-26
O003524,2025-06-24,D2C,R_N,SKU_CC_500,C00622,,1.5,1.5,1600,fulfilled,2025-06-26,2025-06-26
O003535,2025-06-24,D2C,R_N,SKU_CC_500,C00032,,1.0,1.0,1600,fulfilled,2025-06-26,2025-06-26
O003538,2025-06-24,D2C,R_N,SKU_CC_500,C00733,,1.0,1.0,1600,fulfilled,2025-06-26,2025-06-26
O003540,2025-06-24,D2C,R_N,SKU_CC_500,C00452,,2.0,2.0,1600,fulfilled,2025-06-26,2025-06-26
O003541,2025-06-24,D2C,R_N,SKU_CC_500,C00463,,0.5,0.5,1600,fulfilled,2025-06-26,2025-06-26
O003542,2025-06-24,D2C,R_N,SKU_CC_500,C00496,,1.0,1.0,1600,fulfilled,2025-06-26,2025-06-26
O003547,2025-06-24,D2C,R_N,SKU_CC_500,C00080,,2.0,2.0,1600,fulfilled,2025-06-26,2025-06-26
O003549,2025-06-24,D2C,R_N,SKU_CC_500,C00860,,1.0,1.0,1600,fulfilled,2025-06-26,2025-06-26
O003551,2025-06-24,D2C,R_N,SKU_CC_500,C00176,,1.0,1.0,1600,fulfilled,2025-06-26,2025-06-26
O003574,2025-06-24,D2C,R_S,SKU_CC_500,C00419,,1.0,1.0,1600,fulfilled,2025-06-26,2025-06-26
O003584,2025-06-24,D2C,R_S,SKU_CC_500,C00075,,0.5,0.5,1600,fulfilled,2025-06-26,2025-06-26
O003588,2025-06-24,D2C,R_S,SKU_CC_500,C00610,,0.5,0.5,1600,fulfilled,2025-06-26,2025-06-26
O003520,2025-06-25,D2C,R_N,SKU_CC_500,C00262,,1.5,1.5,1600,fulfilled,2025-06-27,2025-06-27
O003525,2025-06-25,D2C,R_N,SKU_CC_500,C00002,,0.5,0.5,1600,fulfilled,2025-06-27,2025-06-27
O003536,2025-06-25,D2C,R_N,SKU_CC_500,C00974,,1.0,1.0,1600,fulfilled,2025-06-27,2025-06-27
O003539,2025-06-25,D2C,R_N,SKU_CC_500,C00171,,0.5,0.5,1600,fulfilled,2025-06-27,2025-06-27
O003573,2025-06-25,D2C,R_S,SKU_CC_500,C00336,,1.0,1.0,1600,fulfilled,2025-06-27,2025-06-27
O003526,2025-06-26,D2C,R_N,SKU_CC_500,C00247,,2.0,2.0,1600,fulfilled,2025-06-28,2025-06-28
O003528,2025-06-26,D2C,R_N,SKU_CC_500,C00782,,1.5,1.5,1600,fulfilled,2025-06-28,2025-06-28
O003534,2025-06-26,D2C,R_N,SKU_CC_500,C00041,,2.0,2.0,1600,fulfilled,2025-06-28,2025-06-28
O003537,2025-06-26,D2C,R_N,SKU_CC_500,C01031,,1.5,1.5,1600,fulfilled,2025-06-28,2025-06-28
O003544,2025-06-26,D2C,R_N,SKU_CC_500,C00648,,0.5,0.5,1600,fulfilled,2025-06-28,2025-06-28
O003561,2025-06-26,D2C,R_N,SKU_CC_500,C00914,,1.5,1.5,1600,fulfilled,2025-06-28,2025-06-28
O003562,2025-06-26,D2C,R_N,SKU_CC_500,C00601,,0.5,0.5,1600,fulfilled,2025-06-28,2025-06-28
O003564,2025-06-26,D2C,R_S,SKU_CC_500,C00320,,0.5,0.5,1600,fulfilled,2025-06-28,2025-06-28
O003569,2025-06-26,D2C,R_S,SKU_CC_500,C00190,,1.0,1.0,1600,fulfilled,2025-06-28,2025-06-28
O003572,2025-06-26,D2C,R_S,SKU_CC_500,C01012,,2.0,2.0,1600,fulfilled,2025-06-28,2025-06-28
O003576,2025-06-26,D2C,R_S,SKU_CC_500,C00508,,1.0,1.0,1600,fulfilled,2025-06-28,2025-06-28
O003546,2025-06-27,D2C,R_N,SKU_CC_500,C00215,,1.0,1.0,1600,fulfilled,2025-06-29,2025-06-29
O003550,2025-06-27,D2C,R_N,SKU_CC_500,C00758,,1.5,1.5,1600,fulfilled,2025-06-29,2025-06-29
O003565,2025-06-27,D2C,R_S,SKU_CC_500,C00419,,1.5,1.5,1600,fulfilled,2025-06-29,2025-06-29
O003566,2025-06-27,D2C,R_S,SKU_CC_500,C01021,,1.5,1.5,1600,fulfilled,2025-06-29,2025-06-29
O003575,2025-06-27,D2C,R_S,SKU_CC_500,C00075,,1.0,1.0,1600,fulfilled,2025-06-29,2025-06-29
O003578,2025-06-27,D2C,R_S,SKU_CC_500,C01060,,1.5,1.5,1600,fulfilled,2025-06-29,2025-06-29
O003579,2025-06-27,D2C,R_S,SKU_CC_500,C00907,,1.5,1.5,1600,fulfilled,2025-06-29,2025-06-29
O003582,2025-06-27,D2C,R_S,SKU_CC_500,C00376,,1.0,1.0,1600,fulfilled,2025-06-29,2025-06-29
O003523,2025-06-28,D2C,R_N,SKU_CC_500,C00418,,1.0,1.0,1600,fulfilled,2025-06-30,2025-06-30
O003529,2025-06-28,D2C,R_N,SKU_CC_500,C00163,,1.5,1.5,1600,fulfilled,2025-06-30,2025-06-30
O003530,2025-06-28,D2C,R_N,SKU_CC_500,C00553,,0.5,0.5,1600,fulfilled,2025-06-30,2025-06-30
O003545,2025-06-28,D2C,R_N,SKU_CC_500,C00253,,1.5,1.5,1600,fulfilled,2025-06-30,2025-06-30
O003555,2025-06-28,D2C,R_N,SKU_CC_500,C00871,,1.0,1.0,1600,fulfilled,2025-06-30,2025-06-30
O003571,2025-06-28,D2C,R_S,SKU_CC_500,C00659,,2.0,2.0,1600,fulfilled,2025-06-30,2025-06-30
O003577,2025-06-28,D2C,R_S,SKU_CC_500,C00127,,0.5,0.5,1600,fulfilled,2025-06-30,2025-06-30
O003585,2025-06-28,D2C,R_S,SKU_CC_500,C00204,,1.0,1.0,1600,fulfilled,2025-06-30,2025-06-30
O003586,2025-06-28,D2C,R_S,SKU_CC_500,C00592,,1.5,1.5,1600,fulfilled,2025-06-30,2025-06-30
O003589,2025-06-28,D2C,R_S,SKU_CC_500,C00591,,1.5,1.5,1600,fulfilled,2025-06-30,2025-06-30
O003518,2025-06-29,D2C,R_N,SKU_CC_500,C00517,,1.5,1.5,1600,fulfilled,2025-07-01,2025-07-01
O003527,2025-06-29,D2C,R_N,SKU_CC_500,C00645,,1.5,1.5,1600,fulfilled,2025-07-01,2025-07-01
O003532,2025-06-29,D2C,R_N,SKU_CC_500,C00719,,0.5,0.5,1600,fulfilled,2025-07-01,2025-07-01
O003552,2025-06-29,D2C,R_N,SKU_CC_500,C00888,,1.5,1.5,1600,fulfilled,2025-07-01,2025-07-01
O003554,2025-06-29,D2C,R_N,SKU_CC_500,C00276,,2.0,2.0,1600,fulfilled,2025-07-01,2025-07-01
O003557,2025-06-29,D2C,R_N,SKU_CC_500,C00147,,2.0,2.0,1600,fulfilled,2025-07-01,2025-07-01
O003559,2025-06-29,D2C,R_N,SKU_CC_500,C00210,,0.5,0.5,1600,fulfilled,2025-07-01,2025-07-01
O003563,2025-06-29,D2C,R_N,SKU_CC_500,C00345,,1.5,1.5,1600,fulfilled,2025-07-01,2025-07-01
O003568,2025-06-29,D2C,R_S,SKU_CC_500,C00574,,0.5,0.5,1600,fulfilled,2025-07-01,2025-07-01
O003581,2025-06-29,D2C,R_S,SKU_CC_500,C01049,,1.5,1.5,1600,fulfilled,2025-07-01,2025-07-01
O003587,2025-06-29,D2C,R_S,SKU_CC_500,C00064,,1.5,1.5,1600,fulfilled,2025-07-01,2025-07-01
O003596,2025-06-30,D2C,R_N,SKU_CC_500,C00093,,1.5,1.5,1600,fulfilled,2025-07-02,2025-07-02
O003603,2025-06-30,D2C,R_N,SKU_CC_500,C00951,,0.5,0.5,1600,fulfilled,2025-07-02,2025-07-02
O003605,2025-06-30,D2C,R_N,SKU_CC_500,C00413,,1.5,1.5,1600,fulfilled,2025-07-02,2025-07-02
O003609,2025-06-30,D2C,R_N,SKU_CC_500,C00432,,0.5,0.5,1600,fulfilled,2025-07-02,2025-07-02
O003615,2025-06-30,D2C,R_N,SKU_CC_500,C00381,,1.0,1.0,1600,fulfilled,2025-07-02,2025-07-02
O003619,2025-06-30,D2C,R_N,SKU_CC_500,C00940,,1.0,1.0,1600,fulfilled,2025-07-02,2025-07-02
O003621,2025-06-30,D2C,R_N,SKU_CC_500,C00583,,1.0,1.0,1600,fulfilled,2025-07-02,2025-07-02
O003622,2025-06-30,D2C,R_N,SKU_CC_500,C00290,,1.0,1.0,1600,fulfilled,2025-07-02,2025-07-02
O003624,2025-06-30,D2C,R_N,SKU_CC_500,C00796,,1.5,1.5,1600,fulfilled,2025-07-02,2025-07-02
O003629,2025-06-30,D2C,R_N,SKU_CC_500,C00991,,2.0,2.0,1600,fulfilled,2025-07-02,2025-07-02
O003654,2025-06-30,D2C,R_S,SKU_CC_500,C00419,,0.5,0.5,1600,fulfilled,2025-07-02,2025-07-02
O003657,2025-06-30,D2C,R_S,SKU_CC_500,C01086,,1.0,1.0,1600,fulfilled,2025-07-02,2025-07-02
O006272,2025-06-30,B2B,R_N,SKU_CC_500,,ACC_DIST,78.3,78.3,1250,fulfilled,2025-07-03,2025-07-03
O006373,2025-06-30,B2B,R_S,SKU_CC_500,,ACC_REST,19.3,19.3,1400,fulfilled,2025-07-03,2025-07-03
O003600,2025-07-01,D2C,R_N,SKU_CC_500,C00442,,1.0,1.0,1600,fulfilled,2025-07-03,2025-07-03
O003604,2025-07-01,D2C,R_N,SKU_CC_500,C01045,,1.5,1.5,1600,fulfilled,2025-07-03,2025-07-03
O003606,2025-07-01,D2C,R_N,SKU_CC_500,C00875,,0.5,0.5,1600,fulfilled,2025-07-03,2025-07-03
O003607,2025-07-01,D2C,R_N,SKU_CC_500,C00407,,1.5,1.5,1600,fulfilled,2025-07-03,2025-07-03
O003612,2025-07-01,D2C,R_N,SKU_CC_500,C00615,,0.5,0.5,1600,fulfilled,2025-07-03,2025-07-03
O003623,2025-07-01,D2C,R_N,SKU_CC_500,C00066,,0.5,0.5,1600,fulfilled,2025-07-03,2025-07-03
O003637,2025-07-01,D2C,R_S,SKU_CC_500,C00917,,0.5,0.5,1600,fulfilled,2025-07-03,2025-07-03
O003650,2025-07-01,D2C,R_S,SKU_CC_500,C01022,,1.0,1.0,1600,fulfilled,2025-07-03,2025-07-03
O003651,2025-07-01,D2C,R_S,SKU_CC_500,C00995,,0.5,0.5,1600,fulfilled,2025-07-03,2025-07-03
O003658,2025-07-01,D2C,R_S,SKU_CC_500,C00945,,2.0,2.0,1600,fulfilled,2025-07-03,2025-07-03
O003661,2025-07-01,D2C,R_S,SKU_CC_500,C00623,,1.5,1.5,1600,fulfilled,2025-07-03,2025-07-03
O003599,2025-07-02,D2C,R_N,SKU_CC_500,C00495,,1.5,1.5,1600,fulfilled,2025-07-04,2025-07-04
O003616,2025-07-02,D2C,R_N,SKU_CC_500,C01043,,2.0,2.0,1600,fulfilled,2025-07-04,2025-07-04
O003618,2025-07-02,D2C,R_N,SKU_CC_500,C00013,,2.0,2.0,1600,fulfilled,2025-07-04,2025-07-04
O003655,2025-07-02,D2C,R_S,SKU_CC_500,C00471,,0.5,0.5,1600,fulfilled,2025-07-04,2025-07-04
O003660,2025-07-02,D2C,R_S,SKU_CC_500,C01008,,2.0,2.0,1600,fulfilled,2025-07-04,2025-07-04
O003595,2025-07-03,D2C,R_N,SKU_CC_500,C00652,,1.0,1.0,1600,fulfilled,2025-07-05,2025-07-05
O003597,2025-07-03,D2C,R_N,SKU_CC_500,C00479,,1.5,1.5,1600,fulfilled,2025-07-05,2025-07-05
O003610,2025-07-03,D2C,R_N,SKU_CC_500,C00213,,1.0,1.0,1600,fulfilled,2025-07-05,2025-07-05
O003613,2025-07-03,D2C,R_N,SKU_CC_500,C00942,,1.0,1.0,1600,fulfilled,2025-07-05,2025-07-05
O003627,2025-07-03,D2C,R_N,SKU_CC_500,C00979,,1.5,1.5,1600,fulfilled,2025-07-05,2025-07-05
O003633,2025-07-03,D2C,R_N,SKU_CC_500,C00459,,0.5,0.5,1600,fulfilled,2025-07-05,2025-07-05
O003638,2025-07-03,D2C,R_S,SKU_CC_500,C00891,,1.0,1.0,1600,fulfilled,2025-07-05,2025-07-05
O003645,2025-07-03,D2C,R_S,SKU_CC_500,C00141,,1.5,1.5,1600,fulfilled,2025-07-05,2025-07-05
O003646,2025-07-03,D2C,R_S,SKU_CC_500,C00375,,1.5,1.5,1600,fulfilled,2025-07-05,2025-07-05
O003653,2025-07-03,D2C,R_S,SKU_CC_500,C00023,,1.0,1.0,1600,fulfilled,2025-07-05,2025-07-05
O003592,2025-07-04,D2C,R_N,SKU_CC_500,C00393,,1.5,1.5,1600,fulfilled,2025-07-06,2025-07-06
O003594,2025-07-04,D2C,R_N,SKU_CC_500,C00886,,2.0,2.0,1600,fulfilled,2025-07-06,2025-07-06
O003598,2025-07-04,D2C,R_N,SKU_CC_500,C00435,,2.0,2.0,1600,fulfilled,2025-07-06,2025-07-06
O003602,2025-07-04,D2C,R_N,SKU_CC_500,C00304,,2.0,2.0,1600,fulfilled,2025-07-06,2025-07-06
O003614,2025-07-04,D2C,R_N,SKU_CC_500,C00070,,2.0,2.0,1600,fulfilled,2025-07-06,2025-07-06
O003617,2025-07-04,D2C,R_N,SKU_CC_500,C00979,,0.5,0.5,1600,fulfilled,2025-07-06,2025-07-06
O003626,2025-07-04,D2C,R_N,SKU_CC_500,C00434,,2.0,2.0,1600,fulfilled,2025-07-06,2025-07-06
O003632,2025-07-04,D2C,R_N,SKU_CC_500,C00646,,1.5,1.5,1600,fulfilled,2025-07-06,2025-07-06
O003647,2025-07-04,D2C,R_S,SKU_CC_500,C00423,,0.5,0.5,1600,fulfilled,2025-07-06,2025-07-06
O003590,2025-07-05,D2C,R_N,SKU_CC_500,C00449,,0.5,0.5,1600,fulfilled,2025-07-07,2025-07-07
O003593,2025-07-05,D2C,R_N,SKU_CC_500,C00364,,2.0,2.0,1600,fulfilled,2025-07-07,2025-07-07
O003611,2025-07-05,D2C,R_N,SKU_CC_500,C00587,,1.5,1.5,1600,fulfilled,2025-07-07,2025-07-07
O003620,2025-07-05,D2C,R_N,SKU_CC_500,C01031,,1.0,1.0,1600,fulfilled,2025-07-07,2025-07-07
O003628,2025-07-05,D2C,R_N,SKU_CC_500,C00120,,1.5,1.5,1600,fulfilled,2025-07-07,2025-07-07
O003635,2025-07-05,D2C,R_N,SKU_CC_500,C00758,,2.0,2.0,1600,fulfilled,2025-07-07,2025-07-07
O003639,2025-07-05,D2C,R_S,SKU_CC_500,C00179,,2.0,2.0,1600,fulfilled,2025-07-07,2025-07-07
O003641,2025-07-05,D2C,R_S,SKU_CC_500,C00933,,2.0,2.0,1600,fulfilled,2025-07-07,2025-07-07
O003642,2025-07-05,D2C,R_S,SKU_CC_500,C00944,,1.5,1.5,1600,fulfilled,2025-07-07,2025-07-07
O003643,2025-07-05,D2C,R_S,SKU_CC_500,C00437,,2.0,2.0,1600,fulfilled,2025-07-07,2025-07-07
O003644,2025-07-05,D2C,R_S,SKU_CC_500,C00090,,2.0,2.0,1600,fulfilled,2025-07-07,2025-07-07
O003648,2025-07-05,D2C,R_S,SKU_CC_500,C00322,,1.0,1.0,1600,fulfilled,2025-07-07,2025-07-07
O003591,2025-07-06,D2C,R_N,SKU_CC_500,C00851,,1.5,1.5,1600,fulfilled,2025-07-08,2025-07-08
O003601,2025-07-06,D2C,R_N,SKU_CC_500,C00299,,2.0,2.0,1600,fulfilled,2025-07-08,2025-07-08
O003608,2025-07-06,D2C,R_N,SKU_CC_500,C00449,,1.5,1.5,1600,fulfilled,2025-07-08,2025-07-08
O003625,2025-07-06,D2C,R_N,SKU_CC_500,C01070,,2.0,2.0,1600,fulfilled,2025-07-08,2025-07-08
O003630,2025-07-06,D2C,R_N,SKU_CC_500,C00121,,1.0,1.0,1600,fulfilled,2025-07-08,2025-07-08
O003631,2025-07-06,D2C,R_N,SKU_CC_500,C00234,,2.0,2.0,1600,fulfilled,2025-07-08,2025-07-08
O003634,2025-07-06,D2C,R_N,SKU_CC_500,C00253,,2.0,2.0,1600,fulfilled,2025-07-08,2025-07-08
O003636,2025-07-06,D2C,R_S,SKU_CC_500,C00090,,1.5,1.5,1600,fulfilled,2025-07-08,2025-07-08
O003640,2025-07-06,D2C,R_S,SKU_CC_500,C00892,,1.0,1.0,1600,fulfilled,2025-07-08,2025-07-08
O003649,2025-07-06,D2C,R_S,SKU_CC_500,C01036,,1.5,1.5,1600,fulfilled,2025-07-08,2025-07-08
O003652,2025-07-06,D2C,R_S,SKU_CC_500,C00827,,1.5,1.5,1600,fulfilled,2025-07-08,2025-07-08
O003656,2025-07-06,D2C,R_S,SKU_CC_500,C00999,,0.5,0.5,1600,fulfilled,2025-07-08,2025-07-08
O003659,2025-07-06,D2C,R_S,SKU_CC_500,C00423,,1.5,1.5,1600,fulfilled,2025-07-08,2025-07-08
O003666,2025-07-07,D2C,R_N,SKU_CC_500,C00646,,0.5,0.5,1600,fulfilled,2025-07-09,2025-07-09
O003677,2025-07-07,D2C,R_N,SKU_CC_500,C00475,,1.0,1.0,1600,fulfilled,2025-07-09,2025-07-09
O003683,2025-07-07,D2C,R_N,SKU_CC_500,C00493,,0.5,0.5,1600,fulfilled,2025-07-09,2025-07-09
O003688,2025-07-07,D2C,R_N,SKU_CC_500,C00319,,1.5,1.5,1600,fulfilled,2025-07-09,2025-07-09
O003689,2025-07-07,D2C,R_N,SKU_CC_500,C00612,,1.5,1.5,1600,fulfilled,2025-07-09,2025-07-09
O003696,2025-07-07,D2C,R_N,SKU_CC_500,C00492,,0.5,0.5,1600,fulfilled,2025-07-09,2025-07-09
O003702,2025-07-07,D2C,R_N,SKU_CC_500,C00833,,1.5,1.5,1600,fulfilled,2025-07-09,2025-07-09
O003713,2025-07-07,D2C,R_S,SKU_CC_500,C00774,,1.0,1.0,1600,fulfilled,2025-07-09,2025-07-09
O003718,2025-07-07,D2C,R_S,SKU_CC_500,C00203,,2.0,2.0,1600,fulfilled,2025-07-09,2025-07-09
O003719,2025-07-07,D2C,R_S,SKU_CC_500,C00869,,1.0,1.0,1600,fulfilled,2025-07-09,2025-07-09
O003720,2025-07-07,D2C,R_S,SKU_CC_500,C01011,,2.0,2.0,1600,fulfilled,2025-07-09,2025-07-09
O003722,2025-07-07,D2C,R_S,SKU_CC_500,C00606,,1.0,1.0,1600,fulfilled,2025-07-09,2025-07-09
O003729,2025-07-07,D2C,R_S,SKU_CC_500,C01025,,1.0,1.0,1600,fulfilled,2025-07-09,2025-07-09
O003732,2025-07-07,D2C,R_S,SKU_CC_500,C00918,,0.5,0.5,1600,fulfilled,2025-07-09,2025-07-09
O006273,2025-07-07,B2B,R_N,SKU_CC_500,,ACC_DIST,85.1,85.1,1250,fulfilled,2025-07-10,2025-07-10
O006374,2025-07-07,B2B,R_S,SKU_CC_500,,ACC_REST,16.6,16.6,1400,fulfilled,2025-07-10,2025-07-10
O003664,2025-07-08,D2C,R_N,SKU_CC_500,C00134,,2.0,2.0,1600,fulfilled,2025-07-10,2025-07-10
O003667,2025-07-08,D2C,R_N,SKU_CC_500,C00235,,2.0,2.0,1600,fulfilled,2025-07-10,2025-07-10
O003669,2025-07-08,D2C,R_N,SKU_CC_500,C00668,,0.5,0.5,1600,fulfilled,2025-07-10,2025-07-10
O003671,2025-07-08,D2C,R_N,SKU_CC_500,C00655,,1.0,1.0,1600,fulfilled,2025-07-10,2025-07-10
O003687,2025-07-08,D2C,R_N,SKU_CC_500,C00599,,0.5,0.5,1600,fulfilled,2025-07-10,2025-07-10
O003692,2025-07-08,D2C,R_N,SKU_CC_500,C00378,,1.5,1.5,1600,fulfilled,2025-07-10,2025-07-10
O003703,2025-07-08,D2C,R_N,SKU_CC_500,C00030,,2.0,2.0,1600,fulfilled,2025-07-10,2025-07-10
O003704,2025-07-08,D2C,R_N,SKU_CC_500,C00413,,1.5,1.5,1600,fulfilled,2025-07-10,2025-07-10
O003705,2025-07-08,D2C,R_N,SKU_CC_500,C00039,,1.0,1.0,1600,fulfilled,2025-07-10,2025-07-10
O003710,2025-07-08,D2C,R_S,SKU_CC_500,C00151,,2.0,2.0,1600,fulfilled,2025-07-10,2025-07-10
O003712,2025-07-08,D2C,R_S,SKU_CC_500,C00804,,2.0,2.0,1600,fulfilled,2025-07-10,2025-07-10
O003721,2025-07-08,D2C,R_S,SKU_CC_500,C00878,,0.5,0.5,1600,fulfilled,2025-07-10,2025-07-10
O003724,2025-07-08,D2C,R_S,SKU_CC_500,C00852,,0.5,0.5,1600,fulfilled,2025-07-10,2025-07-10
O003726,2025-07-08,D2C,R_S,SKU_CC_500,C00296,,1.0,1.0,1600,fulfilled,2025-07-10,2025-07-10
O003663,2025-07-09,D2C,R_N,SKU_CC_500,C00033,,1.5,1.5,1600,fulfilled,2025-07-11,2025-07-11
O003665,2025-07-09,D2C,R_N,SKU_CC_500,C00679,,1.0,1.0,1600,fulfilled,2025-07-11,2025-07-11
O003672,2025-07-09,D2C,R_N,SKU_CC_500,C00616,,1.0,1.0,1600,fulfilled,2025-07-11,2025-07-11
O003679,2025-07-09,D2C,R_N,SKU_CC_500,C00949,,2.0,2.0,1600,fulfilled,2025-07-11,2025-07-11
O003682,2025-07-09,D2C,R_N,SKU_CC_500,C00120,,2.0,2.0,1600,fulfilled,2025-07-11,2025-07-11
O003686,2025-07-09,D2C,R_N,SKU_CC_500,C00929,,1.5,1.5,1600,fulfilled,2025-07-11,2025-07-11
O003690,2025-07-09,D2C,R_N,SKU_CC_500,C00694,,0.5,0.5,1600,fulfilled,2025-07-11,2025-07-11
O003698,2025-07-09,D2C,R_N,SKU_CC_500,C00730,,1.0,1.0,1600,fulfilled,2025-07-11,2025-07-11
O003700,2025-07-09,D2C,R_N,SKU_CC_500,C00925,,0.5,0.5,1600,fulfilled,2025-07-11,2025-07-11
O003717,2025-07-09,D2C,R_S,SKU_CC_500,C00101,,1.0,1.0,1600,fulfilled,2025-07-11,2025-07-11
O003723,2025-07-09,D2C,R_S,SKU_CC_500,C00593,,1.0,1.0,1600,fulfilled,2025-07-11,2025-07-11
O003727,2025-07-09,D2C,R_S,SKU_CC_500,C00036,,2.0,2.0,1600,fulfilled,2025-07-11,2025-07-11
O003662,2025-07-10,D2C,R_N,SKU_CC_500,C00096,,1.5,1.5,1600,fulfilled,2025-07-12,2025-07-12
O003675,2025-07-10,D2C,R_N,SKU_CC_500,C00702,,2.0,2.0,1600,fulfilled,2025-07-12,2025-07-12
O003681,2025-07-10,D2C,R_N,SKU_CC_500,C00806,,0.5,0.5,1600,fulfilled,2025-07-12,2025-07-12
O003684,2025-07-10,D2C,R_N,SKU_CC_500,C00703,,0.5,0.5,1600,fulfilled,2025-07-12,2025-07-12
O003694,2025-07-10,D2C,R_N,SKU_CC_500,C00200,,1.0,1.0,1600,fulfilled,2025-07-12,2025-07-12
O003709,2025-07-10,D2C,R_S,SKU_CC_500,C00642,,2.0,2.0,1600,fulfilled,2025-07-12,2025-07-12
O003673,2025-07-11,D2C,R_N,SKU_CC_500,C00834,,1.5,1.5,1600,fulfilled,2025-07-13,2025-07-13
O003676,2025-07-11,D2C,R_N,SKU_CC_500,C00848,,2.0,2.0,1600,fulfilled,2025-07-13,2025-07-13
O003680,2025-07-11,D2C,R_N,SKU_CC_500,C00136,,1.5,1.5,1600,fulfilled,2025-07-13,2025-07-13
O003691,2025-07-11,D2C,R_N,SKU_CC_500,C00007,,2.0,2.0,1600,fulfilled,2025-07-13,2025-07-13
O003695,2025-07-11,D2C,R_N,SKU_CC_500,C00173,,1.0,1.0,1600,fulfilled,2025-07-13,2025-07-13
O003699,2025-07-11,D2C,R_N,SKU_CC_500,C00393,,2.0,2.0,1600,fulfilled,2025-07-13,2025-07-13
O003701,2025-07-11,D2C,R_N,SKU_CC_500,C00253,,1.0,1.0,1600,fulfilled,2025-07-13,2025-07-13
O003707,2025-07-11,D2C,R_N,SKU_CC_500,C00210,,2.0,2.0,1600,fulfilled,2025-07-13,2025-07-13
O003716,2025-07-11,D2C,R_S,SKU_CC_500,C00761,,2.0,2.0,1600,fulfilled,2025-07-13,2025-07-13
O003725,2025-07-11,D2C,R_S,SKU_CC_500,C00657,,1.0,1.0,1600,fulfilled,2025-07-13,2025-07-13
O003728,2025-07-11,D2C,R_S,SKU_CC_500,C01051,,2.0,2.0,1600,fulfilled,2025-07-13,2025-07-13
O003730,2025-07-11,D2C,R_S,SKU_CC_500,C00257,,0.5,0.5,1600,fulfilled,2025-07-13,2025-07-13
O003668,2025-07-12,D2C,R_N,SKU_CC_500,C00740,,2.0,2.0,1600,fulfilled,2025-07-14,2025-07-14
O003674,2025-07-12,D2C,R_N,SKU_CC_500,C00677,,1.5,1.5,1600,fulfilled,2025-07-14,2025-07-14
O003697,2025-07-12,D2C,R_N,SKU_CC_500,C00080,,0.5,0.5,1600,fulfilled,2025-07-14,2025-07-14
O003706,2025-07-12,D2C,R_N,SKU_CC_500,C00695,,2.0,2.0,1600,fulfilled,2025-07-14,2025-07-14
O003715,2025-07-12,D2C,R_S,SKU_CC_500,C00298,,1.5,1.5,1600,fulfilled,2025-07-14,2025-07-14
O003731,2025-07-12,D2C,R_S,SKU_CC_500,C00309,,1.5,1.5,1600,fulfilled,2025-07-14,2025-07-14
O003733,2025-07-12,D2C,R_S,SKU_CC_500,C00920,,0.5,0.5,1600,fulfilled,2025-07-14,2025-07-14
O003670,2025-07-13,D2C,R_N,SKU_CC_500,C00586,,0.5,0.5,1600,fulfilled,2025-07-15,2025-07-15
O003678,2025-07-13,D2C,R_N,SKU_CC_500,C00561,,1.5,1.5,1600,fulfilled,2025-07-15,2025-07-15
O003685,2025-07-13,D2C,R_N,SKU_CC_500,C00098,,1.0,1.0,1600,fulfilled,2025-07-15,2025-07-15
O003693,2025-07-13,D2C,R_N,SKU_CC_500,C00499,,0.5,0.5,1600,fulfilled,2025-07-15,2025-07-15
O003708,2025-07-13,D2C,R_S,SKU_CC_500,C00255,,2.0,2.0,1600,fulfilled,2025-07-15,2025-07-15
O003711,2025-07-13,D2C,R_S,SKU_CC_500,C00178,,0.5,0.5,1600,fulfilled,2025-07-15,2025-07-15
O003714,2025-07-13,D2C,R_S,SKU_CC_500,C00101,,2.0,2.0,1600,fulfilled,2025-07-15,2025-07-15
O003740,2025-07-14,D2C,R_N,SKU_CC_500,C00188,,1.5,1.5,1600,fulfilled,2025-07-16,2025-07-16
O003764,2025-07-14,D2C,R_N,SKU_CC_500,C00354,,1.0,1.0,1600,fulfilled,2025-07-16,2025-07-16
O003765,2025-07-14,D2C,R_N,SKU_CC_500,C00304,,1.0,1.0,1600,fulfilled,2025-07-16,2025-07-16
O003767,2025-07-14,D2C,R_N,SKU_CC_500,C00690,,0.5,0.5,1600,fulfilled,2025-07-16,2025-07-16
O003770,2025-07-14,D2C,R_N,SKU_CC_500,C00149,,0.5,0.5,1600,fulfilled,2025-07-16,2025-07-16
O003781,2025-07-14,D2C,R_S,SKU_CC_500,C01051,,1.0,1.0,1600,fulfilled,2025-07-16,2025-07-16
O003786,2025-07-14,D2C,R_S,SKU_CC_500,C00904,,2.0,2.0,1600,fulfilled,2025-07-16,2025-07-16
O003789,2025-07-14,D2C,R_S,SKU_CC_500,C00151,,0.5,0.5,1600,fulfilled,2025-07-16,2025-07-16
O003799,2025-07-14,D2C,R_S,SKU_CC_500,C00905,,1.5,1.5,1600,fulfilled,2025-07-16,2025-07-16
O006274,2025-07-14,B2B,R_N,SKU_CC_500,,ACC_DIST,80.0,80.0,1250,fulfilled,2025-07-17,2025-07-17
O006375,2025-07-14,B2B,R_S,SKU_CC_500,,ACC_REST,17.5,17.5,1400,fulfilled,2025-07-17,2025-07-17
O003742,2025-07-15,D2C,R_N,SKU_CC_500,C00857,,1.5,1.5,1600,fulfilled,2025-07-17,2025-07-17
O003746,2025-07-15,D2C,R_N,SKU_CC_500,C01066,,2.0,2.0,1600,fulfilled,2025-07-17,2025-07-17
O003748,2025-07-15,D2C,R_N,SKU_CC_500,C00569,,0.5,0.5,1600,fulfilled,2025-07-17,2025-07-17
O003760,2025-07-15,D2C,R_N,SKU_CC_500,C00740,,1.0,1.0,1600,fulfilled,2025-07-17,2025-07-17
O003768,2025-07-15,D2C,R_N,SKU_CC_500,C01028,,1.5,1.5,1600,fulfilled,2025-07-17,2025-07-17
O003785,2025-07-15,D2C,R_S,SKU_CC_500,C01038,,0.5,0.5,1600,fulfilled,2025-07-17,2025-07-17
O003788,2025-07-15,D2C,R_S,SKU_CC_500,C00336,,1.5,1.5,1600,fulfilled,2025-07-17,2025-07-17
O003790,2025-07-15,D2C,R_S,SKU_CC_500,C01089,,1.5,1.5,1600,fulfilled,2025-07-17,2025-07-17
O003791,2025-07-15,D2C,R_S,SKU_CC_500,C01021,,1.0,1.0,1600,fulfilled,2025-07-17,2025-07-17
O003793,2025-07-15,D2C,R_S,SKU_CC_500,C00984,,2.0,2.0,1600,fulfilled,2025-07-17,2025-07-17
O003795,2025-07-15,D2C,R_S,SKU_CC_500,C00388,,1.0,1.0,1600,fulfilled,2025-07-17,2025-07-17
O003744,2025-07-16,D2C,R_N,SKU_CC_500,C00078,,0.5,0.5,1600,fulfilled,2025-07-18,2025-07-18
O003749,2025-07-16,D2C,R_N,SKU_CC_500,C00889,,1.0,1.0,1600,fulfilled,2025-07-18,2025-07-18
O003797,2025-07-16,D2C,R_S,SKU_CC_500,C00996,,1.0,1.0,1600,fulfilled,2025-07-18,2025-07-18
O003735,2025-07-17,D2C,R_N,SKU_CC_500,C01079,,1.5,1.5,1600,fulfilled,2025-07-19,2025-07-19
O003756,2025-07-17,D2C,R_N,SKU_CC_500,C00175,,1.0,1.0,1600,fulfilled,2025-07-19,2025-07-19
O003757,2025-07-17,D2C,R_N,SKU_CC_500,C01109,,1.0,1.0,1600,fulfilled,2025-07-19,2025-07-19
O003761,2025-07-17,D2C,R_N,SKU_CC_500,C00963,,0.5,0.5,1600,fulfilled,2025-07-19,2025-07-19
O003769,2025-07-17,D2C,R_N,SKU_CC_500,C01082,,0.5,0.5,1600,fulfilled,2025-07-19,2025-07-19
O003772,2025-07-17,D2C,R_N,SKU_CC_500,C00848,,2.0,2.0,1600,fulfilled,2025-07-19,2025-07-19
O003780,2025-07-17,D2C,R_N,SKU_CC_500,C00681,,1.0,1.0,1600,fulfilled,2025-07-19,2025-07-19
O003792,2025-07-17,D2C,R_S,SKU_CC_500,C00167,,1.5,1.5,1600,fulfilled,2025-07-19,2025-07-19
O003804,2025-07-17,D2C,R_S,SKU_CC_500,C00047,,0.5,0.5,1600,fulfilled,2025-07-19,2025-07-19
O003805,2025-07-17,D2C,R_S,SKU_CC_500,C00826,,1.0,1.0,1600,fulfilled,2025-07-19,2025-07-19
O003806,2025-07-17,D2C,R_S,SKU_CC_500,C00166,,1.0,1.0,1600,fulfilled,2025-07-19,2025-07-19
O003738,2025-07-18,D2C,R_N,SKU_CC_500,C00614,,0.5,0.5,1600,fulfilled,2025-07-20,2025-07-20
O003741,2025-07-18,D2C,R_N,SKU_CC_500,C00476,,1.0,1.0,1600,fulfilled,2025-07-20,2025-07-20
O003745,2025-07-18,D2C,R_N,SKU_CC_500,C00210,,0.5,0.5,1600,fulfilled,2025-07-20,2025-07-20
O003750,2025-07-18,D2C,R_N,SKU_CC_500,C00148,,1.5,1.5,1600,fulfilled,2025-07-20,2025-07-20
O003751,2025-07-18,D2C,R_N,SKU_CC_500,C00994,,1.5,1.5,1600,fulfilled,2025-07-20,2025-07-20
O003755,2025-07-18,D2C,R_N,SKU_CC_500,C00650,,1.0,1.0,1600,fulfilled,2025-07-20,2025-07-20
O003758,2025-07-18,D2C,R_N,SKU_CC_500,C00170,,1.0,1.0,1600,fulfilled,2025-07-20,2025-07-20
O003775,2025-07-18,D2C,R_N,SKU_CC_500,C01031,,0.5,0.5,1600,fulfilled,2025-07-20,2025-07-20
O003778,2025-07-18,D2C,R_N,SKU_CC_500,C00805,,2.0,2.0,1600,fulfilled,2025-07-20,2025-07-20
O003784,2025-07-18,D2C,R_S,SKU_CC_500,C00375,,2.0,2.0,1600,fulfilled,2025-07-20,2025-07-20
O003794,2025-07-18,D2C,R_S,SKU_CC_500,C00268,,1.5,1.5,1600,fulfilled,2025-07-20,2025-07-20
O003800,2025-07-18,D2C,R_S,SKU_CC_500,C00349,,0.5,0.5,1600,fulfilled,2025-07-20,2025-07-20
O003801,2025-07-18,D2C,R_S,SKU_CC_500,C00640,,1.5,1.5,1600,fulfilled,2025-07-20,2025-07-20
O003736,2025-07-19,D2C,R_N,SKU_CC_500,C00771,,2.0,2.0,1600,fulfilled,2025-07-21,2025-07-21
O003752,2025-07-19,D2C,R_N,SKU_CC_500,C00494,,1.5,1.5,1600,fulfilled,2025-07-21,2025-07-21
O003753,2025-07-19,D2C,R_N,SKU_CC_500,C01015,,2.0,2.0,1600,fulfilled,2025-07-21,2025-07-21
O003754,2025-07-19,D2C,R_N,SKU_CC_500,C00740,,1.5,1.5,1600,fulfilled,2025-07-21,2025-07-21
O003759,2025-07-19,D2C,R_N,SKU_CC_500,C00447,,1.0,1.0,1600,fulfilled,2025-07-21,2025-07-21
O003763,2025-07-19,D2C,R_N,SKU_CC_500,C00110,,1.5,1.5,1600,fulfilled,2025-07-21,2025-07-21
O003771,2025-07-19,D2C,R_N,SKU_CC_500,C00367,,0.5,0.5,1600,fulfilled,2025-07-21,2025-07-21
O003773,2025-07-19,D2C,R_N,SKU_CC_500,C00068,,2.0,2.0,1600,fulfilled,2025-07-21,2025-07-21
O003774,2025-07-19,D2C,R_N,SKU_CC_500,C00106,,1.5,1.5,1600,fulfilled,2025-07-21,2025-07-21
O003779,2025-07-19,D2C,R_N,SKU_CC_500,C00485,,1.0,1.0,1600,fulfilled,2025-07-21,2025-07-21
O003783,2025-07-19,D2C,R_S,SKU_CC_500,C00138,,2.0,2.0,1600,fulfilled,2025-07-21,2025-07-21
O003796,2025-07-19,D2C,R_S,SKU_CC_500,C00138,,2.0,2.0,1600,fulfilled,2025-07-21,2025-07-21
O003803,2025-07-19,D2C,R_S,SKU_CC_500,C00138,,0.5,0.5,1600,fulfilled,2025-07-21,2025-07-21
O003734,2025-07-20,D2C,R_N,SKU_CC_500,C00927,,0.5,0.5,1600,fulfilled,2025-07-22,2025-07-22
O003737,2025-07-20,D2C,R_N,SKU_CC_500,C00319,,0.5,0.5,1600,fulfilled,2025-07-22,2025-07-22
O003739,2025-07-20,D2C,R_N,SKU_CC_500,C00199,,0.5,0.5,1600,fulfilled,2025-07-22,2025-07-22
O003743,2025-07-20,D2C,R_N,SKU_CC_500,C00981,,2.0,2.0,1600,fulfilled,2025-07-22,2025-07-22
O003747,2025-07-20,D2C,R_N,SKU_CC_500,C00667,,2.0,2.0,1600,fulfilled,2025-07-22,2025-07-22
O003762,2025-07-20,D2C,R_N,SKU_CC_500,C00107,,1.0,1.0,1600,fulfilled,2025-07-22,2025-07-22
O003766,2025-07-20,D2C,R_N,SKU_CC_500,C00860,,1.5,1.5,1600,fulfilled,2025-07-22,2025-07-22
O003776,2025-07-20,D2C,R_N,SKU_CC_500,C00369,,1.5,1.5,1600,fulfilled,2025-07-22,2025-07-22
O003777,2025-07-20,D2C,R_N,SKU_CC_500,C00718,,1.5,1.5,1600,fulfilled,2025-07-22,2025-07-22
O003782,2025-07-20,D2C,R_S,SKU_CC_500,C00474,,1.5,1.5,1600,fulfilled,2025-07-22,2025-07-22
O003787,2025-07-20,D2C,R_S,SKU_CC_500,C00437,,1.5,1.5,1600,fulfilled,2025-07-22,2025-07-22
O003798,2025-07-20,D2C,R_S,SKU_CC_500,C00738,,1.0,1.0,1600,fulfilled,2025-07-22,2025-07-22
O003802,2025-07-20,D2C,R_S,SKU_CC_500,C00231,,2.0,2.0,1600,fulfilled,2025-07-22,2025-07-22
O003810,2025-07-21,D2C,R_N,SKU_CC_500,C00792,,2.0,2.0,1600,fulfilled,2025-07-23,2025-07-23
O003814,2025-07-21,D2C,R_N,SKU_CC_500,C00339,,1.0,1.0,1600,fulfilled,2025-07-23,2025-07-23
O003821,2025-07-21,D2C,R_N,SKU_CC_500,C01016,,1.5,1.5,1600,fulfilled,2025-07-23,2025-07-23
O003831,2025-07-21,D2C,R_N,SKU_CC_500,C00811,,1.0,1.0,1600,fulfilled,2025-07-23,2025-07-23
O003835,2025-07-21,D2C,R_N,SKU_CC_500,C00353,,2.0,2.0,1600,fulfilled,2025-07-23,2025-07-23
O003844,2025-07-21,D2C,R_N,SKU_CC_500,C01093,,0.5,0.5,1600,fulfilled,2025-07-23,2025-07-23
O003859,2025-07-21,D2C,R_S,SKU_CC_500,C00011,,0.5,0.5,1600,fulfilled,2025-07-23,2025-07-23
O003860,2025-07-21,D2C,R_S,SKU_CC_500,C00538,,1.0,1.0,1600,fulfilled,2025-07-23,2025-07-23
O006275,2025-07-21,B2B,R_N,SKU_CC_500,,ACC_DIST,98.7,98.7,1250,fulfilled,2025-07-24,2025-07-24
O006376,2025-07-21,B2B,R_S,SKU_CC_500,,ACC_REST,20.3,20.3,1400,fulfilled,2025-07-24,2025-07-24
O003809,2025-07-22,D2C,R_N,SKU_CC_500,C00668,,1.5,1.5,1600,fulfilled,2025-07-24,2025-07-24
O003811,2025-07-22,D2C,R_N,SKU_CC_500,C00248,,1.0,1.0,1600,fulfilled,2025-07-24,2025-07-24
O003827,2025-07-22,D2C,R_N,SKU_CC_500,C00380,,2.0,2.0,1600,fulfilled,2025-07-24,2025-07-24
O003832,2025-07-22,D2C,R_N,SKU_CC_500,C00976,,1.5,1.5,1600,fulfilled,2025-07-24,2025-07-24
O003834,2025-07-22,D2C,R_N,SKU_CC_500,C00261,,2.0,2.0,1600,fulfilled,2025-07-24,2025-07-24
O003840,2025-07-22,D2C,R_N,SKU_CC_500,C01032,,1.0,1.0,1600,fulfilled,2025-07-24,2025-07-24
O003842,2025-07-22,D2C,R_N,SKU_CC_500,C00615,,1.5,1.5,1600,fulfilled,2025-07-24,2025-07-24
O003849,2025-07-22,D2C,R_N,SKU_CC_500,C00044,,1.5,1.5,1600,fulfilled,2025-07-24,2025-07-24
O003854,2025-07-22,D2C,R_S,SKU_CC_500,C00155,,0.5,0.5,1600,fulfilled,2025-07-24,2025-07-24
O003856,2025-07-22,D2C,R_S,SKU_CC_500,C00025,,2.0,2.0,1600,fulfilled,2025-07-24,2025-07-24
O003857,2025-07-22,D2C,R_S,SKU_CC_500,C00387,,1.5,1.5,1600,fulfilled,2025-07-24,2025-07-24
O003861,2025-07-22,D2C,R_S,SKU_CC_500,C00281,,1.5,1.5,1600,fulfilled,2025-07-24,2025-07-24
O003875,2025-07-22,D2C,R_S,SKU_CC_500,C00891,,1.5,1.5,1600,fulfilled,2025-07-24,2025-07-24
O003877,2025-07-22,D2C,R_S,SKU_CC_500,C00687,,1.5,1.5,1600,fulfilled,2025-07-24,2025-07-24
O003880,2025-07-22,D2C,R_S,SKU_CC_500,C00934,,0.5,0.5,1600,fulfilled,2025-07-24,2025-07-24
O003812,2025-07-23,D2C,R_N,SKU_CC_500,C00109,,1.5,1.5,1600,fulfilled,2025-07-25,2025-07-25
O003816,2025-07-23,D2C,R_N,SKU_CC_500,C00846,,1.5,1.5,1600,fulfilled,2025-07-25,2025-07-25
O003824,2025-07-23,D2C,R_N,SKU_CC_500,C00434,,0.5,0.5,1600,fulfilled,2025-07-25,2025-07-25
O003836,2025-07-23,D2C,R_N,SKU_CC_500,C00235,,0.5,0.5,1600,fulfilled,2025-07-25,2025-07-25
O003841,2025-07-23,D2C,R_N,SKU_CC_500,C00496,,1.0,1.0,1600,fulfilled,2025-07-25,2025-07-25
O003847,2025-07-23,D2C,R_N,SKU_CC_500,C00731,,2.0,2.0,1600,fulfilled,2025-07-25,2025-07-25
O003851,2025-07-23,D2C,R_N,SKU_CC_500,C00714,,2.0,2.0,1600,fulfilled,2025-07-25,2025-07-25
O003852,2025-07-23,D2C,R_N,SKU_CC_500,C00147,,0.5,0.5,1600,fulfilled,2025-07-25,2025-07-25
O003864,2025-07-23,D2C,R_S,SKU_CC_500,C00641,,0.5,0.5,1600,fulfilled,2025-07-25,2025-07-25
O003867,2025-07-23,D2C,R_S,SKU_CC_500,C00640,,1.0,1.0,1600,fulfilled,2025-07-25,2025-07-25
O003868,2025-07-23,D2C,R_S,SKU_CC_500,C00934,,1.0,1.0,1600,fulfilled,2025-07-25,2025-07-25
O003869,2025-07-23,D2C,R_S,SKU_CC_500,C00347,,0.5,0.5,1600,fulfilled,2025-07-25,2025-07-25
O003870,2025-07-23,D2C,R_S,SKU_CC_500,C00245,,1.0,1.0,1600,fulfilled,2025-07-25,2025-07-25
O003818,2025-07-24,D2C,R_N,SKU_CC_500,C00444,,2.0,2.0,1600,fulfilled,2025-07-26,2025-07-26
O003825,2025-07-24,D2C,R_N,SKU_CC_500,C00013,,0.5,0.5,1600,fulfilled,2025-07-26,2025-07-26
O003829,2025-07-24,D2C,R_N,SKU_CC_500,C00717,,1.5,1.5,1600,fulfilled,2025-07-26,2025-07-26
O003833,2025-07-24,D2C,R_N,SKU_CC_500,C00526,,1.0,1.0,1600,fulfilled,2025-07-26,2025-07-26
O003837,2025-07-24,D2C,R_N,SKU_CC_500,C00955,,0.5,0.5,1600,fulfilled,2025-07-26,2025-07-26
O003850,2025-07-24,D2C,R_N,SKU_CC_500,C00529,,0.5,0.5,1600,fulfilled,2025-07-26,2025-07-26
O003855,2025-07-24,D2C,R_S,SKU_CC_500,C00060,,1.0,1.0,1600,fulfilled,2025-07-26,2025-07-26
O003863,2025-07-24,D2C,R_S,SKU_CC_500,C00867,,1.0,1.0,1600,fulfilled,2025-07-26,2025-07-26
O003874,2025-07-24,D2C,R_S,SKU_CC_500,C00762,,0.5,0.5,1600,fulfilled,2025-07-26,2025-07-26
O003878,2025-07-24,D2C,R_S,SKU_CC_500,C00791,,1.0,1.0,1600,fulfilled,2025-07-26,2025-07-26
O003879,2025-07-24,D2C,R_S,SKU_CC_500,C00775,,2.0,2.0,1600,fulfilled,2025-07-26,2025-07-26
O003807,2025-07-25,D2C,R_N,SKU_CC_500,C00030,,2.0,2.0,1600,fulfilled,2025-07-27,2025-07-27
O003813,2025-07-25,D2C,R_N,SKU_CC_500,C00007,,1.5,1.5,1600,fulfilled,2025-07-27,2025-07-27
O003826,2025-07-25,D2C,R_N,SKU_CC_500,C00527,,0.5,0.5,1600,fulfilled,2025-07-27,2025-07-27
O003830,2025-07-25,D2C,R_N,SKU_CC_500,C00332,,1.5,1.5,1600,fulfilled,2025-07-27,2025-07-27
O003872,2025-07-25,D2C,R_S,SKU_CC_500,C00191,,0.5,0.5,1600,fulfilled,2025-07-27,2025-07-27
O003876,2025-07-25,D2C,R_S,SKU_CC_500,C01022,,0.5,0.5,1600,fulfilled,2025-07-27,2025-07-27
O003817,2025-07-26,D2C,R_N,SKU_CC_500,C00783,,2.0,2.0,1600,fulfilled,2025-07-28,2025-07-28
O003819,2025-07-26,D2C,R_N,SKU_CC_500,C00632,,1.0,1.0,1600,fulfilled,2025-07-28,2025-07-28
O003820,2025-07-26,D2C,R_N,SKU_CC_500,C00097,,1.0,1.0,1600,fulfilled,2025-07-28,2025-07-28
O003822,2025-07-26,D2C,R_N,SKU_CC_500,C00886,,2.0,2.0,1600,fulfilled,2025-07-28,2025-07-28
O003828,2025-07-26,D2C,R_N,SKU_CC_500,C01123,,0.5,0.5,1600,fulfilled,2025-07-28,2025-07-28
O003839,2025-07-26,D2C,R_N,SKU_CC_500,C00580,,1.0,1.0,1600,fulfilled,2025-07-28,2025-07-28
O003845,2025-07-26,D2C,R_N,SKU_CC_500,C00568,,1.0,1.0,1600,fulfilled,2025-07-28,2025-07-28
O003853,2025-07-26,D2C,R_N,SKU_CC_500,C00646,,0.5,0.5,1600,fulfilled,2025-07-28,2025-07-28
O003866,2025-07-26,D2C,R_S,SKU_CC_500,C00998,,2.0,2.0,1600,fulfilled,2025-07-28,2025-07-28
O003808,2025-07-27,D2C,R_N,SKU_CC_500,C00451,,2.0,2.0,1600,fulfilled,2025-07-29,2025-07-29
O003815,2025-07-27,D2C,R_N,SKU_CC_500,C00565,,1.0,1.0,1600,fulfilled,2025-07-29,2025-07-29
O003823,2025-07-27,D2C,R_N,SKU_CC_500,C00849,,2.0,2.0,1600,fulfilled,2025-07-29,2025-07-29
O003838,2025-07-27,D2C,R_N,SKU_CC_500,C01020,,0.5,0.5,1600,fulfilled,2025-07-29,2025-07-29
O003843,2025-07-27,D2C,R_N,SKU_CC_500,C01078,,2.0,2.0,1600,fulfilled,2025-07-29,2025-07-29
O003846,2025-07-27,D2C,R_N,SKU_CC_500,C00480,,1.5,1.5,1600,fulfilled,2025-07-29,2025-07-29
O003848,2025-07-27,D2C,R_N,SKU_CC_500,C00069,,1.0,1.0,1600,fulfilled,2025-07-29,2025-07-29
O003858,2025-07-27,D2C,R_S,SKU_CC_500,C00723,,1.0,1.0,1600,fulfilled,2025-07-29,2025-07-29
O003862,2025-07-27,D2C,R_S,SKU_CC_500,C00114,,0.5,0.5,1600,fulfilled,2025-07-29,2025-07-29
O003865,2025-07-27,D2C,R_S,SKU_CC_500,C00336,,1.0,1.0,1600,fulfilled,2025-07-29,2025-07-29
O003871,2025-07-27,D2C,R_S,SKU_CC_500,C00724,,1.0,1.0,1600,fulfilled,2025-07-29,2025-07-29
O003873,2025-07-27,D2C,R_S,SKU_CC_500,C00907,,0.5,0.5,1600,fulfilled,2025-07-29,2025-07-29
O003882,2025-07-28,D2C,R_N,SKU_CC_500,C00717,,0.5,0.5,1600,fulfilled,2025-07-30,2025-07-30
O003889,2025-07-28,D2C,R_N,SKU_CC_500,C00123,,1.5,1.5,1600,fulfilled,2025-07-30,2025-07-30
O003897,2025-07-28,D2C,R_N,SKU_CC_500,C00870,,1.5,1.5,1600,fulfilled,2025-07-30,2025-07-30
O003901,2025-07-28,D2C,R_N,SKU_CC_500,C00122,,1.5,1.5,1600,fulfilled,2025-07-30,2025-07-30
O003912,2025-07-28,D2C,R_N,SKU_CC_500,C01123,,1.0,1.0,1600,fulfilled,2025-07-30,2025-07-30
O003925,2025-07-28,D2C,R_N,SKU_CC_500,C00707,,1.0,1.0,1600,fulfilled,2025-07-30,2025-07-30
O003932,2025-07-28,D2C,R_S,SKU_CC_500,C00024,,1.0,1.0,1600,fulfilled,2025-07-30,2025-07-30
O003948,2025-07-28,D2C,R_S,SKU_CC_500,C01077,,0.5,0.5,1600,fulfilled,2025-07-30,2025-07-30
O003950,2025-07-28,D2C,R_S,SKU_CC_500,C00576,,1.0,1.0,1600,fulfilled,2025-07-30,2025-07-30
O003951,2025-07-28,D2C,R_S,SKU_CC_500,C00878,,1.5,1.5,1600,fulfilled,2025-07-30,2025-07-30
O003952,2025-07-28,D2C,R_S,SKU_CC_500,C00854,,2.0,2.0,1600,fulfilled,2025-07-30,2025-07-30
O006276,2025-07-28,B2B,R_N,SKU_CC_500,,ACC_DIST,99.9,99.9,1250,fulfilled,2025-07-31,2025-07-31
O006377,2025-07-28,B2B,R_S,SKU_CC_500,,ACC_REST,16.6,16.6,1400,fulfilled,2025-07-31,2025-07-31
O003884,2025-07-29,D2C,R_N,SKU_CC_500,C01081,,2.0,2.0,1600,fulfilled,2025-07-31,2025-07-31
O003890,2025-07-29,D2C,R_N,SKU_CC_500,C00275,,0.5,0.5,1600,fulfilled,2025-07-31,2025-07-31
O003899,2025-07-29,D2C,R_N,SKU_CC_500,C00463,,1.0,1.0,1600,fulfilled,2025-07-31,2025-07-31
O003902,2025-07-29,D2C,R_N,SKU_CC_500,C00176,,0.5,0.5,1600,fulfilled,2025-07-31,2025-07-31
O003931,2025-07-29,D2C,R_S,SKU_CC_500,C00505,,0.5,0.5,1600,fulfilled,2025-07-31,2025-07-31
O003939,2025-07-29,D2C,R_S,SKU_CC_500,C00521,,1.5,1.5,1600,fulfilled,2025-07-31,2025-07-31
O003945,2025-07-29,D2C,R_S,SKU_CC_500,C00748,,0.5,0.5,1600,fulfilled,2025-07-31,2025-07-31
O003949,2025-07-29,D2C,R_S,SKU_CC_500,C00336,,1.5,1.5,1600,fulfilled,2025-07-31,2025-07-31
O003888,2025-07-30,D2C,R_N,SKU_CC_500,C01018,,1.0,1.0,1600,fulfilled,2025-08-01,2025-08-01
O003923,2025-07-30,D2C,R_N,SKU_CC_500,C00565,,0.5,0.5,1600,fulfilled,2025-08-01,2025-08-01
O003926,2025-07-30,D2C,R_N,SKU_CC_500,C00962,,1.5,1.5,1600,fulfilled,2025-08-01,2025-08-01
O003929,2025-07-30,D2C,R_S,SKU_CC_500,C00359,,1.0,1.0,1600,fulfilled,2025-08-01,2025-08-01
O003937,2025-07-30,D2C,R_S,SKU_CC_500,C00789,,1.0,1.0,1600,fulfilled,2025-08-01,2025-08-01
O003947,2025-07-30,D2C,R_S,SKU_CC_500,C00454,,1.5,1.5,1600,fulfilled,2025-08-01,2025-08-01
O003883,2025-07-31,D2C,R_N,SKU_CC_500,C00370,,1.5,1.5,1600,fulfilled,2025-08-02,2025-08-02
O003894,2025-07-31,D2C,R_N,SKU_CC_500,C00620,,2.0,2.0,1600,fulfilled,2025-08-02,2025-08-02
O003895,2025-07-31,D2C,R_N,SKU_CC_500,C00781,,0.5,0.5,1600,fulfilled,2025-08-02,2025-08-02
O003898,2025-07-31,D2C,R_N,SKU_CC_500,C00922,,1.5,1.5,1600,fulfilled,2025-08-02,2025-08-02
O003900,2025-07-31,D2C,R_N,SKU_CC_500,C00834,,2.0,2.0,1600,fulfilled,2025-08-02,2025-08-02
O003903,2025-07-31,D2C,R_N,SKU_CC_500,C00580,,0.5,0.5,1600,fulfilled,2025-08-02,2025-08-02
O003907,2025-07-31,D2C,R_N,SKU_CC_500,C00210,,0.5,0.5,1600,fulfilled,2025-08-02,2025-08-02
O003910,2025-07-31,D2C,R_N,SKU_CC_500,C00185,,0.5,0.5,1600,fulfilled,2025-08-02,2025-08-02
O003915,2025-07-31,D2C,R_N,SKU_CC_500,C00824,,2.0,2.0,1600,fulfilled,2025-08-02,2025-08-02
O003918,2025-07-31,D2C,R_N,SKU_CC_500,C00655,,2.0,2.0,1600,fulfilled,2025-08-02,2025-08-02
O003919,2025-07-31,D2C,R_N,SKU_CC_500,C00645,,1.0,1.0,1600,fulfilled,2025-08-02,2025-08-02
O003933,2025-07-31,D2C,R_S,SKU_CC_500,C00324,,2.0,2.0,1600,fulfilled,2025-08-02,2025-08-02
O003936,2025-07-31,D2C,R_S,SKU_CC_500,C00790,,1.5,1.5,1600,fulfilled,2025-08-02,2025-08-02
O003938,2025-07-31,D2C,R_S,SKU_CC_500,C00008,,1.0,1.0,1600,fulfilled,2025-08-02,2025-08-02
O003946,2025-07-31,D2C,R_S,SKU_CC_500,C00470,,1.0,1.0,1600,fulfilled,2025-08-02,2025-08-02
O003885,2025-08-01,D2C,R_N,SKU_CC_500,C00717,,1.5,1.5,1600,fulfilled,2025-08-03,2025-08-03
O003886,2025-08-01,D2C,R_N,SKU_CC_500,C00479,,1.5,1.5,1600,fulfilled,2025-08-03,2025-08-03
O003887,2025-08-01,D2C,R_N,SKU_CC_500,C00369,,0.5,0.5,1600,fulfilled,2025-08-03,2025-08-03
O003891,2025-08-01,D2C,R_N,SKU_CC_500,C01029,,2.0,2.0,1600,fulfilled,2025-08-03,2025-08-03
O003893,2025-08-01,D2C,R_N,SKU_CC_500,C00730,,2.0,2.0,1600,fulfilled,2025-08-03,2025-08-03
O003896,2025-08-01,D2C,R_N,SKU_CC_500,C00870,,1.5,1.5,1600,fulfilled,2025-08-03,2025-08-03
O003913,2025-08-01,D2C,R_N,SKU_CC_500,C00993,,1.5,1.5,1600,fulfilled,2025-08-03,2025-08-03
O003920,2025-08-01,D2C,R_N,SKU_CC_500,C00511,,1.0,1.0,1600,fulfilled,2025-08-03,2025-08-03
O003922,2025-08-01,D2C,R_N,SKU_CC_500,C00941,,1.5,1.5,1600,fulfilled,2025-08-03,2025-08-03
O003927,2025-08-01,D2C,R_N,SKU_CC_500,C00477,,2.0,2.0,1600,fulfilled,2025-08-03,2025-08-03
O003928,2025-08-01,D2C,R_S,SKU_CC_500,C00712,,1.5,1.5,1600,fulfilled,2025-08-03,2025-08-03
O003953,2025-08-01,D2C,R_S,SKU_CC_500,C00625,,0.5,0.5,1600,fulfilled,2025-08-03,2025-08-03
O003881,2025-08-02,D2C,R_N,SKU_CC_500,C00500,,1.5,1.5,1600,fulfilled,2025-08-04,2025-08-04
O003905,2025-08-02,D2C,R_N,SKU_CC_500,C00935,,2.0,2.0,1600,fulfilled,2025-08-04,2025-08-04
O003906,2025-08-02,D2C,R_N,SKU_CC_500,C00617,,0.5,0.5,1600,fulfilled,2025-08-04,2025-08-04
O003911,2025-08-02,D2C,R_N,SKU_CC_500,C00602,,2.0,2.0,1600,fulfilled,2025-08-04,2025-08-04
O003914,2025-08-02,D2C,R_N,SKU_CC_500,C00951,,1.0,1.0,1600,fulfilled,2025-08-04,2025-08-04
O003916,2025-08-02,D2C,R_N,SKU_CC_500,C00720,,1.5,1.5,1600,fulfilled,2025-08-04,2025-08-04
O003917,2025-08-02,D2C,R_N,SKU_CC_500,C00838,,1.0,1.0,1600,fulfilled,2025-08-04,2025-08-04
O003924,2025-08-02,D2C,R_N,SKU_CC_500,C00408,,2.0,2.0,1600,fulfilled,2025-08-04,2025-08-04
O003930,2025-08-02,D2C,R_S,SKU_CC_500,C00609,,0.5,0.5,1600,fulfilled,2025-08-04,2025-08-04
O003935,2025-08-02,D2C,R_S,SKU_CC_500,C00194,,0.5,0.5,1600,fulfilled,2025-08-04,2025-08-04
O003940,2025-08-02,D2C,R_S,SKU_CC_500,C00970,,1.5,1.5,1600,fulfilled,2025-08-04,2025-08-04
O003941,2025-08-02,D2C,R_S,SKU_CC_500,C01011,,2.0,2.0,1600,fulfilled,2025-08-04,2025-08-04
O003943,2025-08-02,D2C,R_S,SKU_CC_500,C01037,,1.5,1.5,1600,fulfilled,2025-08-04,2025-08-04
O003892,2025-08-03,D2C,R_N,SKU_CC_500,C00302,,1.5,1.5,1600,fulfilled,2025-08-05,2025-08-05
O003904,2025-08-03,D2C,R_N,SKU_CC_500,C00909,,2.0,2.0,1600,fulfilled,2025-08-05,2025-08-05
O003908,2025-08-03,D2C,R_N,SKU_CC_500,C00384,,1.5,1.5,1600,fulfilled,2025-08-05,2025-08-05
O003909,2025-08-03,D2C,R_N,SKU_CC_500,C00005,,1.0,1.0,1600,fulfilled,2025-08-05,2025-08-05
O003921,2025-08-03,D2C,R_N,SKU_CC_500,C00835,,0.5,0.5,1600,fulfilled,2025-08-05,2025-08-05
O003934,2025-08-03,D2C,R_S,SKU_CC_500,C00230,,2.0,2.0,1600,fulfilled,2025-08-05,2025-08-05
O003942,2025-08-03,D2C,R_S,SKU_CC_500,C00064,,1.0,1.0,1600,fulfilled,2025-08-05,2025-08-05
O003944,2025-08-03,D2C,R_S,SKU_CC_500,C01008,,1.5,1.5,1600,fulfilled,2025-08-05,2025-08-05
O003954,2025-08-03,D2C,R_S,SKU_CC_500,C00574,,0.5,0.5,1600,fulfilled,2025-08-05,2025-08-05
O003958,2025-08-04,D2C,R_N,SKU_CC_500,C00849,,2.0,2.0,1600,fulfilled,2025-08-06,2025-08-06
O003964,2025-08-04,D2C,R_N,SKU_CC_500,C00475,,1.0,1.0,1600,fulfilled,2025-08-06,2025-08-06
O003978,2025-08-04,D2C,R_N,SKU_CC_500,C00772,,2.0,2.0,1600,fulfilled,2025-08-06,2025-08-06
O003980,2025-08-04,D2C,R_N,SKU_CC_500,C01083,,0.5,0.5,1600,fulfilled,2025-08-06,2025-08-06
O003985,2025-08-04,D2C,R_N,SKU_CC_500,C00482,,0.5,0.5,1600,fulfilled,2025-08-06,2025-08-06
O003989,2025-08-04,D2C,R_N,SKU_CC_500,C00020,,2.0,2.0,1600,fulfilled,2025-08-06,2025-08-06
O003996,2025-08-04,D2C,R_N,SKU_CC_500,C00394,,1.5,1.5,1600,fulfilled,2025-08-06,2025-08-06
O004004,2025-08-04,D2C,R_S,SKU_CC_500,C00025,,1.0,1.0,1600,fulfilled,2025-08-06,2025-08-06
O004016,2025-08-04,D2C,R_S,SKU_CC_500,C00905,,0.5,0.5,1600,fulfilled,2025-08-06,2025-08-06
O004017,2025-08-04,D2C,R_S,SKU_CC_500,C00626,,1.5,1.5,1600,fulfilled,2025-08-06,2025-08-06
O006277,2025-08-04,B2B,R_N,SKU_CC_500,,ACC_DIST,86.7,86.7,1250,fulfilled,2025-08-07,2025-08-07
O006378,2025-08-04,B2B,R_S,SKU_CC_500,,ACC_REST,20.3,20.3,1400,fulfilled,2025-08-07,2025-08-07
O003955,2025-08-05,D2C,R_N,SKU_CC_500,C00460,,0.5,0.5,1600,fulfilled,2025-08-07,2025-08-07
O003967,2025-08-05,D2C,R_N,SKU_CC_500,C00666,,0.5,0.5,1600,fulfilled,2025-08-07,2025-08-07
O003970,2025-08-05,D2C,R_N,SKU_CC_500,C00351,,1.5,1.5,1600,fulfilled,2025-08-07,2025-08-07
O003971,2025-08-05,D2C,R_N,SKU_CC_500,C00130,,1.5,1.5,1600,fulfilled,2025-08-07,2025-08-07
O003977,2025-08-05,D2C,R_N,SKU_CC_500,C00809,,1.0,1.0,1600,fulfilled,2025-08-07,2025-08-07
O004005,2025-08-05,D2C,R_S,SKU_CC_500,C00828,,2.0,2.0,1600,fulfilled,2025-08-07,2025-08-07
O003962,2025-08-06,D2C,R_N,SKU_CC_500,C00227,,0.5,0.5,1600,fulfilled,2025-08-08,2025-08-08
O003979,2025-08-06,D2C,R_N,SKU_CC_500,C01147,,2.0,2.0,1600,fulfilled,2025-08-08,2025-08-08
O003981,2025-08-06,D2C,R_N,SKU_CC_500,C01134,,1.0,1.0,1600,fulfilled,2025-08-08,2025-08-08
O003982,2025-08-06,D2C,R_N,SKU_CC_500,C00409,,1.0,1.0,1600,fulfilled,2025-08-08,2025-08-08
O003994,2025-08-06,D2C,R_N,SKU_CC_500,C00819,,0.5,0.5,1600,fulfilled,2025-08-08,2025-08-08
O003995,2025-08-06,D2C,R_N,SKU_CC_500,C00796,,1.5,1.5,1600,fulfilled,2025-08-08,2025-08-08
O003998,2025-08-06,D2C,R_N,SKU_CC_500,C01055,,1.0,1.0,1600,fulfilled,2025-08-08,2025-08-08
O004007,2025-08-06,D2C,R_S,SKU_CC_500,C00207,,1.0,1.0,1600,fulfilled,2025-08-08,2025-08-08
O004010,2025-08-06,D2C,R_S,SKU_CC_500,C01063,,2.0,2.0,1600,fulfilled,2025-08-08,2025-08-08
O004028,2025-08-06,D2C,R_S,SKU_CC_500,C00488,,1.5,1.5,1600,fulfilled,2025-08-08,2025-08-08
O003960,2025-08-07,D2C,R_N,SKU_CC_500,C00410,,1.5,1.5,1600,fulfilled,2025-08-09,2025-08-09
O003961,2025-08-07,D2C,R_N,SKU_CC_500,C00107,,2.0,2.0,1600,fulfilled,2025-08-09,2025-08-09
O003972,2025-08-07,D2C,R_N,SKU_CC_500,C00158,,1.0,1.0,1600,fulfilled,2025-08-09,2025-08-09
O003976,2025-08-07,D2C,R_N,SKU_CC_500,C00370,,1.0,1.0,1600,fulfilled,2025-08-09,2025-08-09
O003983,2025-08-07,D2C,R_N,SKU_CC_500,C00241,,0.5,0.5,1600,fulfilled,2025-08-09,2025-08-09
O003991,2025-08-07,D2C,R_N,SKU_CC_500,C01148,,1.5,1.5,1600,fulfilled,2025-08-09,2025-08-09
O004001,2025-08-07,D2C,R_N,SKU_CC_500,C00668,,1.0,1.0,1600,fulfilled,2025-08-09,2025-08-09
O004009,2025-08-07,D2C,R_S,SKU_CC_500,C00907,,2.0,2.0,1600,fulfilled,2025-08-09,2025-08-09
O004015,2025-08-07,D2C,R_S,SKU_CC_500,C00308,,1.0,1.0,1600,fulfilled,2025-08-09,2025-08-09
O004022,2025-08-07,D2C,R_S,SKU_CC_500,C00868,,2.0,2.0,1600,fulfilled,2025-08-09,2025-08-09
O004023,2025-08-07,D2C,R_S,SKU_CC_500,C01011,,2.0,2.0,1600,fulfilled,2025-08-09,2025-08-09
O004026,2025-08-07,D2C,R_S,SKU_CC_500,C00047,,1.5,1.5,1600,fulfilled,2025-08-09,2025-08-09
O004027,2025-08-07,D2C,R_S,SKU_CC_500,C00559,,1.5,1.5,1600,fulfilled,2025-08-09,2025-08-09
O003963,2025-08-08,D2C,R_N,SKU_CC_500,C00408,,0.5,0.5,1600,fulfilled,2025-08-10,2025-08-10
O003965,2025-08-08,D2C,R_N,SKU_CC_500,C01123,,0.5,0.5,1600,fulfilled,2025-08-10,2025-08-10
O003966,2025-08-08,D2C,R_N,SKU_CC_500,C00834,,1.5,1.5,1600,fulfilled,2025-08-10,2025-08-10
O003968,2025-08-08,D2C,R_N,SKU_CC_500,C00741,,2.0,2.0,1600,fulfilled,2025-08-10,2025-08-10
O003969,2025-08-08,D2C,R_N,SKU_CC_500,C01071,,1.0,1.0,1600,fulfilled,2025-08-10,2025-08-10
O003988,2025-08-08,D2C,R_N,SKU_CC_500,C01018,,2.0,2.0,1600,fulfilled,2025-08-10,2025-08-10
O003992,2025-08-08,D2C,R_N,SKU_CC_500,C00344,,1.5,1.5,1600,fulfilled,2025-08-10,2025-08-10
O003997,2025-08-08,D2C,R_N,SKU_CC_500,C00953,,2.0,2.0,1600,fulfilled,2025-08-10,2025-08-10
O003999,2025-08-08,D2C,R_N,SKU_CC_500,C00251,,1.5,1.5,1600,fulfilled,2025-08-10,2025-08-10
O004008,2025-08-08,D2C,R_S,SKU_CC_500,C00471,,1.5,1.5,1600,fulfilled,2025-08-10,2025-08-10
O004012,2025-08-08,D2C,R_S,SKU_CC_500,C00073,,1.0,1.0,1600,fulfilled,2025-08-10,2025-08-10
O004014,2025-08-08,D2C,R_S,SKU_CC_500,C00308,,1.5,1.5,1600,fulfilled,2025-08-10,2025-08-10
O004018,2025-08-08,D2C,R_S,SKU_CC_500,C01103,,1.5,1.5,1600,fulfilled,2025-08-10,2025-08-10
O003973,2025-08-09,D2C,R_N,SKU_CC_500,C00630,,1.0,1.0,1600,fulfilled,2025-08-11,2025-08-11
O003974,2025-08-09,D2C,R_N,SKU_CC_500,C00582,,1.5,1.5,1600,fulfilled,2025-08-11,2025-08-11
O003975,2025-08-09,D2C,R_N,SKU_CC_500,C00458,,0.5,0.5,1600,fulfilled,2025-08-11,2025-08-11
O003984,2025-08-09,D2C,R_N,SKU_CC_500,C00611,,2.0,2.0,1600,fulfilled,2025-08-11,2025-08-11
O003986,2025-08-09,D2C,R_N,SKU_CC_500,C00896,,0.5,0.5,1600,fulfilled,2025-08-11,2025-08-11
O003987,2025-08-09,D2C,R_N,SKU_CC_500,C00755,,1.5,1.5,1600,fulfilled,2025-08-11,2025-08-11
O003990,2025-08-09,D2C,R_N,SKU_CC_500,C01098,,2.0,2.0,1600,fulfilled,2025-08-11,2025-08-11
O004011,2025-08-09,D2C,R_S,SKU_CC_500,C00735,,1.5,1.5,1600,fulfilled,2025-08-11,2025-08-11
O004020,2025-08-09,D2C,R_S,SKU_CC_500,C01101,,0.5,0.5,1600,fulfilled,2025-08-11,2025-08-11
O004021,2025-08-09,D2C,R_S,SKU_CC_500,C00827,,2.0,2.0,1600,fulfilled,2025-08-11,2025-08-11
O004025,2025-08-09,D2C,R_S,SKU_CC_500,C00155,,0.5,0.5,1600,fulfilled,2025-08-11,2025-08-11
O003956,2025-08-10,D2C,R_N,SKU_CC_500,C00768,,1.0,1.0,1600,fulfilled,2025-08-12,2025-08-12
O003957,2025-08-10,D2C,R_N,SKU_CC_500,C00528,,0.5,0.5,1600,fulfilled,2025-08-12,2025-08-12
O003959,2025-08-10,D2C,R_N,SKU_CC_500,C01131,,1.5,1.5,1600,fulfilled,2025-08-12,2025-08-12
O003993,2025-08-10,D2C,R_N,SKU_CC_500,C00392,,1.5,1.5,1600,fulfilled,2025-08-12,2025-08-12
O004000,2025-08-10,D2C,R_N,SKU_CC_500,C00016,,1.0,1.0,1600,fulfilled,2025-08-12,2025-08-12
O004002,2025-08-10,D2C,R_S,SKU_CC_500,C00420,,2.0,2.0,1600,fulfilled,2025-08-12,2025-08-12
O004003,2025-08-10,D2C,R_S,SKU_CC_500,C01140,,0.5,0.5,1600,fulfilled,2025-08-12,2025-08-12
O004006,2025-08-10,D2C,R_S,SKU_CC_500,C00406,,2.0,2.0,1600,fulfilled,2025-08-12,2025-08-12
O004013,2025-08-10,D2C,R_S,SKU_CC_500,C00076,,1.5,1.5,1600,fulfilled,2025-08-12,2025-08-12
O004019,2025-08-10,D2C,R_S,SKU_CC_500,C00843,,2.0,2.0,1600,fulfilled,2025-08-12,2025-08-12
O004024,2025-08-10,D2C,R_S,SKU_CC_500,C00931,,1.0,1.0,1600,fulfilled,2025-08-12,2025-08-12
O004030,2025-08-11,D2C,R_N,SKU_CC_500,C00171,,1.0,1.0,1600,fulfilled,2025-08-13,2025-08-13
O004034,2025-08-11,D2C,R_N,SKU_CC_500,C00952,,1.0,1.0,1600,fulfilled,2025-08-13,2025-08-13
O004050,2025-08-11,D2C,R_N,SKU_CC_500,C00343,,1.0,1.0,1600,fulfilled,2025-08-13,2025-08-13
O004057,2025-08-11,D2C,R_N,SKU_CC_500,C00597,,0.5,0.5,1600,fulfilled,2025-08-13,2025-08-13
O004085,2025-08-11,D2C,R_S,SKU_CC_500,C00908,,2.0,2.0,1600,fulfilled,2025-08-13,2025-08-13
O006278,2025-08-11,B2B,R_N,SKU_CC_500,,ACC_DIST,73.9,73.9,1250,fulfilled,2025-08-14,2025-08-14
O006379,2025-08-11,B2B,R_S,SKU_CC_500,,ACC_REST,15.2,15.2,1400,fulfilled,2025-08-14,2025-08-14
O004043,2025-08-12,D2C,R_N,SKU_CC_500,C01068,,1.0,1.0,1600,fulfilled,2025-08-14,2025-08-14
O004048,2025-08-12,D2C,R_N,SKU_CC_500,C01162,,0.5,0.5,1600,fulfilled,2025-08-14,2025-08-14
O004052,2025-08-12,D2C,R_N,SKU_CC_500,C00645,,1.5,1.5,1600,fulfilled,2025-08-14,2025-08-14
O004061,2025-08-12,D2C,R_N,SKU_CC_500,C00329,,1.0,1.0,1600,fulfilled,2025-08-14,2025-08-14
O004064,2025-08-12,D2C,R_N,SKU_CC_500,C00976,,2.0,2.0,1600,fulfilled,2025-08-14,2025-08-14
O004088,2025-08-12,D2C,R_S,SKU_CC_500,C01153,,1.5,1.5,1600,fulfilled,2025-08-14,2025-08-14
O004091,2025-08-12,D2C,R_S,SKU_CC_500,C00642,,1.0,1.0,1600,fulfilled,2025-08-14,2025-08-14
O004031,2025-08-13,D2C,R_N,SKU_CC_500,C00900,,1.0,1.0,1600,fulfilled,2025-08-15,2025-08-15
O004032,2025-08-13,D2C,R_N,SKU_CC_500,C00992,,1.5,1.5,1600,fulfilled,2025-08-15,2025-08-15
O004040,2025-08-13,D2C,R_N,SKU_CC_500,C00358,,1.5,1.5,1600,fulfilled,2025-08-15,2025-08-15
O004042,2025-08-13,D2C,R_N,SKU_CC_500,C00482,,2.0,2.0,1600,fulfilled,2025-08-15,2025-08-15
O004044,2025-08-13,D2C,R_N,SKU_CC_500,C00301,,0.5,0.5,1600,fulfilled,2025-08-15,2025-08-15
O004045,2025-08-13,D2C,R_N,SKU_CC_500,C00533,,0.5,0.5,1600,fulfilled,2025-08-15,2025-08-15
O004049,2025-08-13,D2C,R_N,SKU_CC_500,C00081,,2.0,2.0,1600,fulfilled,2025-08-15,2025-08-15
O004055,2025-08-13,D2C,R_N,SKU_CC_500,C00835,,1.0,1.0,1600,fulfilled,2025-08-15,2025-08-15
O004062,2025-08-13,D2C,R_N,SKU_CC_500,C00849,,1.0,1.0,1600,fulfilled,2025-08-15,2025-08-15
O004065,2025-08-13,D2C,R_N,SKU_CC_500,C01000,,1.5,1.5,1600,fulfilled,2025-08-15,2025-08-15
O004067,2025-08-13,D2C,R_N,SKU_CC_500,C00614,,0.5,0.5,1600,fulfilled,2025-08-15,2025-08-15
O004068,2025-08-13,D2C,R_N,SKU_CC_500,C01016,,0.5,0.5,1600,fulfilled,2025-08-15,2025-08-15
O004074,2025-08-13,D2C,R_N,SKU_CC_500,C01040,,0.5,0.5,1600,fulfilled,2025-08-15,2025-08-15
O004081,2025-08-13,D2C,R_S,SKU_CC_500,C00573,,1.0,1.0,1600,fulfilled,2025-08-15,2025-08-15
O004087,2025-08-13,D2C,R_S,SKU_CC_500,C00386,,1.0,1.0,1600,fulfilled,2025-08-15,2025-08-15
O004093,2025-08-13,D2C,R_S,SKU_CC_500,C00363,,0.5,0.5,1600,fulfilled,2025-08-15,2025-08-15
O004097,2025-08-13,D2C,R_S,SKU_CC_500,C01113,,2.0,2.0,1600,fulfilled,2025-08-15,2025-08-15
O004099,2025-08-13,D2C,R_S,SKU_CC_500,C00660,,2.0,2.0,1600,fulfilled,2025-08-15,2025-08-15
O004103,2025-08-13,D2C,R_S,SKU_CC_500,C00748,,2.0,2.0,1600,fulfilled,2025-08-15,2025-08-15
O004033,2025-08-14,D2C,R_N,SKU_CC_500,C00459,,1.5,1.5,1600,fulfilled,2025-08-16,2025-08-16
O004038,2025-08-14,D2C,R_N,SKU_CC_500,C00005,,1.5,1.5,1600,fulfilled,2025-08-16,2025-08-16
O004039,2025-08-14,D2C,R_N,SKU_CC_500,C00501,,0.5,0.5,1600,fulfilled,2025-08-16,2025-08-16
O004053,2025-08-14,D2C,R_N,SKU_CC_500,C00781,,1.0,1.0,1600,fulfilled,2025-08-16,2025-08-16
O004056,2025-08-14,D2C,R_N,SKU_CC_500,C00286,,2.0,2.0,1600,fulfilled,2025-08-16,2025-08-16
O004060,2025-08-14,D2C,R_N,SKU_CC_500,C00029,,2.0,2.0,1600,fulfilled,2025-08-16,2025-08-16
O004070,2025-08-14,D2C,R_N,SKU_CC_500,C00862,,1.0,1.0,1600,fulfilled,2025-08-16,2025-08-16
O004071,2025-08-14,D2C,R_N,SKU_CC_500,C00911,,1.5,1.5,1600,fulfilled,2025-08-16,2025-08-16
O004072,2025-08-14,D2C,R_N,SKU_CC_500,C00143,,1.5,1.5,1600,fulfilled,2025-08-16,2025-08-16
O004084,2025-08-14,D2C,R_S,SKU_CC_500,C00855,,1.5,1.5,1600,fulfilled,2025-08-16,2025-08-16
O004090,2025-08-14,D2C,R_S,SKU_CC_500,C00817,,1.5,1.5,1600,fulfilled,2025-08-16,2025-08-16
O004036,2025-08-15,D2C,R_N,SKU_CC_500,C00435,,1.5,1.5,1600,fulfilled,2025-08-17,2025-08-17
O004046,2025-08-15,D2C,R_N,SKU_CC_500,C00492,,1.0,1.0,1600,fulfilled,2025-08-17,2025-08-17
O004054,2025-08-15,D2C,R_N,SKU_CC_500,C01003,,2.0,2.0,1600,fulfilled,2025-08-17,2025-08-17
O004066,2025-08-15,D2C,R_N,SKU_CC_500,C00340,,2.0,2.0,1600,fulfilled,2025-08-17,2025-08-17
O004069,2025-08-15,D2C,R_N,SKU_CC_500,C00977,,1.5,1.5,1600,fulfilled,2025-08-17,2025-08-17
O004077,2025-08-15,D2C,R_S,SKU_CC_500,C00311,,1.5,1.5,1600,fulfilled,2025-08-17,2025-08-17
O004079,2025-08-15,D2C,R_S,SKU_CC_500,C00050,,0.5,0.5,1600,fulfilled,2025-08-17,2025-08-17
O004086,2025-08-15,D2C,R_S,SKU_CC_500,C00626,,2.0,2.0,1600,fulfilled,2025-08-17,2025-08-17
O004096,2025-08-15,D2C,R_S,SKU_CC_500,C00323,,1.5,1.5,1600,fulfilled,2025-08-17,2025-08-17
O004041,2025-08-16,D2C,R_N,SKU_CC_500,C00201,,1.0,1.0,1600,fulfilled,2025-08-18,2025-08-18
O004051,2025-08-16,D2C,R_N,SKU_CC_500,C00753,,2.0,2.0,1600,fulfilled,2025-08-18,2025-08-18
O004058,2025-08-16,D2C,R_N,SKU_CC_500,C00275,,1.0,1.0,1600,fulfilled,2025-08-18,2025-08-18
O004075,2025-08-16,D2C,R_N,SKU_CC_500,C01146,,0.5,0.5,1600,fulfilled,2025-08-18,2025-08-18
O004076,2025-08-16,D2C,R_N,SKU_CC_500,C00476,,2.0,2.0,1600,fulfilled,2025-08-18,2025-08-18
O004078,2025-08-16,D2C,R_S,SKU_CC_500,C00684,,1.0,1.0,1600,fulfilled,2025-08-18,2025-08-18
O004082,2025-08-16,D2C,R_S,SKU_CC_500,C00064,,2.0,2.0,1600,fulfilled,2025-08-18,2025-08-18
O004092,2025-08-16,D2C,R_S,SKU_CC_500,C00100,,1.0,1.0,1600,fulfilled,2025-08-18,2025-08-18
O004095,2025-08-16,D2C,R_S,SKU_CC_500,C00625,,0.5,0.5,1600,fulfilled,2025-08-18,2025-08-18
O004098,2025-08-16,D2C,R_S,SKU_CC_500,C00060,,1.5,1.5,1600,fulfilled,2025-08-18,2025-08-18
O004029,2025-08-17,D2C,R_N,SKU_CC_500,C01092,,1.0,1.0,1600,fulfilled,2025-08-19,2025-08-19
O004035,2025-08-17,D2C,R_N,SKU_CC_500,C00915,,1.0,1.0,1600,fulfilled,2025-08-19,2025-08-19
O004037,2025-08-17,D2C,R_N,SKU_CC_500,C00131,,2.0,2.0,1600,fulfilled,2025-08-19,2025-08-19
O004047,2025-08-17,D2C,R_N,SKU_CC_500,C00306,,0.5,0.5,1600,fulfilled,2025-08-19,2025-08-19
O004059,2025-08-17,D2C,R_N,SKU_CC_500,C00915,,1.5,1.5,1600,fulfilled,2025-08-19,2025-08-19
O004063,2025-08-17,D2C,R_N,SKU_CC_500,C01068,,0.5,0.5,1600,fulfilled,2025-08-19,2025-08-19
O004073,2025-08-17,D2C,R_N,SKU_CC_500,C01054,,1.5,1.5,1600,fulfilled,2025-08-19,2025-08-19
O004080,2025-08-17,D2C,R_S,SKU_CC_500,C00473,,0.5,0.5,1600,fulfilled,2025-08-19,2025-08-19
O004083,2025-08-17,D2C,R_S,SKU_CC_500,C00021,,0.5,0.5,1600,fulfilled,2025-08-19,2025-08-19
O004089,2025-08-17,D2C,R_S,SKU_CC_500,C00524,,2.0,2.0,1600,fulfilled,2025-08-19,2025-08-19
O004094,2025-08-17,D2C,R_S,SKU_CC_500,C01034,,0.5,0.5,1600,fulfilled,2025-08-19,2025-08-19
O004100,2025-08-17,D2C,R_S,SKU_CC_500,C00752,,1.0,1.0,1600,fulfilled,2025-08-19,2025-08-19
O004101,2025-08-17,D2C,R_S,SKU_CC_500,C01099,,2.0,2.0,1600,fulfilled,2025-08-19,2025-08-19
O004102,2025-08-17,D2C,R_S,SKU_CC_500,C00231,,1.0,1.0,1600,fulfilled,2025-08-19,2025-08-19
O004118,2025-08-18,D2C,R_N,SKU_CC_500,C00029,,1.0,1.0,1600,fulfilled,2025-08-20,2025-08-20
O004141,2025-08-18,D2C,R_N,SKU_CC_500,C00224,,2.0,2.0,1600,fulfilled,2025-08-20,2025-08-20
O004144,2025-08-18,D2C,R_N,SKU_CC_500,C00343,,1.0,1.0,1600,fulfilled,2025-08-20,2025-08-20
O004147,2025-08-18,D2C,R_N,SKU_CC_500,C00173,,0.5,0.5,1600,fulfilled,2025-08-20,2025-08-20
O004157,2025-08-18,D2C,R_S,SKU_CC_500,C00814,,0.5,0.5,1600,fulfilled,2025-08-20,2025-08-20
O004168,2025-08-18,D2C,R_S,SKU_CC_500,C01034,,0.5,0.5,1600,fulfilled,2025-08-20,2025-08-20
O004171,2025-08-18,D2C,R_S,SKU_CC_500,C00205,,2.0,2.0,1600,fulfilled,2025-08-20,2025-08-20
O006279,2025-08-18,B2B,R_N,SKU_CC_500,,ACC_DIST,103.8,103.8,1250,fulfilled,2025-08-21,2025-08-21
O006380,2025-08-18,B2B,R_S,SKU_CC_500,,ACC_REST,15.3,15.3,1400,fulfilled,2025-08-21,2025-08-21
O004113,2025-08-19,D2C,R_N,SKU_CC_500,C00562,,2.0,2.0,1600,fulfilled,2025-08-21,2025-08-21
O004121,2025-08-19,D2C,R_N,SKU_CC_500,C00716,,2.0,2.0,1600,fulfilled,2025-08-21,2025-08-21
O004126,2025-08-19,D2C,R_N,SKU_CC_500,C01030,,0.5,0.5,1600,fulfilled,2025-08-21,2025-08-21
O004128,2025-08-19,D2C,R_N,SKU_CC_500,C00093,,2.0,2.0,1600,fulfilled,2025-08-21,2025-08-21
O004133,2025-08-19,D2C,R_N,SKU_CC_500,C00072,,1.0,1.0,1600,fulfilled,2025-08-21,2025-08-21
O004135,2025-08-19,D2C,R_N,SKU_CC_500,C00795,,2.0,2.0,1600,fulfilled,2025-08-21,2025-08-21
O004136,2025-08-19,D2C,R_N,SKU_CC_500,C00356,,0.5,0.5,1600,fulfilled,2025-08-21,2025-08-21
O004153,2025-08-19,D2C,R_S,SKU_CC_500,C01115,,0.5,0.5,1600,fulfilled,2025-08-21,2025-08-21
O004170,2025-08-19,D2C,R_S,SKU_CC_500,C01024,,0.5,0.5,1600,fulfilled,2025-08-21,2025-08-21
O004173,2025-08-19,D2C,R_S,SKU_CC_500,C00050,,1.5,1.5,1600,fulfilled,2025-08-21,2025-08-21
O004104,2025-08-20,D2C,R_N,SKU_CC_500,C00637,,0.5,0.5,1600,fulfilled,2025-08-22,2025-08-22
O004106,2025-08-20,D2C,R_N,SKU_CC_500,C01007,,0.5,0.5,1600,fulfilled,2025-08-22,2025-08-22
O004115,2025-08-20,D2C,R_N,SKU_CC_500,C01157,,1.0,1.0,1600,fulfilled,2025-08-22,2025-08-22
O004120,2025-08-20,D2C,R_N,SKU_CC_500,C00714,,2.0,2.0,1600,fulfilled,2025-08-22,2025-08-22
O004122,2025-08-20,D2C,R_N,SKU_CC_500,C01110,,1.0,1.0,1600,fulfilled,2025-08-22,2025-08-22
O004130,2025-08-20,D2C,R_N,SKU_CC_500,C00092,,1.5,1.5,1600,fulfilled,2025-08-22,2025-08-22
O004131,2025-08-20,D2C,R_N,SKU_CC_500,C00401,,0.5,0.5,1600,fulfilled,2025-08-22,2025-08-22
O004134,2025-08-20,D2C,R_N,SKU_CC_500,C00603,,2.0,2.0,1600,fulfilled,2025-08-22,2025-08-22
O004137,2025-08-20,D2C,R_N,SKU_CC_500,C00721,,2.0,2.0,1600,fulfilled,2025-08-22,2025-08-22
O004143,2025-08-20,D2C,R_N,SKU_CC_500,C00519,,1.0,1.0,1600,fulfilled,2025-08-22,2025-08-22
O004149,2025-08-20,D2C,R_N,SKU_CC_500,C00691,,2.0,2.0,1600,fulfilled,2025-08-22,2025-08-22
O004159,2025-08-20,D2C,R_S,SKU_CC_500,C00101,,0.5,0.5,1600,fulfilled,2025-08-22,2025-08-22
O004178,2025-08-20,D2C,R_S,SKU_CC_500,C00154,,1.5,1.5,1600,fulfilled,2025-08-22,2025-08-22
O004107,2025-08-21,D2C,R_N,SKU_CC_500,C00716,,0.5,0.5,1600,fulfilled,2025-08-23,2025-08-23
O004112,2025-08-21,D2C,R_N,SKU_CC_500,C00715,,0.5,0.5,1600,fulfilled,2025-08-23,2025-08-23
O004114,2025-08-21,D2C,R_N,SKU_CC_500,C00779,,2.0,2.0,1600,fulfilled,2025-08-23,2025-08-23
O004142,2025-08-21,D2C,R_N,SKU_CC_500,C00248,,1.5,1.5,1600,fulfilled,2025-08-23,2025-08-23
O004146,2025-08-21,D2C,R_N,SKU_CC_500,C01132,,2.0,2.0,1600,fulfilled,2025-08-23,2025-08-23
O004155,2025-08-21,D2C,R_S,SKU_CC_500,C00404,,2.0,2.0,1600,fulfilled,2025-08-23,2025-08-23
O004156,2025-08-21,D2C,R_S,SKU_CC_500,C00671,,2.0,2.0,1600,fulfilled,2025-08-23,2025-08-23
O004165,2025-08-21,D2C,R_S,SKU_CC_500,C00712,,0.5,0.5,1600,fulfilled,2025-08-23,2025-08-23
O004109,2025-08-22,D2C,R_N,SKU_CC_500,C00222,,1.5,1.5,1600,fulfilled,2025-08-24,2025-08-24
O004119,2025-08-22,D2C,R_N,SKU_CC_500,C00651,,2.0,2.0,1600,fulfilled,2025-08-24,2025-08-24
O004123,2025-08-22,D2C,R_N,SKU_CC_500,C01082,,1.0,1.0,1600,fulfilled,2025-08-24,2025-08-24
O004124,2025-08-22,D2C,R_N,SKU_CC_500,C00615,,2.0,2.0,1600,fulfilled,2025-08-24,2025-08-24
O004127,2025-08-22,D2C,R_N,SKU_CC_500,C01030,,2.0,2.0,1600,fulfilled,2025-08-24,2025-08-24
O004132,2025-08-22,D2C,R_N,SKU_CC_500,C00940,,2.0,2.0,1600,fulfilled,2025-08-24,2025-08-24
O004138,2025-08-22,D2C,R_N,SKU_CC_500,C00883,,2.0,2.0,1600,fulfilled,2025-08-24,2025-08-24
O004139,2025-08-22,D2C,R_N,SKU_CC_500,C00043,,0.5,0.5,1600,fulfilled,2025-08-24,2025-08-24
O004148,2025-08-22,D2C,R_N,SKU_CC_500,C00091,,2.0,2.0,1600,fulfilled,2025-08-24,2025-08-24
O004151,2025-08-22,D2C,R_N,SKU_CC_500,C00721,,0.5,0.5,1600,fulfilled,2025-08-24,2025-08-24
O004152,2025-08-22,D2C,R_S,SKU_CC_500,C00558,,0.5,0.5,1600,fulfilled,2025-08-24,2025-08-24
O004154,2025-08-22,D2C,R_S,SKU_CC_500,C00310,,2.0,2.0,1600,fulfilled,2025-08-24,2025-08-24
O004160,2025-08-22,D2C,R_S,SKU_CC_500,C00670,,2.0,2.0,1600,fulfilled,2025-08-24,2025-08-24
O004161,2025-08-22,D2C,R_S,SKU_CC_500,C00087,,1.5,1.5,1600,fulfilled,2025-08-24,2025-08-24
O004162,2025-08-22,D2C,R_S,SKU_CC_500,C00921,,1.0,1.0,1600,fulfilled,2025-08-24,2025-08-24
O004164,2025-08-22,D2C,R_S,SKU_CC_500,C00723,,2.0,2.0,1600,fulfilled,2025-08-24,2025-08-24
O004166,2025-08-22,D2C,R_S,SKU_CC_500,C01151,,0.5,0.5,1600,fulfilled,2025-08-24,2025-08-24
O004175,2025-08-22,D2C,R_S,SKU_CC_500,C00608,,1.5,1.5,1600,fulfilled,2025-08-24,2025-08-24
O004177,2025-08-22,D2C,R_S,SKU_CC_500,C00540,,1.0,1.0,1600,fulfilled,2025-08-24,2025-08-24
O004105,2025-08-23,D2C,R_N,SKU_CC_500,C01145,,0.5,0.5,1600,fulfilled,2025-08-25,2025-08-25
O004111,2025-08-23,D2C,R_N,SKU_CC_500,C01149,,1.5,1.5,1600,fulfilled,2025-08-25,2025-08-25
O004129,2025-08-23,D2C,R_N,SKU_CC_500,C00003,,1.0,1.0,1600,fulfilled,2025-08-25,2025-08-25
O004150,2025-08-23,D2C,R_N,SKU_CC_500,C00304,,1.0,1.0,1600,fulfilled,2025-08-25,2025-08-25
O004158,2025-08-23,D2C,R_S,SKU_CC_500,C00177,,1.0,1.0,1600,fulfilled,2025-08-25,2025-08-25
O004172,2025-08-23,D2C,R_S,SKU_CC_500,C01165,,2.0,2.0,1600,fulfilled,2025-08-25,2025-08-25
O004176,2025-08-23,D2C,R_S,SKU_CC_500,C00112,,1.0,1.0,1600,fulfilled,2025-08-25,2025-08-25
O004108,2025-08-24,D2C,R_N,SKU_CC_500,C00731,,1.5,1.5,1600,fulfilled,2025-08-26,2025-08-26
O004110,2025-08-24,D2C,R_N,SKU_CC_500,C00342,,1.0,1.0,1600,fulfilled,2025-08-26,2025-08-26
O004116,2025-08-24,D2C,R_N,SKU_CC_500,C00914,,2.0,2.0,1600,fulfilled,2025-08-26,2025-08-26
O004117,2025-08-24,D2C,R_N,SKU_CC_500,C00730,,0.5,0.5,1600,fulfilled,2025-08-26,2025-08-26
O004125,2025-08-24,D2C,R_N,SKU_CC_500,C00767,,2.0,2.0,1600,fulfilled,2025-08-26,2025-08-26
O004140,2025-08-24,D2C,R_N,SKU_CC_500,C00046,,1.5,1.5,1600,fulfilled,2025-08-26,2025-08-26
O004145,2025-08-24,D2C,R_N,SKU_CC_500,C01095,,1.0,1.0,1600,fulfilled,2025-08-26,2025-08-26
O004163,2025-08-24,D2C,R_S,SKU_CC_500,C00323,,1.0,1.0,1600,fulfilled,2025-08-26,2025-08-26
O004167,2025-08-24,D2C,R_S,SKU_CC_500,C00231,,2.0,2.0,1600,fulfilled,2025-08-26,2025-08-26
O004169,2025-08-24,D2C,R_S,SKU_CC_500,C00882,,0.5,0.5,1600,fulfilled,2025-08-26,2025-08-26
O004174,2025-08-24,D2C,R_S,SKU_CC_500,C00524,,2.0,2.0,1600,fulfilled,2025-08-26,2025-08-26
O004180,2025-08-25,D2C,R_N,SKU_CC_500,C00026,,1.0,1.0,1600,fulfilled,2025-08-27,2025-08-27
O004186,2025-08-25,D2C,R_N,SKU_CC_500,C00096,,2.0,2.0,1600,fulfilled,2025-08-27,2025-08-27
O004198,2025-08-25,D2C,R_N,SKU_CC_500,C00383,,1.0,1.0,1600,fulfilled,2025-08-27,2025-08-27
O004201,2025-08-25,D2C,R_N,SKU_CC_500,C00213,,1.0,1.0,1600,fulfilled,2025-08-27,2025-08-27
O004217,2025-08-25,D2C,R_N,SKU_CC_500,C00546,,2.0,2.0,1600,fulfilled,2025-08-27,2025-08-27
O004221,2025-08-25,D2C,R_N,SKU_CC_500,C01156,,1.0,1.0,1600,fulfilled,2025-08-27,2025-08-27
O004237,2025-08-25,D2C,R_S,SKU_CC_500,C00167,,0.5,0.5,1600,fulfilled,2025-08-27,2025-08-27
O004242,2025-08-25,D2C,R_S,SKU_CC_500,C00574,,2.0,2.0,1600,fulfilled,2025-08-27,2025-08-27
O004251,2025-08-25,D2C,R_S,SKU_CC_500,C00723,,1.5,1.5,1600,fulfilled,2025-08-27,2025-08-27
O006280,2025-08-25,B2B,R_N,SKU_CC_500,,ACC_DIST,102.3,102.3,1250,fulfilled,2025-08-28,2025-08-28
O006381,2025-08-25,B2B,R_S,SKU_CC_500,,ACC_REST,17.1,17.1,1400,fulfilled,2025-08-28,2025-08-28
O004193,2025-08-26,D2C,R_N,SKU_CC_500,C00058,,1.5,1.5,1600,fulfilled,2025-08-28,2025-08-28
O004196,2025-08-26,D2C,R_N,SKU_CC_500,C00991,,0.5,0.5,1600,fulfilled,2025-08-28,2025-08-28
O004199,2025-08-26,D2C,R_N,SKU_CC_500,C00511,,1.0,1.0,1600,fulfilled,2025-08-28,2025-08-28
O004206,2025-08-26,D2C,R_N,SKU_CC_500,C00760,,2.0,2.0,1600,fulfilled,2025-08-28,2025-08-28
O004210,2025-08-26,D2C,R_N,SKU_CC_500,C00513,,2.0,2.0,1600,fulfilled,2025-08-28,2025-08-28
O004220,2025-08-26,D2C,R_N,SKU_CC_500,C01094,,1.5,1.5,1600,fulfilled,2025-08-28,2025-08-28
O004246,2025-08-26,D2C,R_S,SKU_CC_500,C01127,,1.0,1.0,1600,fulfilled,2025-08-28,2025-08-28
O004183,2025-08-27,D2C,R_N,SKU_CC_500,C00822,,2.0,2.0,1600,fulfilled,2025-08-29,2025-08-29
O004195,2025-08-27,D2C,R_N,SKU_CC_500,C00227,,2.0,2.0,1600,fulfilled,2025-08-29,2025-08-29
O004207,2025-08-27,D2C,R_N,SKU_CC_500,C00046,,1.5,1.5,1600,fulfilled,2025-08-29,2025-08-29
O004212,2025-08-27,D2C,R_N,SKU_CC_500,C00979,,1.0,1.0,1600,fulfilled,2025-08-29,2025-08-29
O004216,2025-08-27,D2C,R_N,SKU_CC_500,C00974,,2.0,2.0,1600,fulfilled,2025-08-29,2025-08-29
O004219,2025-08-27,D2C,R_N,SKU_CC_500,C00859,,1.0,1.0,1600,fulfilled,2025-08-29,2025-08-29
O004226,2025-08-27,D2C,R_N,SKU_CC_500,C00534,,2.0,2.0,1600,fulfilled,2025-08-29,2025-08-29
O004234,2025-08-27,D2C,R_S,SKU_CC_500,C00025,,1.0,1.0,1600,fulfilled,2025-08-29,2025-08-29
O004240,2025-08-27,D2C,R_S,SKU_CC_500,C00959,,0.5,0.5,1600,fulfilled,2025-08-29,2025-08-29
O004249,2025-08-27,D2C,R_S,SKU_CC_500,C00490,,1.0,1.0,1600,fulfilled,2025-08-29,2025-08-29
O004250,2025-08-27,D2C,R_S,SKU_CC_500,C00671,,2.0,2.0,1600,fulfilled,2025-08-29,2025-08-29
O004182,2025-08-28,D2C,R_N,SKU_CC_500,C00485,,0.5,0.5,1600,fulfilled,2025-08-30,2025-08-30
O004184,2025-08-28,D2C,R_N,SKU_CC_500,C00837,,2.0,2.0,1600,fulfilled,2025-08-30,2025-08-30
O004185,2025-08-28,D2C,R_N,SKU_CC_500,C01003,,1.0,1.0,1600,fulfilled,2025-08-30,2025-08-30
O004189,2025-08-28,D2C,R_N,SKU_CC_500,C00662,,0.5,0.5,1600,fulfilled,2025-08-30,2025-08-30
O004194,2025-08-28,D2C,R_N,SKU_CC_500,C00832,,2.0,2.0,1600,fulfilled,2025-08-30,2025-08-30
O004200,2025-08-28,D2C,R_N,SKU_CC_500,C00704,,1.0,1.0,1600,fulfilled,2025-08-30,2025-08-30
O004202,2025-08-28,D2C,R_N,SKU_CC_500,C00647,,1.0,1.0,1600,fulfilled,2025-08-30,2025-08-30
O004215,2025-08-28,D2C,R_N,SKU_CC_500,C01057,,1.0,1.0,1600,fulfilled,2025-08-30,2025-08-30
O004229,2025-08-28,D2C,R_S,SKU_CC_500,C00141,,1.5,1.5,1600,fulfilled,2025-08-30,2025-08-30
O004230,2025-08-28,D2C,R_S,SKU_CC_500,C00868,,0.5,0.5,1600,fulfilled,2025-08-30,2025-08-30
O004231,2025-08-28,D2C,R_S,SKU_CC_500,C00957,,0.5,0.5,1600,fulfilled,2025-08-30,2025-08-30
O004238,2025-08-28,D2C,R_S,SKU_CC_500,C01087,,2.0,2.0,1600,fulfilled,2025-08-30,2025-08-30
O004239,2025-08-28,D2C,R_S,SKU_CC_500,C00405,,2.0,2.0,1600,fulfilled,2025-08-30,2025-08-30
O004241,2025-08-28,D2C,R_S,SKU_CC_500,C00932,,2.0,2.0,1600,fulfilled,2025-08-30,2025-08-30
O004245,2025-08-28,D2C,R_S,SKU_CC_500,C00524,,1.0,1.0,1600,fulfilled,2025-08-30,2025-08-30
O004247,2025-08-28,D2C,R_S,SKU_CC_500,C00421,,2.0,2.0,1600,fulfilled,2025-08-30,2025-08-30
O004253,2025-08-28,D2C,R_S,SKU_CC_500,C00778,,2.0,2.0,1600,fulfilled,2025-08-30,2025-08-30
O004187,2025-08-29,D2C,R_N,SKU_CC_500,C00875,,0.5,0.5,1600,fulfilled,2025-08-31,2025-08-31
O004190,2025-08-29,D2C,R_N,SKU_CC_500,C00601,,1.0,1.0,1600,fulfilled,2025-08-31,2025-08-31
O004192,2025-08-29,D2C,R_N,SKU_CC_500,C01186,,1.5,1.5,1600,fulfilled,2025-08-31,2025-08-31
O004208,2025-08-29,D2C,R_N,SKU_CC_500,C00535,,1.5,1.5,1600,fulfilled,2025-08-31,2025-08-31
O004211,2025-08-29,D2C,R_N,SKU_CC_500,C00341,,2.0,2.0,1600,fulfilled,2025-08-31,2025-08-31
O004222,2025-08-29,D2C,R_N,SKU_CC_500,C00312,,2.0,2.0,1600,fulfilled,2025-08-31,2025-08-31
O004224,2025-08-29,D2C,R_N,SKU_CC_500,C00792,,1.5,1.5,1600,fulfilled,2025-08-31,2025-08-31
O004228,2025-08-29,D2C,R_S,SKU_CC_500,C00374,,1.5,1.5,1600,fulfilled,2025-08-31,2025-08-31
O004179,2025-08-30,D2C,R_N,SKU_CC_500,C00273,,1.5,1.5,1600,fulfilled,2025-09-01,2025-09-01
O004191,2025-08-30,D2C,R_N,SKU_CC_500,C00706,,2.0,2.0,1600,fulfilled,2025-09-01,2025-09-01
O004204,2025-08-30,D2C,R_N,SKU_CC_500,C00809,,1.5,1.5,1600,fulfilled,2025-09-01,2025-09-01
O004209,2025-08-30,D2C,R_N,SKU_CC_500,C00860,,1.5,1.5,1600,fulfilled,2025-09-01,2025-09-01
O004213,2025-08-30,D2C,R_N,SKU_CC_500,C00836,,1.0,1.0,1600,fulfilled,2025-09-01,2025-09-01
O004214,2025-08-30,D2C,R_N,SKU_CC_500,C01004,,0.5,0.5,1600,fulfilled,2025-09-01,2025-09-01
O004227,2025-08-30,D2C,R_S,SKU_CC_500,C00320,,0.5,0.5,1600,fulfilled,2025-09-01,2025-09-01
O004232,2025-08-30,D2C,R_S,SKU_CC_500,C00800,,1.0,1.0,1600,fulfilled,2025-09-01,2025-09-01
O004235,2025-08-30,D2C,R_S,SKU_CC_500,C00878,,1.0,1.0,1600,fulfilled,2025-09-01,2025-09-01
O004236,2025-08-30,D2C,R_S,SKU_CC_500,C00775,,0.5,0.5,1600,fulfilled,2025-09-01,2025-09-01
O004244,2025-08-30,D2C,R_S,SKU_CC_500,C00673,,1.0,1.0,1600,fulfilled,2025-09-01,2025-09-01
O004248,2025-08-30,D2C,R_S,SKU_CC_500,C00802,,1.0,1.0,1600,fulfilled,2025-09-01,2025-09-01
O004252,2025-08-30,D2C,R_S,SKU_CC_500,C01022,,1.0,1.0,1600,fulfilled,2025-09-01,2025-09-01
O004181,2025-08-31,D2C,R_N,SKU_CC_500,C00650,,2.0,2.0,1600,fulfilled,2025-09-02,2025-09-02
O004188,2025-08-31,D2C,R_N,SKU_CC_500,C00478,,1.5,1.5,1600,fulfilled,2025-09-02,2025-09-02
O004197,2025-08-31,D2C,R_N,SKU_CC_500,C01185,,1.5,1.5,1600,fulfilled,2025-09-02,2025-09-02
O004203,2025-08-31,D2C,R_N,SKU_CC_500,C00040,,0.5,0.5,1600,fulfilled,2025-09-02,2025-09-02
O004205,2025-08-31,D2C,R_N,SKU_CC_500,C00942,,1.0,1.0,1600,fulfilled,2025-09-02,2025-09-02
O004218,2025-08-31,D2C,R_N,SKU_CC_500,C00133,,2.0,2.0,1600,fulfilled,2025-09-02,2025-09-02
O004223,2025-08-31,D2C,R_N,SKU_CC_500,C00805,,1.0,1.0,1600,fulfilled,2025-09-02,2025-09-02
O004225,2025-08-31,D2C,R_N,SKU_CC_500,C00134,,2.0,2.0,1600,fulfilled,2025-09-02,2025-09-02
O004233,2025-08-31,D2C,R_S,SKU_CC_500,C00590,,2.0,2.0,1600,fulfilled,2025-09-02,2025-09-02
O004243,2025-08-31,D2C,R_S,SKU_CC_500,C00405,,0.5,0.5,1600,fulfilled,2025-09-02,2025-09-02
O004255,2025-09-01,D2C,R_N,SKU_CC_500,C00133,,2.0,2.0,1600,fulfilled,2025-09-03,2025-09-03
O004259,2025-09-01,D2C,R_N,SKU_CC_500,C00963,,0.5,0.5,1600,fulfilled,2025-09-03,2025-09-03
O004264,2025-09-01,D2C,R_N,SKU_CC_500,C00486,,0.5,0.5,1600,fulfilled,2025-09-03,2025-09-03
O004269,2025-09-01,D2C,R_N,SKU_CC_500,C01052,,1.0,1.0,1600,fulfilled,2025-09-03,2025-09-03
O004289,2025-09-01,D2C,R_N,SKU_CC_500,C00068,,0.5,0.5,1600,fulfilled,2025-09-03,2025-09-03
O004294,2025-09-01,D2C,R_N,SKU_CC_500,C00365,,0.5,0.5,1600,fulfilled,2025-09-03,2025-09-03
O004297,2025-09-01,D2C,R_N,SKU_CC_500,C01106,,1.5,1.5,1600,fulfilled,2025-09-03,2025-09-03
O004301,2025-09-01,D2C,R_N,SKU_CC_500,C00288,,1.0,1.0,1600,fulfilled,2025-09-03,2025-09-03
O004312,2025-09-01,D2C,R_S,SKU_CC_500,C00539,,1.0,1.0,1600,fulfilled,2025-09-03,2025-09-03
O004313,2025-09-01,D2C,R_S,SKU_CC_500,C00178,,0.5,0.5,1600,fulfilled,2025-09-03,2025-09-03
O004325,2025-09-01,D2C,R_S,SKU_CC_500,C00610,,1.0,1.0,1600,fulfilled,2025-09-03,2025-09-03
O006281,2025-09-01,B2B,R_N,SKU_CC_500,,ACC_DIST,104.0,104.0,1250,fulfilled,2025-09-04,2025-09-04
O006382,2025-09-01,B2B,R_S,SKU_CC_500,,ACC_REST,19.2,19.2,1400,fulfilled,2025-09-04,2025-09-04
O004254,2025-09-02,D2C,R_N,SKU_CC_500,C00318,,1.0,1.0,1600,fulfilled,2025-09-04,2025-09-04
O004258,2025-09-02,D2C,R_N,SKU_CC_500,C00371,,1.0,1.0,1600,fulfilled,2025-09-04,2025-09-04
O004261,2025-09-02,D2C,R_N,SKU_CC_500,C01161,,2.0,2.0,1600,fulfilled,2025-09-04,2025-09-04
O004262,2025-09-02,D2C,R_N,SKU_CC_500,C00773,,1.0,1.0,1600,fulfilled,2025-09-04,2025-09-04
O004263,2025-09-02,D2C,R_N,SKU_CC_500,C01105,,1.0,1.0,1600,fulfilled,2025-09-04,2025-09-04
O004268,2025-09-02,D2C,R_N,SKU_CC_500,C00150,,1.0,1.0,1600,fulfilled,2025-09-04,2025-09-04
O004285,2025-09-02,D2C,R_N,SKU_CC_500,C00056,,1.5,1.5,1600,fulfilled,2025-09-04,2025-09-04
O004288,2025-09-02,D2C,R_N,SKU_CC_500,C00874,,0.5,0.5,1600,fulfilled,2025-09-04,2025-09-04
O004298,2025-09-02,D2C,R_N,SKU_CC_500,C00496,,1.0,1.0,1600,fulfilled,2025-09-04,2025-09-04
O004306,2025-09-02,D2C,R_S,SKU_CC_500,C01025,,0.5,0.5,1600,fulfilled,2025-09-04,2025-09-04
O004316,2025-09-02,D2C,R_S,SKU_CC_500,C00999,,1.0,1.0,1600,fulfilled,2025-09-04,2025-09-04
O004322,2025-09-02,D2C,R_S,SKU_CC_500,C00787,,0.5,0.5,1600,fulfilled,2025-09-04,2025-09-04
O004257,2025-09-03,D2C,R_N,SKU_CC_500,C00286,,2.0,2.0,1600,fulfilled,2025-09-05,2025-09-05
O004265,2025-09-03,D2C,R_N,SKU_CC_500,C00185,,0.5,0.5,1600,fulfilled,2025-09-05,2025-09-05
O004267,2025-09-03,D2C,R_N,SKU_CC_500,C00647,,1.0,1.0,1600,fulfilled,2025-09-05,2025-09-05
O004270,2025-09-03,D2C,R_N,SKU_CC_500,C00877,,1.0,1.0,1600,fulfilled,2025-09-05,2025-09-05
O004273,2025-09-03,D2C,R_N,SKU_CC_500,C00978,,1.5,1.5,1600,fulfilled,2025-09-05,2025-09-05
O004279,2025-09-03,D2C,R_N,SKU_CC_500,C00705,,2.0,2.0,1600,fulfilled,2025-09-05,2025-09-05
O004282,2025-09-03,D2C,R_N,SKU_CC_500,C00221,,1.5,1.5,1600,fulfilled,2025-09-05,2025-09-05
O004286,2025-09-03,D2C,R_N,SKU_CC_500,C01119,,1.5,1.5,1600,fulfilled,2025-09-05,2025-09-05
O004290,2025-09-03,D2C,R_N,SKU_CC_500,C01176,,1.5,1.5,1600,fulfilled,2025-09-05,2025-09-05
O004296,2025-09-03,D2C,R_N,SKU_CC_500,C00416,,0.5,0.5,1600,fulfilled,2025-09-05,2025-09-05
O004308,2025-09-03,D2C,R_S,SKU_CC_500,C00816,,1.5,1.5,1600,fulfilled,2025-09-05,2025-09-05
O004309,2025-09-03,D2C,R_S,SKU_CC_500,C00932,,2.0,2.0,1600,fulfilled,2025-09-05,2025-09-05
O004329,2025-09-03,D2C,R_S,SKU_CC_500,C00487,,2.0,2.0,1600,fulfilled,2025-09-05,2025-09-05
O004260,2025-09-04,D2C,R_N,SKU_CC_500,C00873,,0.5,0.5,1600,fulfilled,2025-09-06,2025-09-06
O004274,2025-09-04,D2C,R_N,SKU_CC_500,C00501,,1.0,1.0,1600,fulfilled,2025-09-06,2025-09-06
O004275,2025-09-04,D2C,R_N,SKU_CC_500,C01136,,0.5,0.5,1600,fulfilled,2025-09-06,2025-09-06
O004277,2025-09-04,D2C,R_N,SKU_CC_500,C00344,,0.5,0.5,1600,fulfilled,2025-09-06,2025-09-06
O004278,2025-09-04,D2C,R_N,SKU_CC_500,C00234,,1.5,1.5,1600,fulfilled,2025-09-06,2025-09-06
O004291,2025-09-04,D2C,R_N,SKU_CC_500,C00605,,2.0,2.0,1600,fulfilled,2025-09-06,2025-09-06
O004293,2025-09-04,D2C,R_N,SKU_CC_500,C00719,,2.0,2.0,1600,fulfilled,2025-09-06,2025-09-06
O004318,2025-09-04,D2C,R_S,SKU_CC_500,C01100,,0.5,0.5,1600,fulfilled,2025-09-06,2025-09-06
O004324,2025-09-04,D2C,R_S,SKU_CC_500,C01024,,1.0,1.0,1600,fulfilled,2025-09-06,2025-09-06
O004266,2025-09-05,D2C,R_N,SKU_CC_500,C00836,,1.5,1.5,1600,fulfilled,2025-09-07,2025-09-07
O004272,2025-09-05,D2C,R_N,SKU_CC_500,C00445,,1.0,1.0,1600,fulfilled,2025-09-07,2025-09-07
O004276,2025-09-05,D2C,R_N,SKU_CC_500,C00136,,1.5,1.5,1600,fulfilled,2025-09-07,2025-09-07
O004284,2025-09-05,D2C,R_N,SKU_CC_500,C00353,,0.5,0.5,1600,fulfilled,2025-09-07,2025-09-07
O004287,2025-09-05,D2C,R_N,SKU_CC_500,C00618,,1.0,1.0,1600,fulfilled,2025-09-07,2025-09-07
O004303,2025-09-05,D2C,R_S,SKU_CC_500,C00817,,2.0,2.0,1600,fulfilled,2025-09-07,2025-09-07
O004305,2025-09-05,D2C,R_S,SKU_CC_500,C00297,,2.0,2.0,1600,fulfilled,2025-09-07,2025-09-07
O004307,2025-09-05,D2C,R_S,SKU_CC_500,C00774,,1.0,1.0,1600,fulfilled,2025-09-07,2025-09-07
O004319,2025-09-05,D2C,R_S,SKU_CC_500,C00487,,0.5,0.5,1600,fulfilled,2025-09-07,2025-09-07
O004256,2025-09-06,D2C,R_N,SKU_CC_500,C00596,,2.0,2.0,1600,fulfilled,2025-09-08,2025-09-08
O004280,2025-09-06,D2C,R_N,SKU_CC_500,C01200,,1.0,1.0,1600,fulfilled,2025-09-08,2025-09-08
O004299,2025-09-06,D2C,R_N,SKU_CC_500,C00145,,2.0,2.0,1600,fulfilled,2025-09-08,2025-09-08
O004300,2025-09-06,D2C,R_N,SKU_CC_500,C00951,,2.0,2.0,1600,fulfilled,2025-09-08,2025-09-08
O004302,2025-09-06,D2C,R_S,SKU_CC_500,C00164,,2.0,2.0,1600,fulfilled,2025-09-08,2025-09-08
O004304,2025-09-06,D2C,R_S,SKU_CC_500,C00592,,1.5,1.5,1600,fulfilled,2025-09-08,2025-09-08
O004310,2025-09-06,D2C,R_S,SKU_CC_500,C00791,,0.5,0.5,1600,fulfilled,2025-09-08,2025-09-08
O004311,2025-09-06,D2C,R_S,SKU_CC_500,C00404,,1.5,1.5,1600,fulfilled,2025-09-08,2025-09-08
O004315,2025-09-06,D2C,R_S,SKU_CC_500,C00255,,0.5,0.5,1600,fulfilled,2025-09-08,2025-09-08
O004317,2025-09-06,D2C,R_S,SKU_CC_500,C00272,,1.5,1.5,1600,fulfilled,2025-09-08,2025-09-08
O004320,2025-09-06,D2C,R_S,SKU_CC_500,C00360,,1.0,1.0,1600,fulfilled,2025-09-08,2025-09-08
O004321,2025-09-06,D2C,R_S,SKU_CC_500,C00008,,1.5,1.5,1600,fulfilled,2025-09-08,2025-09-08
O004326,2025-09-06,D2C,R_S,SKU_CC_500,C00763,,0.5,0.5,1600,fulfilled,2025-09-08,2025-09-08
O004327,2025-09-06,D2C,R_S,SKU_CC_500,C00155,,1.0,1.0,1600,fulfilled,2025-09-08,2025-09-08
O004328,2025-09-06,D2C,R_S,SKU_CC_500,C00710,,1.0,1.0,1600,fulfilled,2025-09-08,2025-09-08
O004271,2025-09-07,D2C,R_N,SKU_CC_500,C00315,,2.0,2.0,1600,fulfilled,2025-09-09,2025-09-09
O004281,2025-09-07,D2C,R_N,SKU_CC_500,C00845,,1.0,1.0,1600,fulfilled,2025-09-09,2025-09-09
O004283,2025-09-07,D2C,R_N,SKU_CC_500,C00954,,0.5,0.5,1600,fulfilled,2025-09-09,2025-09-09
O004292,2025-09-07,D2C,R_N,SKU_CC_500,C00484,,2.0,2.0,1600,fulfilled,2025-09-09,2025-09-09
O004295,2025-09-07,D2C,R_N,SKU_CC_500,C00564,,1.5,1.5,1600,fulfilled,2025-09-09,2025-09-09
O004314,2025-09-07,D2C,R_S,SKU_CC_500,C00625,,0.5,0.5,1600,fulfilled,2025-09-09,2025-09-09
O004323,2025-09-07,D2C,R_S,SKU_CC_500,C00764,,2.0,2.0,1600,fulfilled,2025-09-09,2025-09-09
O004336,2025-09-08,D2C,R_N,SKU_CC_500,C00020,,1.5,1.5,1600,fulfilled,2025-09-10,2025-09-10
O004344,2025-09-08,D2C,R_N,SKU_CC_500,C00916,,1.0,1.0,1600,fulfilled,2025-09-10,2025-09-10
O004352,2025-09-08,D2C,R_N,SKU_CC_500,C01033,,2.0,2.0,1600,fulfilled,2025-09-10,2025-09-10
O004355,2025-09-08,D2C,R_N,SKU_CC_500,C00898,,2.0,2.0,1600,fulfilled,2025-09-10,2025-09-10
O004356,2025-09-08,D2C,R_N,SKU_CC_500,C00391,,2.0,2.0,1600,fulfilled,2025-09-10,2025-09-10
O004367,2025-09-08,D2C,R_N,SKU_CC_500,C00056,,0.5,0.5,1600,fulfilled,2025-09-10,2025-09-10
O004368,2025-09-08,D2C,R_N,SKU_CC_500,C00768,,0.5,0.5,1600,fulfilled,2025-09-10,2025-09-10
O004373,2025-09-08,D2C,R_N,SKU_CC_500,C00824,,1.5,1.5,1600,fulfilled,2025-09-10,2025-09-10
O004391,2025-09-08,D2C,R_S,SKU_CC_500,C00125,,2.0,2.0,1600,fulfilled,2025-09-10,2025-09-10
O004393,2025-09-08,D2C,R_S,SKU_CC_500,C00670,,1.5,1.5,1600,fulfilled,2025-09-10,2025-09-10
O006282,2025-09-08,B2B,R_N,SKU_CC_500,,ACC_DIST,98.1,98.1,1250,fulfilled,2025-09-11,2025-09-11
O006383,2025-09-08,B2B,R_S,SKU_CC_500,,ACC_REST,16.2,16.2,1400,fulfilled,2025-09-11,2025-09-11
O004333,2025-09-09,D2C,R_N,SKU_CC_500,C01208,,1.5,1.5,1600,fulfilled,2025-09-11,2025-09-11
O004342,2025-09-09,D2C,R_N,SKU_CC_500,C00225,,1.5,1.5,1600,fulfilled,2025-09-11,2025-09-11
O004345,2025-09-09,D2C,R_N,SKU_CC_500,C00343,,1.0,1.0,1600,fulfilled,2025-09-11,2025-09-11
O004347,2025-09-09,D2C,R_N,SKU_CC_500,C01104,,1.0,1.0,1600,fulfilled,2025-09-11,2025-09-11
O004357,2025-09-09,D2C,R_N,SKU_CC_500,C00619,,0.5,0.5,1600,fulfilled,2025-09-11,2025-09-11
O004361,2025-09-09,D2C,R_N,SKU_CC_500,C00819,,0.5,0.5,1600,fulfilled,2025-09-11,2025-09-11
O004363,2025-09-09,D2C,R_N,SKU_CC_500,C01054,,1.0,1.0,1600,fulfilled,2025-09-11,2025-09-11
O004364,2025-09-09,D2C,R_N,SKU_CC_500,C00552,,1.5,1.5,1600,fulfilled,2025-09-11,2025-09-11
O004370,2025-09-09,D2C,R_N,SKU_CC_500,C00948,,2.0,2.0,1600,fulfilled,2025-09-11,2025-09-11
O004372,2025-09-09,D2C,R_N,SKU_CC_500,C00240,,0.5,0.5,1600,fulfilled,2025-09-11,2025-09-11
O004374,2025-09-09,D2C,R_N,SKU_CC_500,C00416,,1.5,1.5,1600,fulfilled,2025-09-11,2025-09-11
O004379,2025-09-09,D2C,R_S,SKU_CC_500,C00086,,2.0,2.0,1600,fulfilled,2025-09-11,2025-09-11
O004380,2025-09-09,D2C,R_S,SKU_CC_500,C00140,,2.0,2.0,1600,fulfilled,2025-09-11,2025-09-11
O004381,2025-09-09,D2C,R_S,SKU_CC_500,C00437,,1.0,1.0,1600,fulfilled,2025-09-11,2025-09-11
O004389,2025-09-09,D2C,R_S,SKU_CC_500,C00749,,0.5,0.5,1600,fulfilled,2025-09-11,2025-09-11
O004390,2025-09-09,D2C,R_S,SKU_CC_500,C01125,,1.5,1.5,1600,fulfilled,2025-09-11,2025-09-11
O004398,2025-09-09,D2C,R_S,SKU_CC_500,C00542,,1.5,1.5,1600,fulfilled,2025-09-11,2025-09-11
O004400,2025-09-09,D2C,R_S,SKU_CC_500,C00242,,1.0,1.0,1600,fulfilled,2025-09-11,2025-09-11
O004406,2025-09-09,D2C,R_S,SKU_CC_500,C00525,,2.0,2.0,1600,fulfilled,2025-09-11,2025-09-11
O004338,2025-09-10,D2C,R_N,SKU_CC_500,C00512,,1.0,1.0,1600,fulfilled,2025-09-12,2025-09-12
O004351,2025-09-10,D2C,R_N,SKU_CC_500,C00965,,1.0,1.0,1600,fulfilled,2025-09-12,2025-09-12
O004354,2025-09-10,D2C,R_N,SKU_CC_500,C00067,,2.0,2.0,1600,fulfilled,2025-09-12,2025-09-12
O004358,2025-09-10,D2C,R_N,SKU_CC_500,C01162,,2.0,2.0,1600,fulfilled,2025-09-12,2025-09-12
O004369,2025-09-10,D2C,R_N,SKU_CC_500,C00444,,1.5,1.5,1600,fulfilled,2025-09-12,2025-09-12
O004375,2025-09-10,D2C,R_N,SKU_CC_500,C00325,,1.0,1.0,1600,fulfilled,2025-09-12,2025-09-12
O004376,2025-09-10,D2C,R_N,SKU_CC_500,C00916,,2.0,2.0,1600,fulfilled,2025-09-12,2025-09-12
O004384,2025-09-10,D2C,R_S,SKU_CC_500,C00285,,1.0,1.0,1600,fulfilled,2025-09-12,2025-09-12
O004385,2025-09-10,D2C,R_S,SKU_CC_500,C01204,,1.5,1.5,1600,fulfilled,2025-09-12,2025-09-12
O004386,2025-09-10,D2C,R_S,SKU_CC_500,C00557,,2.0,2.0,1600,fulfilled,2025-09-12,2025-09-12
O004394,2025-09-10,D2C,R_S,SKU_CC_500,C00125,,0.5,0.5,1600,fulfilled,2025-09-12,2025-09-12
O004404,2025-09-10,D2C,R_S,SKU_CC_500,C00073,,2.0,2.0,1600,fulfilled,2025-09-12,2025-09-12
O004341,2025-09-11,D2C,R_N,SKU_CC_500,C00078,,1.5,1.5,1600,fulfilled,2025-09-13,2025-09-13
O004346,2025-09-11,D2C,R_N,SKU_CC_500,C00339,,2.0,2.0,1600,fulfilled,2025-09-13,2025-09-13
O004350,2025-09-11,D2C,R_N,SKU_CC_500,C01080,,2.0,2.0,1600,fulfilled,2025-09-13,2025-09-13
O004395,2025-09-11,D2C,R_S,SKU_CC_500,C00439,,2.0,2.0,1600,fulfilled,2025-09-13,2025-09-13
O004396,2025-09-11,D2C,R_S,SKU_CC_500,C00151,,0.5,0.5,1600,fulfilled,2025-09-13,2025-09-13
O004403,2025-09-11,D2C,R_S,SKU_CC_500,C00791,,0.5,0.5,1600,fulfilled,2025-09-13,2025-09-13
O004330,2025-09-12,D2C,R_N,SKU_CC_500,C00668,,1.0,1.0,1600,fulfilled,2025-09-14,2025-09-14
O004337,2025-09-12,D2C,R_N,SKU_CC_500,C00395,,0.5,0.5,1600,fulfilled,2025-09-14,2025-09-14
O004339,2025-09-12,D2C,R_N,SKU_CC_500,C01215,,2.0,2.0,1600,fulfilled,2025-09-14,2025-09-14
O004343,2025-09-12,D2C,R_N,SKU_CC_500,C00837,,2.0,2.0,1600,fulfilled,2025-09-14,2025-09-14
O004348,2025-09-12,D2C,R_N,SKU_CC_500,C00562,,2.0,2.0,1600,fulfilled,2025-09-14,2025-09-14
O004349,2025-09-12,D2C,R_N,SKU_CC_500,C00446,,2.0,2.0,1600,fulfilled,2025-09-14,2025-09-14
O004365,2025-09-12,D2C,R_N,SKU_CC_500,C00379,,1.0,1.0,1600,fulfilled,2025-09-14,2025-09-14
O004371,2025-09-12,D2C,R_N,SKU_CC_500,C00185,,1.5,1.5,1600,fulfilled,2025-09-14,2025-09-14
O004378,2025-09-12,D2C,R_N,SKU_CC_500,C00327,,2.0,2.0,1600,fulfilled,2025-09-14,2025-09-14
O004397,2025-09-12,D2C,R_S,SKU_CC_500,C00906,,1.5,1.5,1600,fulfilled,2025-09-14,2025-09-14
O004401,2025-09-12,D2C,R_S,SKU_CC_500,C00814,,0.5,0.5,1600,fulfilled,2025-09-14,2025-09-14
O004331,2025-09-13,D2C,R_N,SKU_CC_500,C00414,,2.0,2.0,1600,fulfilled,2025-09-15,2025-09-15
O004332,2025-09-13,D2C,R_N,SKU_CC_500,C00940,,1.0,1.0,1600,fulfilled,2025-09-15,2025-09-15
O004334,2025-09-13,D2C,R_N,SKU_CC_500,C00319,,2.0,2.0,1600,fulfilled,2025-09-15,2025-09-15
O004335,2025-09-13,D2C,R_N,SKU_CC_500,C01007,,0.5,0.5,1600,fulfilled,2025-09-15,2025-09-15
O004340,2025-09-13,D2C,R_N,SKU_CC_500,C01031,,2.0,2.0,1600,fulfilled,2025-09-15,2025-09-15
O004359,2025-09-13,D2C,R_N,SKU_CC_500,C00444,,1.0,1.0,1600,fulfilled,2025-09-15,2025-09-15
O004360,2025-09-13,D2C,R_N,SKU_CC_500,C01097,,1.0,1.0,1600,fulfilled,2025-09-15,2025-09-15
O004377,2025-09-13,D2C,R_N,SKU_CC_500,C00887,,1.5,1.5,1600,fulfilled,2025-09-15,2025-09-15
O004383,2025-09-13,D2C,R_S,SKU_CC_500,C01166,,1.5,1.5,1600,fulfilled,2025-09-15,2025-09-15
O004388,2025-09-13,D2C,R_S,SKU_CC_500,C00298,,1.5,1.5,1600,fulfilled,2025-09-15,2025-09-15
O004399,2025-09-13,D2C,R_S,SKU_CC_500,C00021,,1.0,1.0,1600,fulfilled,2025-09-15,2025-09-15
O004353,2025-09-14,D2C,R_N,SKU_CC_500,C01189,,2.0,2.0,1600,fulfilled,2025-09-16,2025-09-16
O004362,2025-09-14,D2C,R_N,SKU_CC_500,C00148,,1.5,1.5,1600,fulfilled,2025-09-16,2025-09-16
O004366,2025-09-14,D2C,R_N,SKU_CC_500,C01083,,1.0,1.0,1600,fulfilled,2025-09-16,2025-09-16
O004382,2025-09-14,D2C,R_S,SKU_CC_500,C01021,,1.0,1.0,1600,fulfilled,2025-09-16,2025-09-16
O004387,2025-09-14,D2C,R_S,SKU_CC_500,C00855,,2.0,2.0,1600,fulfilled,2025-09-16,2025-09-16
O004392,2025-09-14,D2C,R_S,SKU_CC_500,C00892,,0.5,0.5,1600,fulfilled,2025-09-16,2025-09-16
O004402,2025-09-14,D2C,R_S,SKU_CC_500,C00933,,1.0,1.0,1600,fulfilled,2025-09-16,2025-09-16
O004405,2025-09-14,D2C,R_S,SKU_CC_500,C01220,,0.5,0.5,1600,fulfilled,2025-09-16,2025-09-16
O004409,2025-09-15,D2C,R_N,SKU_CC_500,C00197,,1.5,1.5,1600,fulfilled,2025-09-17,2025-09-17
O004414,2025-09-15,D2C,R_N,SKU_CC_500,C01097,,1.0,1.0,1600,fulfilled,2025-09-17,2025-09-17
O004425,2025-09-15,D2C,R_N,SKU_CC_500,C00200,,1.0,1.0,1600,fulfilled,2025-09-17,2025-09-17
O004447,2025-09-15,D2C,R_N,SKU_CC_500,C00587,,0.5,0.5,1600,fulfilled,2025-09-17,2025-09-17
O004454,2025-09-15,D2C,R_N,SKU_CC_500,C01121,,0.5,0.5,1600,fulfilled,2025-09-17,2025-09-17
O004476,2025-09-15,D2C,R_S,SKU_CC_500,C01138,,0.5,0.5,1600,fulfilled,2025-09-17,2025-09-17
O004479,2025-09-15,D2C,R_S,SKU_CC_500,C00985,,1.0,1.0,1600,fulfilled,2025-09-17,2025-09-17
O004481,2025-09-15,D2C,R_S,SKU_CC_500,C00934,,1.0,1.0,1600,fulfilled,2025-09-17,2025-09-17
O006283,2025-09-15,B2B,R_N,SKU_CC_500,,ACC_DIST,105.9,105.9,1250,fulfilled,2025-09-18,2025-09-18
O006384,2025-09-15,B2B,R_S,SKU_CC_500,,ACC_REST,21.0,21.0,1400,fulfilled,2025-09-18,2025-09-18
O004407,2025-09-16,D2C,R_N,SKU_CC_500,C00783,,2.0,2.0,1600,fulfilled,2025-09-18,2025-09-18
O004410,2025-09-16,D2C,R_N,SKU_CC_500,C00381,,2.0,2.0,1600,fulfilled,2025-09-18,2025-09-18
O004420,2025-09-16,D2C,R_N,SKU_CC_500,C00414,,0.5,0.5,1600,fulfilled,2025-09-18,2025-09-18
O004423,2025-09-16,D2C,R_N,SKU_CC_500,C00315,,2.0,2.0,1600,fulfilled,2025-09-18,2025-09-18
O004424,2025-09-16,D2C,R_N,SKU_CC_500,C00707,,0.5,0.5,1600,fulfilled,2025-09-18,2025-09-18
O004427,2025-09-16,D2C,R_N,SKU_CC_500,C00500,,1.0,1.0,1600,fulfilled,2025-09-18,2025-09-18
O004440,2025-09-16,D2C,R_N,SKU_CC_500,C00578,,1.5,1.5,1600,fulfilled,2025-09-18,2025-09-18
O004443,2025-09-16,D2C,R_N,SKU_CC_500,C00462,,1.5,1.5,1600,fulfilled,2025-09-18,2025-09-18
O004462,2025-09-16,D2C,R_S,SKU_CC_500,C00672,,0.5,0.5,1600,fulfilled,2025-09-18,2025-09-18
O004464,2025-09-16,D2C,R_S,SKU_CC_500,C00259,,0.5,0.5,1600,fulfilled,2025-09-18,2025-09-18
O004408,2025-09-17,D2C,R_N,SKU_CC_500,C00629,,1.5,1.5,1600,fulfilled,2025-09-19,2025-09-19
O004413,2025-09-17,D2C,R_N,SKU_CC_500,C00441,,1.5,1.5,1600,fulfilled,2025-09-19,2025-09-19
O004415,2025-09-17,D2C,R_N,SKU_CC_500,C00293,,0.5,0.5,1600,fulfilled,2025-09-19,2025-09-19
O004418,2025-09-17,D2C,R_N,SKU_CC_500,C00732,,1.0,1.0,1600,fulfilled,2025-09-19,2025-09-19
O004419,2025-09-17,D2C,R_N,SKU_CC_500,C00701,,1.0,1.0,1600,fulfilled,2025-09-19,2025-09-19
O004422,2025-09-17,D2C,R_N,SKU_CC_500,C00820,,1.5,1.5,1600,fulfilled,2025-09-19,2025-09-19
O004431,2025-09-17,D2C,R_N,SKU_CC_500,C00587,,1.0,1.0,1600,fulfilled,2025-09-19,2025-09-19
O004432,2025-09-17,D2C,R_N,SKU_CC_500,C00213,,0.5,0.5,1600,fulfilled,2025-09-19,2025-09-19
O004437,2025-09-17,D2C,R_N,SKU_CC_500,C00424,,1.5,1.5,1600,fulfilled,2025-09-19,2025-09-19
O004442,2025-09-17,D2C,R_N,SKU_CC_500,C00808,,1.0,1.0,1600,fulfilled,2025-09-19,2025-09-19
O004450,2025-09-17,D2C,R_N,SKU_CC_500,C00182,,1.0,1.0,1600,fulfilled,2025-09-19,2025-09-19
O004457,2025-09-17,D2C,R_S,SKU_CC_500,C00038,,2.0,2.0,1600,fulfilled,2025-09-19,2025-09-19
O004466,2025-09-17,D2C,R_S,SKU_CC_500,C01230,,2.0,2.0,1600,fulfilled,2025-09-19,2025-09-19
O004475,2025-09-17,D2C,R_S,SKU_CC_500,C01178,,1.5,1.5,1600,fulfilled,2025-09-19,2025-09-19
O004478,2025-09-17,D2C,R_S,SKU_CC_500,C00661,,1.5,1.5,1600,fulfilled,2025-09-19,2025-09-19
O004428,2025-09-18,D2C,R_N,SKU_CC_500,C00667,,1.5,1.5,1600,fulfilled,2025-09-20,2025-09-20
O004430,2025-09-18,D2C,R_N,SKU_CC_500,C01059,,0.5,0.5,1600,fulfilled,2025-09-20,2025-09-20
O004441,2025-09-18,D2C,R_N,SKU_CC_500,C00326,,1.5,1.5,1600,fulfilled,2025-09-20,2025-09-20
O004444,2025-09-18,D2C,R_N,SKU_CC_500,C00862,,2.0,2.0,1600,fulfilled,2025-09-20,2025-09-20
O004445,2025-09-18,D2C,R_N,SKU_CC_500,C00903,,1.0,1.0,1600,fulfilled,2025-09-20,2025-09-20
O004461,2025-09-18,D2C,R_S,SKU_CC_500,C00725,,1.5,1.5,1600,fulfilled,2025-09-20,2025-09-20
O004467,2025-09-18,D2C,R_S,SKU_CC_500,C00814,,0.5,0.5,1600,fulfilled,2025-09-20,2025-09-20
O004473,2025-09-18,D2C,R_S,SKU_CC_500,C01021,,1.0,1.0,1600,fulfilled,2025-09-20,2025-09-20
O004483,2025-09-18,D2C,R_S,SKU_CC_500,C00541,,2.0,2.0,1600,fulfilled,2025-09-20,2025-09-20
O004429,2025-09-19,D2C,R_N,SKU_CC_500,C00706,,1.0,1.0,1600,fulfilled,2025-09-21,2025-09-21
O004438,2025-09-19,D2C,R_N,SKU_CC_500,C00237,,1.5,1.5,1600,fulfilled,2025-09-21,2025-09-21
O004451,2025-09-19,D2C,R_N,SKU_CC_500,C00836,,0.5,0.5,1600,fulfilled,2025-09-21,2025-09-21
O004458,2025-09-19,D2C,R_S,SKU_CC_500,C00051,,0.5,0.5,1600,fulfilled,2025-09-21,2025-09-21
O004463,2025-09-19,D2C,R_S,SKU_CC_500,C00986,,1.5,1.5,1600,fulfilled,2025-09-21,2025-09-21
O004471,2025-09-19,D2C,R_S,SKU_CC_500,C00205,,1.0,1.0,1600,fulfilled,2025-09-21,2025-09-21
O004477,2025-09-19,D2C,R_S,SKU_CC_500,C00606,,1.5,1.5,1600,fulfilled,2025-09-21,2025-09-21
O004482,2025-09-19,D2C,R_S,SKU_CC_500,C00258,,1.5,1.5,1600,fulfilled,2025-09-21,2025-09-21
O004416,2025-09-20,D2C,R_N,SKU_CC_500,C00435,,1.5,1.5,1600,fulfilled,2025-09-22,2025-09-22
O004421,2025-09-20,D2C,R_N,SKU_CC_500,C00773,,0.5,0.5,1600,fulfilled,2025-09-22,2025-09-22
O004426,2025-09-20,D2C,R_N,SKU_CC_500,C00227,,1.0,1.0,1600,fulfilled,2025-09-22,2025-09-22
O004434,2025-09-20,D2C,R_N,SKU_CC_500,C00805,,2.0,2.0,1600,fulfilled,2025-09-22,2025-09-22
O004435,2025-09-20,D2C,R_N,SKU_CC_500,C00123,,1.5,1.5,1600,fulfilled,2025-09-22,2025-09-22
O004436,2025-09-20,D2C,R_N,SKU_CC_500,C00862,,1.0,1.0,1600,fulfilled,2025-09-22,2025-09-22
O004439,2025-09-20,D2C,R_N,SKU_CC_500,C00082,,0.5,0.5,1600,fulfilled,2025-09-22,2025-09-22
O004448,2025-09-20,D2C,R_N,SKU_CC_500,C00250,,1.5,1.5,1600,fulfilled,2025-09-22,2025-09-22
O004449,2025-09-20,D2C,R_N,SKU_CC_500,C00910,,0.5,0.5,1600,fulfilled,2025-09-22,2025-09-22
O004452,2025-09-20,D2C,R_N,SKU_CC_500,C00046,,1.0,1.0,1600,fulfilled,2025-09-22,2025-09-22
O004453,2025-09-20,D2C,R_N,SKU_CC_500,C00319,,0.5,0.5,1600,fulfilled,2025-09-22,2025-09-22
O004460,2025-09-20,D2C,R_S,SKU_CC_500,C00062,,1.5,1.5,1600,fulfilled,2025-09-22,2025-09-22
O004465,2025-09-20,D2C,R_S,SKU_CC_500,C00572,,1.0,1.0,1600,fulfilled,2025-09-22,2025-09-22
O004468,2025-09-20,D2C,R_S,SKU_CC_500,C00491,,0.5,0.5,1600,fulfilled,2025-09-22,2025-09-22
O004469,2025-09-20,D2C,R_S,SKU_CC_500,C00008,,1.5,1.5,1600,fulfilled,2025-09-22,2025-09-22
O004470,2025-09-20,D2C,R_S,SKU_CC_500,C00907,,1.5,1.5,1600,fulfilled,2025-09-22,2025-09-22
O004474,2025-09-20,D2C,R_S,SKU_CC_500,C00670,,1.5,1.5,1600,fulfilled,2025-09-22,2025-09-22
O004480,2025-09-20,D2C,R_S,SKU_CC_500,C00457,,2.0,2.0,1600,fulfilled,2025-09-22,2025-09-22
O004411,2025-09-21,D2C,R_N,SKU_CC_500,C00682,,1.5,1.5,1600,fulfilled,2025-09-23,2025-09-23
O004412,2025-09-21,D2C,R_N,SKU_CC_500,C00599,,1.0,1.0,1600,fulfilled,2025-09-23,2025-09-23
O004417,2025-09-21,D2C,R_N,SKU_CC_500,C00936,,1.0,1.0,1600,fulfilled,2025-09-23,2025-09-23
O004433,2025-09-21,D2C,R_N,SKU_CC_500,C00122,,0.5,0.5,1600,fulfilled,2025-09-23,2025-09-23
O004446,2025-09-21,D2C,R_N,SKU_CC_500,C00143,,2.0,2.0,1600,fulfilled,2025-09-23,2025-09-23
O004455,2025-09-21,D2C,R_N,SKU_CC_500,C00873,,1.0,1.0,1600,fulfilled,2025-09-23,2025-09-23
O004456,2025-09-21,D2C,R_S,SKU_CC_500,C00813,,1.5,1.5,1600,fulfilled,2025-09-23,2025-09-23
O004459,2025-09-21,D2C,R_S,SKU_CC_500,C00765,,2.0,2.0,1600,fulfilled,2025-09-23,2025-09-23
O004472,2025-09-21,D2C,R_S,SKU_CC_500,C00420,,1.5,1.5,1600,fulfilled,2025-09-23,2025-09-23
O004486,2025-09-22,D2C,R_N,SKU_CC_500,C00053,,1.5,1.5,1600,fulfilled,2025-09-24,2025-09-24
O004512,2025-09-22,D2C,R_N,SKU_CC_500,C00928,,1.5,1.5,1600,fulfilled,2025-09-24,2025-09-24
O004513,2025-09-22,D2C,R_N,SKU_CC_500,C00196,,1.0,1.0,1600,fulfilled,2025-09-24,2025-09-24
O004533,2025-09-22,D2C,R_S,SKU_CC_500,C00207,,0.5,0.5,1600,fulfilled,2025-09-24,2025-09-24
O004534,2025-09-22,D2C,R_S,SKU_CC_500,C00164,,1.0,1.0,1600,fulfilled,2025-09-24,2025-09-24
O004539,2025-09-22,D2C,R_S,SKU_CC_500,C01022,,0.5,0.5,1600,fulfilled,2025-09-24,2025-09-24
O004557,2025-09-22,D2C,R_S,SKU_CC_500,C01155,,2.0,2.0,1600,fulfilled,2025-09-24,2025-09-24
O004558,2025-09-22,D2C,R_S,SKU_CC_500,C00180,,2.0,2.0,1600,fulfilled,2025-09-24,2025-09-24
O006284,2025-09-22,B2B,R_N,SKU_CC_500,,ACC_DIST,82.7,82.7,1250,fulfilled,2025-09-25,2025-09-25
O006385,2025-09-22,B2B,R_S,SKU_CC_500,,ACC_REST,18.6,18.6,1400,fulfilled,2025-09-25,2025-09-25
O004484,2025-09-23,D2C,R_N,SKU_CC_500,C00746,,2.0,2.0,1600,fulfilled,2025-09-25,2025-09-25
O004488,2025-09-23,D2C,R_N,SKU_CC_500,C00638,,2.0,2.0,1600,fulfilled,2025-09-25,2025-09-25
O004495,2025-09-23,D2C,R_N,SKU_CC_500,C00057,,1.5,1.5,1600,fulfilled,2025-09-25,2025-09-25
O004498,2025-09-23,D2C,R_N,SKU_CC_500,C01134,,2.0,2.0,1600,fulfilled,2025-09-25,2025-09-25
O004502,2025-09-23,D2C,R_N,SKU_CC_500,C00427,,1.0,1.0,1600,fulfilled,2025-09-25,2025-09-25
O004509,2025-09-23,D2C,R_N,SKU_CC_500,C00407,,1.5,1.5,1600,fulfilled,2025-09-25,2025-09-25
O004521,2025-09-23,D2C,R_N,SKU_CC_500,C00553,,2.0,2.0,1600,fulfilled,2025-09-25,2025-09-25
O004528,2025-09-23,D2C,R_N,SKU_CC_500,C00887,,0.5,0.5,1600,fulfilled,2025-09-25,2025-09-25
O004537,2025-09-23,D2C,R_S,SKU_CC_500,C00231,,1.0,1.0,1600,fulfilled,2025-09-25,2025-09-25
O004540,2025-09-23,D2C,R_S,SKU_CC_500,C00336,,1.5,1.5,1600,fulfilled,2025-09-25,2025-09-25
O004542,2025-09-23,D2C,R_S,SKU_CC_500,C00472,,0.5,0.5,1600,fulfilled,2025-09-25,2025-09-25
O004543,2025-09-23,D2C,R_S,SKU_CC_500,C00930,,1.5,1.5,1600,fulfilled,2025-09-25,2025-09-25
O004556,2025-09-23,D2C,R_S,SKU_CC_500,C01051,,2.0,2.0,1600,fulfilled,2025-09-25,2025-09-25
O004559,2025-09-23,D2C,R_S,SKU_CC_500,C00436,,2.0,2.0,1600,fulfilled,2025-09-25,2025-09-25
O004490,2025-09-24,D2C,R_N,SKU_CC_500,C00637,,2.0,2.0,1600,fulfilled,2025-09-26,2025-09-26
O004501,2025-09-24,D2C,R_N,SKU_CC_500,C00730,,0.5,0.5,1600,fulfilled,2025-09-26,2025-09-26
O004511,2025-09-24,D2C,R_N,SKU_CC_500,C00949,,1.0,1.0,1600,fulfilled,2025-09-26,2025-09-26
O004515,2025-09-24,D2C,R_N,SKU_CC_500,C00292,,1.5,1.5,1600,fulfilled,2025-09-26,2025-09-26
O004523,2025-09-24,D2C,R_N,SKU_CC_500,C00479,,0.5,0.5,1600,fulfilled,2025-09-26,2025-09-26
O004530,2025-09-24,D2C,R_N,SKU_CC_500,C01163,,2.0,2.0,1600,fulfilled,2025-09-26,2025-09-26
O004536,2025-09-24,D2C,R_S,SKU_CC_500,C00419,,0.5,0.5,1600,fulfilled,2025-09-26,2025-09-26
O004538,2025-09-24,D2C,R_S,SKU_CC_500,C00999,,0.5,0.5,1600,fulfilled,2025-09-26,2025-09-26
O004545,2025-09-24,D2C,R_S,SKU_CC_500,C00168,,2.0,2.0,1600,fulfilled,2025-09-26,2025-09-26
O004551,2025-09-24,D2C,R_S,SKU_CC_500,C00141,,1.5,1.5,1600,fulfilled,2025-09-26,2025-09-26
O004552,2025-09-24,D2C,R_S,SKU_CC_500,C00590,,1.5,1.5,1600,fulfilled,2025-09-26,2025-09-26
O004492,2025-09-25,D2C,R_N,SKU_CC_500,C00305,,0.5,0.5,1600,fulfilled,2025-09-27,2025-09-27
O004494,2025-09-25,D2C,R_N,SKU_CC_500,C00410,,1.5,1.5,1600,fulfilled,2025-09-27,2025-09-27
O004500,2025-09-25,D2C,R_N,SKU_CC_500,C00445,,2.0,2.0,1600,fulfilled,2025-09-27,2025-09-27
O004503,2025-09-25,D2C,R_N,SKU_CC_500,C00810,,1.5,1.5,1600,fulfilled,2025-09-27,2025-09-27
O004508,2025-09-25,D2C,R_N,SKU_CC_500,C00605,,2.0,2.0,1600,fulfilled,2025-09-27,2025-09-27
O004520,2025-09-25,D2C,R_N,SKU_CC_500,C00718,,1.0,1.0,1600,fulfilled,2025-09-27,2025-09-27
O004527,2025-09-25,D2C,R_N,SKU_CC_500,C00354,,2.0,2.0,1600,fulfilled,2025-09-27,2025-09-27
O004541,2025-09-25,D2C,R_S,SKU_CC_500,C00894,,1.0,1.0,1600,fulfilled,2025-09-27,2025-09-27
O004560,2025-09-25,D2C,R_S,SKU_CC_500,C01116,,2.0,2.0,1600,fulfilled,2025-09-27,2025-09-27
O004506,2025-09-26,D2C,R_N,SKU_CC_500,C00478,,1.5,1.5,1600,fulfilled,2025-09-28,2025-09-28
O004525,2025-09-26,D2C,R_N,SKU_CC_500,C00459,,0.5,0.5,1600,fulfilled,2025-09-28,2025-09-28
O004535,2025-09-26,D2C,R_S,SKU_CC_500,C00115,,1.5,1.5,1600,fulfilled,2025-09-28,2025-09-28
O004547,2025-09-26,D2C,R_S,SKU_CC_500,C01010,,0.5,0.5,1600,fulfilled,2025-09-28,2025-09-28
O004549,2025-09-26,D2C,R_S,SKU_CC_500,C00817,,1.0,1.0,1600,fulfilled,2025-09-28,2025-09-28
O004554,2025-09-26,D2C,R_S,SKU_CC_500,C01089,,0.5,0.5,1600,fulfilled,2025-09-28,2025-09-28
O004555,2025-09-26,D2C,R_S,SKU_CC_500,C01180,,0.5,0.5,1600,fulfilled,2025-09-28,2025-09-28
O004487,2025-09-27,D2C,R_N,SKU_CC_500,C00030,,1.0,1.0,1600,fulfilled,2025-09-29,2025-09-29
O004493,2025-09-27,D2C,R_N,SKU_CC_500,C00056,,0.5,0.5,1600,fulfilled,2025-09-29,2025-09-29
O004496,2025-09-27,D2C,R_N,SKU_CC_500,C00414,,0.5,0.5,1600,fulfilled,2025-09-29,2025-09-29
O004499,2025-09-27,D2C,R_N,SKU_CC_500,C01145,,1.5,1.5,1600,fulfilled,2025-09-29,2025-09-29
O004504,2025-09-27,D2C,R_N,SKU_CC_500,C00954,,2.0,2.0,1600,fulfilled,2025-09-29,2025-09-29
O004505,2025-09-27,D2C,R_N,SKU_CC_500,C00275,,2.0,2.0,1600,fulfilled,2025-09-29,2025-09-29
O004510,2025-09-27,D2C,R_N,SKU_CC_500,C00039,,0.5,0.5,1600,fulfilled,2025-09-29,2025-09-29
O004514,2025-09-27,D2C,R_N,SKU_CC_500,C00690,,2.0,2.0,1600,fulfilled,2025-09-29,2025-09-29
O004522,2025-09-27,D2C,R_N,SKU_CC_500,C00832,,1.5,1.5,1600,fulfilled,2025-09-29,2025-09-29
O004524,2025-09-27,D2C,R_N,SKU_CC_500,C00492,,1.5,1.5,1600,fulfilled,2025-09-29,2025-09-29
O004529,2025-09-27,D2C,R_N,SKU_CC_500,C00055,,0.5,0.5,1600,fulfilled,2025-09-29,2025-09-29
O004531,2025-09-27,D2C,R_N,SKU_CC_500,C00691,,2.0,2.0,1600,fulfilled,2025-09-29,2025-09-29
O004546,2025-09-27,D2C,R_S,SKU_CC_500,C00644,,0.5,0.5,1600,fulfilled,2025-09-29,2025-09-29
O004550,2025-09-27,D2C,R_S,SKU_CC_500,C00945,,0.5,0.5,1600,fulfilled,2025-09-29,2025-09-29
O004485,2025-09-28,D2C,R_N,SKU_CC_500,C01067,,0.5,0.5,1600,fulfilled,2025-09-30,2025-09-30
O004489,2025-09-28,D2C,R_N,SKU_CC_500,C00057,,2.0,2.0,1600,fulfilled,2025-09-30,2025-09-30
O004491,2025-09-28,D2C,R_N,SKU_CC_500,C00744,,1.0,1.0,1600,fulfilled,2025-09-30,2025-09-30
O004497,2025-09-28,D2C,R_N,SKU_CC_500,C00873,,1.0,1.0,1600,fulfilled,2025-09-30,2025-09-30
O004507,2025-09-28,D2C,R_N,SKU_CC_500,C00081,,2.0,2.0,1600,fulfilled,2025-09-30,2025-09-30
O004516,2025-09-28,D2C,R_N,SKU_CC_500,C00757,,1.5,1.5,1600,fulfilled,2025-09-30,2025-09-30
O004517,2025-09-28,D2C,R_N,SKU_CC_500,C01058,,1.0,1.0,1600,fulfilled,2025-09-30,2025-09-30
O004518,2025-09-28,D2C,R_N,SKU_CC_500,C00550,,1.0,1.0,1600,fulfilled,2025-09-30,2025-09-30
O004519,2025-09-28,D2C,R_N,SKU_CC_500,C00435,,1.0,1.0,1600,fulfilled,2025-09-30,2025-09-30
O004526,2025-09-28,D2C,R_N,SKU_CC_500,C00962,,1.0,1.0,1600,fulfilled,2025-09-30,2025-09-30
O004532,2025-09-28,D2C,R_N,SKU_CC_500,C00818,,1.5,1.5,1600,fulfilled,2025-09-30,2025-09-30
O004544,2025-09-28,D2C,R_S,SKU_CC_500,C00190,,2.0,2.0,1600,fulfilled,2025-09-30,2025-09-30
O004548,2025-09-28,D2C,R_S,SKU_CC_500,C00348,,2.0,2.0,1600,fulfilled,2025-09-30,2025-09-30
O004553,2025-09-28,D2C,R_S,SKU_CC_500,C01168,,0.5,0.5,1600,fulfilled,2025-09-30,2025-09-30
O004590,2025-09-29,D2C,R_N,SKU_CC_500,C00449,,2.0,2.0,1600,fulfilled,2025-10-01,2025-10-01
O004594,2025-09-29,D2C,R_N,SKU_CC_500,C00136,,0.5,0.5,1600,fulfilled,2025-10-01,2025-10-01
O004595,2025-09-29,D2C,R_N,SKU_CC_500,C01082,,0.5,0.5,1600,fulfilled,2025-10-01,2025-10-01
O004602,2025-09-29,D2C,R_N,SKU_CC_500,C00500,,1.5,1.5,1600,fulfilled,2025-10-01,2025-10-01
O004610,2025-09-29,D2C,R_N,SKU_CC_500,C00274,,2.0,2.0,1600,fulfilled,2025-10-01,2025-10-01
O004612,2025-09-29,D2C,R_S,SKU_CC_500,C00867,,1.0,1.0,1600,fulfilled,2025-10-01,2025-10-01
O004615,2025-09-29,D2C,R_S,SKU_CC_500,C00456,,0.5,0.5,1600,fulfilled,2025-10-01,2025-10-01
O004626,2025-09-29,D2C,R_S,SKU_CC_500,C00905,,2.0,2.0,1600,fulfilled,2025-10-01,2025-10-01
O004627,2025-09-29,D2C,R_S,SKU_CC_500,C00880,,0.5,0.5,1600,fulfilled,2025-10-01,2025-10-01
O004631,2025-09-29,D2C,R_S,SKU_CC_500,C00389,,0.5,0.5,1600,fulfilled,2025-10-01,2025-10-01
O006285,2025-09-29,B2B,R_N,SKU_CC_500,,ACC_DIST,78.0,78.0,1250,fulfilled,2025-10-02,2025-10-02
O006386,2025-09-29,B2B,R_S,SKU_CC_500,,ACC_REST,15.3,15.3,1400,fulfilled,2025-10-02,2025-10-02
O004562,2025-09-30,D2C,R_N,SKU_CC_500,C00043,,1.0,1.0,1600,fulfilled,2025-10-02,2025-10-02
O004581,2025-09-30,D2C,R_N,SKU_CC_500,C00418,,1.0,1.0,1600,fulfilled,2025-10-02,2025-10-02
O004589,2025-09-30,D2C,R_N,SKU_CC_500,C00447,,1.5,1.5,1600,fulfilled,2025-10-02,2025-10-02
O004591,2025-09-30,D2C,R_N,SKU_CC_500,C00568,,0.5,0.5,1600,fulfilled,2025-10-02,2025-10-02
O004601,2025-09-30,D2C,R_N,SKU_CC_500,C00941,,1.0,1.0,1600,fulfilled,2025-10-02,2025-10-02
O004605,2025-09-30,D2C,R_N,SKU_CC_500,C01066,,0.5,0.5,1600,fulfilled,2025-10-02,2025-10-02
O004606,2025-09-30,D2C,R_N,SKU_CC_500,C00352,,1.5,1.5,1600,fulfilled,2025-10-02,2025-10-02
O004608,2025-09-30,D2C,R_N,SKU_CC_500,C00486,,0.5,0.5,1600,fulfilled,2025-10-02,2025-10-02
O004617,2025-09-30,D2C,R_S,SKU_CC_500,C00230,,1.5,1.5,1600,fulfilled,2025-10-02,2025-10-02
O004618,2025-09-30,D2C,R_S,SKU_CC_500,C00165,,2.0,2.0,1600,fulfilled,2025-10-02,2025-10-02
O004635,2025-09-30,D2C,R_S,SKU_CC_500,C00321,,0.5,0.5,1600,fulfilled,2025-10-02,2025-10-02
O004638,2025-09-30,D2C,R_S,SKU_CC_500,C00748,,0.5,0.5,1600,fulfilled,2025-10-02,2025-10-02
O004565,2025-10-01,D2C,R_N,SKU_CC_500,C00267,,2.0,2.0,1600,fulfilled,2025-10-03,2025-10-03
O004577,2025-10-01,D2C,R_N,SKU_CC_500,C00913,,1.5,1.5,1600,fulfilled,2025-10-03,2025-10-03
O004580,2025-10-01,D2C,R_N,SKU_CC_500,C00262,,1.0,1.0,1600,fulfilled,2025-10-03,2025-10-03
O004586,2025-10-01,D2C,R_N,SKU_CC_500,C01120,,2.0,2.0,1600,fulfilled,2025-10-03,2025-10-03
O004587,2025-10-01,D2C,R_N,SKU_CC_500,C00475,,2.0,2.0,1600,fulfilled,2025-10-03,2025-10-03
O004616,2025-10-01,D2C,R_S,SKU_CC_500,C00155,,1.5,1.5,1600,fulfilled,2025-10-03,2025-10-03
O004624,2025-10-01,D2C,R_S,SKU_CC_500,C00908,,0.5,0.5,1600,fulfilled,2025-10-03,2025-10-03
O004632,2025-10-01,D2C,R_S,SKU_CC_500,C00762,,1.0,1.0,1600,fulfilled,2025-10-03,2025-10-03
O004633,2025-10-01,D2C,R_S,SKU_CC_500,C01155,,1.5,1.5,1600,fulfilled,2025-10-03,2025-10-03
O004637,2025-10-01,D2C,R_S,SKU_CC_500,C00490,,1.0,1.0,1600,fulfilled,2025-10-03,2025-10-03
O004567,2025-10-02,D2C,R_N,SKU_CC_500,C00668,,1.0,1.0,1600,fulfilled,2025-10-04,2025-10-04
O004572,2025-10-02,D2C,R_N,SKU_CC_500,C01065,,1.5,1.5,1600,fulfilled,2025-10-04,2025-10-04
O004578,2025-10-02,D2C,R_N,SKU_CC_500,C00860,,0.5,0.5,1600,fulfilled,2025-10-04,2025-10-04
O004592,2025-10-02,D2C,R_N,SKU_CC_500,C00013,,1.0,1.0,1600,fulfilled,2025-10-04,2025-10-04
O004614,2025-10-02,D2C,R_S,SKU_CC_500,C01074,,1.5,1.5,1600,fulfilled,2025-10-04,2025-10-04
O004628,2025-10-02,D2C,R_S,SKU_CC_500,C00865,,1.0,1.0,1600,fulfilled,2025-10-04,2025-10-04
O004630,2025-10-02,D2C,R_S,SKU_CC_500,C00865,,1.5,1.5,1600,fulfilled,2025-10-04,2025-10-04
O004569,2025-10-03,D2C,R_N,SKU_CC_500,C01106,,0.5,0.5,1600,fulfilled,2025-10-05,2025-10-05
O004571,2025-10-03,D2C,R_N,SKU_CC_500,C01120,,1.5,1.5,1600,fulfilled,2025-10-05,2025-10-05
O004574,2025-10-03,D2C,R_N,SKU_CC_500,C00430,,2.0,2.0,1600,fulfilled,2025-10-05,2025-10-05
O004576,2025-10-03,D2C,R_N,SKU_CC_500,C00621,,2.0,2.0,1600,fulfilled,2025-10-05,2025-10-05
O004582,2025-10-03,D2C,R_N,SKU_CC_500,C01097,,1.0,1.0,1600,fulfilled,2025-10-05,2025-10-05
O004597,2025-10-03,D2C,R_N,SKU_CC_500,C00845,,2.0,2.0,1600,fulfilled,2025-10-05,2025-10-05
O004599,2025-10-03,D2C,R_N,SKU_CC_500,C00133,,0.5,0.5,1600,fulfilled,2025-10-05,2025-10-05
O004600,2025-10-03,D2C,R_N,SKU_CC_500,C00059,,2.0,2.0,1600,fulfilled,2025-10-05,2025-10-05
O004603,2025-10-03,D2C,R_N,SKU_CC_500,C00594,,1.5,1.5,1600,fulfilled,2025-10-05,2025-10-05
O004611,2025-10-03,D2C,R_S,SKU_CC_500,C00323,,2.0,2.0,1600,fulfilled,2025-10-05,2025-10-05
O004620,2025-10-03,D2C,R_S,SKU_CC_500,C00321,,2.0,2.0,1600,fulfilled,2025-10-05,2025-10-05
O004621,2025-10-03,D2C,R_S,SKU_CC_500,C01089,,2.0,2.0,1600,fulfilled,2025-10-05,2025-10-05
O004622,2025-10-03,D2C,R_S,SKU_CC_500,C00959,,2.0,2.0,1600,fulfilled,2025-10-05,2025-10-05
O004625,2025-10-03,D2C,R_S,SKU_CC_500,C00521,,2.0,2.0,1600,fulfilled,2025-10-05,2025-10-05
O004561,2025-10-04,D2C,R_N,SKU_CC_500,C00964,,1.5,1.5,1600,fulfilled,2025-10-06,2025-10-06
O004570,2025-10-04,D2C,R_N,SKU_CC_500,C00586,,1.0,1.0,1600,fulfilled,2025-10-06,2025-10-06
O004573,2025-10-04,D2C,R_N,SKU_CC_500,C00682,,1.0,1.0,1600,fulfilled,2025-10-06,2025-10-06
O004579,2025-10-04,D2C,R_N,SKU_CC_500,C01081,,2.0,2.0,1600,fulfilled,2025-10-06,2025-10-06
O004583,2025-10-04,D2C,R_N,SKU_CC_500,C00850,,2.0,2.0,1600,fulfilled,2025-10-06,2025-10-06
O004588,2025-10-04,D2C,R_N,SKU_CC_500,C00390,,1.5,1.5,1600,fulfilled,2025-10-06,2025-10-06
O004593,2025-10-04,D2C,R_N,SKU_CC_500,C00781,,1.5,1.5,1600,fulfilled,2025-10-06,2025-10-06
O004596,2025-10-04,D2C,R_N,SKU_CC_500,C00708,,0.5,0.5,1600,fulfilled,2025-10-06,2025-10-06
O004598,2025-10-04,D2C,R_N,SKU_CC_500,C00580,,2.0,2.0,1600,fulfilled,2025-10-06,2025-10-06
O004604,2025-10-04,D2C,R_N,SKU_CC_500,C01106,,0.5,0.5,1600,fulfilled,2025-10-06,2025-10-06
O004607,2025-10-04,D2C,R_N,SKU_CC_500,C00770,,2.0,2.0,1600,fulfilled,2025-10-06,2025-10-06
O004609,2025-10-04,D2C,R_N,SKU_CC_500,C01226,,2.0,2.0,1600,fulfilled,2025-10-06,2025-10-06
O004619,2025-10-04,D2C,R_S,SKU_CC_500,C00011,,2.0,2.0,1600,fulfilled,2025-10-06,2025-10-06
O004623,2025-10-04,D2C,R_S,SKU_CC_500,C00403,,1.0,1.0,1600,fulfilled,2025-10-06,2025-10-06
O004629,2025-10-04,D2C,R_S,SKU_CC_500,C01233,,1.5,1.5,1600,fulfilled,2025-10-06,2025-10-06
O004636,2025-10-04,D2C,R_S,SKU_CC_500,C01256,,1.5,1.5,1600,fulfilled,2025-10-06,2025-10-06
O004563,2025-10-05,D2C,R_N,SKU_CC_500,C00133,,1.0,1.0,1600,fulfilled,2025-10-07,2025-10-07
O004564,2025-10-05,D2C,R_N,SKU_CC_500,C00937,,1.0,1.0,1600,fulfilled,2025-10-07,2025-10-07
O004566,2025-10-05,D2C,R_N,SKU_CC_500,C00482,,0.5,0.5,1600,fulfilled,2025-10-07,2025-10-07
O004568,2025-10-05,D2C,R_N,SKU_CC_500,C00235,,2.0,2.0,1600,fulfilled,2025-10-07,2025-10-07
O004575,2025-10-05,D2C,R_N,SKU_CC_500,C00990,,1.5,1.5,1600,fulfilled,2025-10-07,2025-10-07
O004584,2025-10-05,D2C,R_N,SKU_CC_500,C00681,,2.0,2.0,1600,fulfilled,2025-10-07,2025-10-07
O004585,2025-10-05,D2C,R_N,SKU_CC_500,C00870,,1.5,1.5,1600,fulfilled,2025-10-07,2025-10-07
O004613,2025-10-05,D2C,R_S,SKU_CC_500,C00268,,1.0,1.0,1600,fulfilled,2025-10-07,2025-10-07
O004634,2025-10-05,D2C,R_S,SKU_CC_500,C00037,,1.5,1.5,1600,fulfilled,2025-10-07,2025-10-07
O004650,2025-10-06,D2C,R_N,SKU_CC_500,C00899,,1.5,1.5,1600,fulfilled,2025-10-08,2025-10-08
O004654,2025-10-06,D2C,R_N,SKU_CC_500,C01148,,1.0,1.0,1600,fulfilled,2025-10-08,2025-10-08
O004657,2025-10-06,D2C,R_N,SKU_CC_500,C01174,,1.0,1.0,1600,fulfilled,2025-10-08,2025-10-08
O004662,2025-10-06,D2C,R_N,SKU_CC_500,C01148,,1.0,1.0,1600,fulfilled,2025-10-08,2025-10-08
O004664,2025-10-06,D2C,R_N,SKU_CC_500,C00603,,1.5,1.5,1600,fulfilled,2025-10-08,2025-10-08
O004674,2025-10-06,D2C,R_N,SKU_CC_500,C00429,,0.5,0.5,1600,fulfilled,2025-10-08,2025-10-08
O004681,2025-10-06,D2C,R_N,SKU_CC_500,C00676,,1.5,1.5,1600,fulfilled,2025-10-08,2025-10-08
O004691,2025-10-06,D2C,R_S,SKU_CC_500,C00298,,1.0,1.0,1600,fulfilled,2025-10-08,2025-10-08
O004702,2025-10-06,D2C,R_S,SKU_CC_500,C00984,,0.5,0.5,1600,fulfilled,2025-10-08,2025-10-08
O004714,2025-10-06,D2C,R_S,SKU_CC_500,C01112,,1.0,1.0,1600,fulfilled,2025-10-08,2025-10-08
O004717,2025-10-06,D2C,R_S,SKU_CC_500,C00155,,2.0,2.0,1600,fulfilled,2025-10-08,2025-10-08
O006286,2025-10-06,B2B,R_N,SKU_CC_500,,ACC_DIST,100.8,100.8,1250,fulfilled,2025-10-09,2025-10-09
O006387,2025-10-06,B2B,R_S,SKU_CC_500,,ACC_REST,16.3,16.3,1400,fulfilled,2025-10-09,2025-10-09
O004641,2025-10-07,D2C,R_N,SKU_CC_500,C00160,,1.5,1.5,1600,fulfilled,2025-10-09,2025-10-09
O004651,2025-10-07,D2C,R_N,SKU_CC_500,C00390,,2.0,2.0,1600,fulfilled,2025-10-09,2025-10-09
O004653,2025-10-07,D2C,R_N,SKU_CC_500,C01132,,1.5,1.5,1600,fulfilled,2025-10-09,2025-10-09
O004672,2025-10-07,D2C,R_N,SKU_CC_500,C00484,,2.0,2.0,1600,fulfilled,2025-10-09,2025-10-09
O004683,2025-10-07,D2C,R_N,SKU_CC_500,C00215,,1.0,1.0,1600,fulfilled,2025-10-09,2025-10-09
O004690,2025-10-07,D2C,R_S,SKU_CC_500,C00947,,1.0,1.0,1600,fulfilled,2025-10-09,2025-10-09
O004692,2025-10-07,D2C,R_S,SKU_CC_500,C01127,,2.0,2.0,1600,fulfilled,2025-10-09,2025-10-09
O004694,2025-10-07,D2C,R_S,SKU_CC_500,C00455,,1.5,1.5,1600,fulfilled,2025-10-09,2025-10-09
O004700,2025-10-07,D2C,R_S,SKU_CC_500,C00816,,2.0,2.0,1600,fulfilled,2025-10-09,2025-10-09
O004709,2025-10-07,D2C,R_S,SKU_CC_500,C00930,,1.5,1.5,1600,fulfilled,2025-10-09,2025-10-09
O004712,2025-10-07,D2C,R_S,SKU_CC_500,C00180,,0.5,0.5,1600,fulfilled,2025-10-09,2025-10-09
O004642,2025-10-08,D2C,R_N,SKU_CC_500,C00443,,2.0,2.0,1600,fulfilled,2025-10-10,2025-10-10
O004661,2025-10-08,D2C,R_N,SKU_CC_500,C00468,,1.0,1.0,1600,fulfilled,2025-10-10,2025-10-10
O004669,2025-10-08,D2C,R_N,SKU_CC_500,C00942,,1.0,1.0,1600,fulfilled,2025-10-10,2025-10-10
O004677,2025-10-08,D2C,R_N,SKU_CC_500,C01078,,1.0,1.0,1600,fulfilled,2025-10-10,2025-10-10
O004684,2025-10-08,D2C,R_N,SKU_CC_500,C00264,,2.0,2.0,1600,fulfilled,2025-10-10,2025-10-10
O004685,2025-10-08,D2C,R_N,SKU_CC_500,C00810,,2.0,2.0,1600,fulfilled,2025-10-10,2025-10-10
O004687,2025-10-08,D2C,R_N,SKU_CC_500,C00478,,2.0,2.0,1600,fulfilled,2025-10-10,2025-10-10
O004693,2025-10-08,D2C,R_S,SKU_CC_500,C01100,,0.5,0.5,1600,fulfilled,2025-10-10,2025-10-10
O004698,2025-10-08,D2C,R_S,SKU_CC_500,C01051,,1.0,1.0,1600,fulfilled,2025-10-10,2025-10-10
O004708,2025-10-08,D2C,R_S,SKU_CC_500,C00324,,1.5,1.5,1600,fulfilled,2025-10-10,2025-10-10
O004711,2025-10-08,D2C,R_S,SKU_CC_500,C00258,,2.0,2.0,1600,fulfilled,2025-10-10,2025-10-10
O004639,2025-10-09,D2C,R_N,SKU_CC_500,C00719,,2.0,2.0,1600,fulfilled,2025-10-11,2025-10-11
O004643,2025-10-09,D2C,R_N,SKU_CC_500,C00400,,0.5,0.5,1600,fulfilled,2025-10-11,2025-10-11
O004646,2025-10-09,D2C,R_N,SKU_CC_500,C00428,,0.5,0.5,1600,fulfilled,2025-10-11,2025-10-11
O004648,2025-10-09,D2C,R_N,SKU_CC_500,C00532,,1.0,1.0,1600,fulfilled,2025-10-11,2025-10-11
O004652,2025-10-09,D2C,R_N,SKU_CC_500,C00450,,1.0,1.0,1600,fulfilled,2025-10-11,2025-10-11
O004656,2025-10-09,D2C,R_N,SKU_CC_500,C00847,,1.5,1.5,1600,fulfilled,2025-10-11,2025-10-11
O004660,2025-10-09,D2C,R_N,SKU_CC_500,C01173,,0.5,0.5,1600,fulfilled,2025-10-11,2025-10-11
O004663,2025-10-09,D2C,R_N,SKU_CC_500,C00797,,2.0,2.0,1600,fulfilled,2025-10-11,2025-10-11
O004665,2025-10-09,D2C,R_N,SKU_CC_500,C00249,,1.5,1.5,1600,fulfilled,2025-10-11,2025-10-11
O004666,2025-10-09,D2C,R_N,SKU_CC_500,C00328,,1.0,1.0,1600,fulfilled,2025-10-11,2025-10-11
O004667,2025-10-09,D2C,R_N,SKU_CC_500,C00462,,1.5,1.5,1600,fulfilled,2025-10-11,2025-10-11
O004671,2025-10-09,D2C,R_N,SKU_CC_500,C00560,,0.5,0.5,1600,fulfilled,2025-10-11,2025-10-11
O004676,2025-10-09,D2C,R_N,SKU_CC_500,C00239,,1.5,1.5,1600,fulfilled,2025-10-11,2025-10-11
O004688,2025-10-09,D2C,R_N,SKU_CC_500,C01189,,1.0,1.0,1600,fulfilled,2025-10-11,2025-10-11
O004705,2025-10-09,D2C,R_S,SKU_CC_500,C00324,,0.5,0.5,1600,fulfilled,2025-10-11,2025-10-11
O004647,2025-10-10,D2C,R_N,SKU_CC_500,C00631,,1.0,1.0,1600,fulfilled,2025-10-12,2025-10-12
O004649,2025-10-10,D2C,R_N,SKU_CC_500,C01119,,1.5,1.5,1600,fulfilled,2025-10-12,2025-10-12
O004655,2025-10-10,D2C,R_N,SKU_CC_500,C01223,,2.0,2.0,1600,fulfilled,2025-10-12,2025-10-12
O004658,2025-10-10,D2C,R_N,SKU_CC_500,C00663,,0.5,0.5,1600,fulfilled,2025-10-12,2025-10-12
O004659,2025-10-10,D2C,R_N,SKU_CC_500,C01171,,1.0,1.0,1600,fulfilled,2025-10-12,2025-10-12
O004668,2025-10-10,D2C,R_N,SKU_CC_500,C01228,,1.0,1.0,1600,fulfilled,2025-10-12,2025-10-12
O004670,2025-10-10,D2C,R_N,SKU_CC_500,C00810,,0.5,0.5,1600,fulfilled,2025-10-12,2025-10-12
O004675,2025-10-10,D2C,R_N,SKU_CC_500,C00807,,0.5,0.5,1600,fulfilled,2025-10-12,2025-10-12
O004679,2025-10-10,D2C,R_N,SKU_CC_500,C00846,,2.0,2.0,1600,fulfilled,2025-10-12,2025-10-12
O004680,2025-10-10,D2C,R_N,SKU_CC_500,C00858,,0.5,0.5,1600,fulfilled,2025-10-12,2025-10-12
O004696,2025-10-10,D2C,R_S,SKU_CC_500,C00555,,1.5,1.5,1600,fulfilled,2025-10-12,2025-10-12
O004697,2025-10-10,D2C,R_S,SKU_CC_500,C00804,,0.5,0.5,1600,fulfilled,2025-10-12,2025-10-12
O004704,2025-10-10,D2C,R_S,SKU_CC_500,C00298,,1.5,1.5,1600,fulfilled,2025-10-12,2025-10-12
O004710,2025-10-10,D2C,R_S,SKU_CC_500,C00337,,2.0,2.0,1600,fulfilled,2025-10-12,2025-10-12
O004715,2025-10-10,D2C,R_S,SKU_CC_500,C00670,,0.5,0.5,1600,fulfilled,2025-10-12,2025-10-12
O004645,2025-10-11,D2C,R_N,SKU_CC_500,C01117,,1.0,1.0,1600,fulfilled,2025-10-13,2025-10-13
O004673,2025-10-11,D2C,R_N,SKU_CC_500,C00223,,0.5,0.5,1600,fulfilled,2025-10-13,2025-10-13
O004682,2025-10-11,D2C,R_N,SKU_CC_500,C00253,,1.0,1.0,1600,fulfilled,2025-10-13,2025-10-13
O004695,2025-10-11,D2C,R_S,SKU_CC_500,C00049,,1.5,1.5,1600,fulfilled,2025-10-13,2025-10-13
O004701,2025-10-11,D2C,R_S,SKU_CC_500,C00865,,0.5,0.5,1600,fulfilled,2025-10-13,2025-10-13
O004707,2025-10-11,D2C,R_S,SKU_CC_500,C00164,,1.5,1.5,1600,fulfilled,2025-10-13,2025-10-13
O004713,2025-10-11,D2C,R_S,SKU_CC_500,C00088,,2.0,2.0,1600,fulfilled,2025-10-13,2025-10-13
O004716,2025-10-11,D2C,R_S,SKU_CC_500,C00852,,0.5,0.5,1600,fulfilled,2025-10-13,2025-10-13
O004640,2025-10-12,D2C,R_N,SKU_CC_500,C00158,,2.0,2.0,1600,fulfilled,2025-10-14,2025-10-14
O004644,2025-10-12,D2C,R_N,SKU_CC_500,C00631,,1.0,1.0,1600,fulfilled,2025-10-14,2025-10-14
O004678,2025-10-12,D2C,R_N,SKU_CC_500,C00143,,0.5,0.5,1600,fulfilled,2025-10-14,2025-10-14
O004686,2025-10-12,D2C,R_N,SKU_CC_500,C00518,,1.0,1.0,1600,fulfilled,2025-10-14,2025-10-14
O004689,2025-10-12,D2C,R_S,SKU_CC_500,C01127,,1.0,1.0,1600,fulfilled,2025-10-14,2025-10-14
O004699,2025-10-12,D2C,R_S,SKU_CC_500,C00271,,0.5,0.5,1600,fulfilled,2025-10-14,2025-10-14
O004703,2025-10-12,D2C,R_S,SKU_CC_500,C00524,,2.0,2.0,1600,fulfilled,2025-10-14,2025-10-14
O004706,2025-10-12,D2C,R_S,SKU_CC_500,C01272,,1.5,1.5,1600,fulfilled,2025-10-14,2025-10-14
O004732,2025-10-13,D2C,R_N,SKU_CC_500,C00105,,1.5,1.5,1600,fulfilled,2025-10-15,2025-10-15
O004737,2025-10-13,D2C,R_N,SKU_CC_500,C00054,,2.0,2.0,1600,fulfilled,2025-10-15,2025-10-15
O004742,2025-10-13,D2C,R_N,SKU_CC_500,C00651,,1.5,1.5,1600,fulfilled,2025-10-15,2025-10-15
O004748,2025-10-13,D2C,R_N,SKU_CC_500,C00554,,0.5,0.5,1600,fulfilled,2025-10-15,2025-10-15
O004753,2025-10-13,D2C,R_N,SKU_CC_500,C00873,,0.5,0.5,1600,fulfilled,2025-10-15,2025-10-15
O004754,2025-10-13,D2C,R_N,SKU_CC_500,C00030,,0.5,0.5,1600,fulfilled,2025-10-15,2025-10-15
O004759,2025-10-13,D2C,R_N,SKU_CC_500,C00544,,1.5,1.5,1600,fulfilled,2025-10-15,2025-10-15
O004763,2025-10-13,D2C,R_N,SKU_CC_500,C00478,,0.5,0.5,1600,fulfilled,2025-10-15,2025-10-15
O004768,2025-10-13,D2C,R_N,SKU_CC_500,C00516,,0.5,0.5,1600,fulfilled,2025-10-15,2025-10-15
O004778,2025-10-13,D2C,R_S,SKU_CC_500,C00259,,1.5,1.5,1600,fulfilled,2025-10-15,2025-10-15
O004780,2025-10-13,D2C,R_S,SKU_CC_500,C01178,,1.5,1.5,1600,fulfilled,2025-10-15,2025-10-15
O004786,2025-10-13,D2C,R_S,SKU_CC_500,C00726,,0.5,0.5,1600,fulfilled,2025-10-15,2025-10-15
O004797,2025-10-13,D2C,R_S,SKU_CC_500,C01115,,1.5,1.5,1600,fulfilled,2025-10-15,2025-10-15
O006287,2025-10-13,B2B,R_N,SKU_CC_500,,ACC_DIST,100.2,100.2,1250,fulfilled,2025-10-16,2025-10-16
O006388,2025-10-13,B2B,R_S,SKU_CC_500,,ACC_REST,20.3,20.3,1400,fulfilled,2025-10-16,2025-10-16
O004718,2025-10-14,D2C,R_N,SKU_CC_500,C00545,,0.5,0.5,1600,fulfilled,2025-10-16,2025-10-16
O004723,2025-10-14,D2C,R_N,SKU_CC_500,C00846,,0.5,0.5,1600,fulfilled,2025-10-16,2025-10-16
O004728,2025-10-14,D2C,R_N,SKU_CC_500,C00441,,2.0,2.0,1600,fulfilled,2025-10-16,2025-10-16
O004730,2025-10-14,D2C,R_N,SKU_CC_500,C00805,,1.5,1.5,1600,fulfilled,2025-10-16,2025-10-16
O004731,2025-10-14,D2C,R_N,SKU_CC_500,C00876,,2.0,2.0,1600,fulfilled,2025-10-16,2025-10-16
O004744,2025-10-14,D2C,R_N,SKU_CC_500,C00603,,1.0,1.0,1600,fulfilled,2025-10-16,2025-10-16
O004747,2025-10-14,D2C,R_N,SKU_CC_500,C00052,,2.0,2.0,1600,fulfilled,2025-10-16,2025-10-16
O004750,2025-10-14,D2C,R_N,SKU_CC_500,C00517,,1.0,1.0,1600,fulfilled,2025-10-16,2025-10-16
O004764,2025-10-14,D2C,R_N,SKU_CC_500,C00248,,1.0,1.0,1600,fulfilled,2025-10-16,2025-10-16
O004767,2025-10-14,D2C,R_N,SKU_CC_500,C00797,,1.0,1.0,1600,fulfilled,2025-10-16,2025-10-16
O004776,2025-10-14,D2C,R_S,SKU_CC_500,C01139,,1.0,1.0,1600,fulfilled,2025-10-16,2025-10-16
O004790,2025-10-14,D2C,R_S,SKU_CC_500,C00010,,1.5,1.5,1600,fulfilled,2025-10-16,2025-10-16
O004792,2025-10-14,D2C,R_S,SKU_CC_500,C00086,,2.0,2.0,1600,fulfilled,2025-10-16,2025-10-16
O004722,2025-10-15,D2C,R_N,SKU_CC_500,C01226,,2.0,2.0,1600,fulfilled,2025-10-17,2025-10-17
O004724,2025-10-15,D2C,R_N,SKU_CC_500,C00703,,2.0,2.0,1600,fulfilled,2025-10-17,2025-10-17
O004743,2025-10-15,D2C,R_N,SKU_CC_500,C01091,,2.0,2.0,1600,fulfilled,2025-10-17,2025-10-17
O004765,2025-10-15,D2C,R_N,SKU_CC_500,C01093,,1.0,1.0,1600,fulfilled,2025-10-17,2025-10-17
O004773,2025-10-15,D2C,R_S,SKU_CC_500,C00294,,1.5,1.5,1600,fulfilled,2025-10-17,2025-10-17
O004794,2025-10-15,D2C,R_S,SKU_CC_500,C01100,,2.0,2.0,1600,fulfilled,2025-10-17,2025-10-17
O004719,2025-10-16,D2C,R_N,SKU_CC_500,C00586,,2.0,2.0,1600,fulfilled,2025-10-18,2025-10-18
O004727,2025-10-16,D2C,R_N,SKU_CC_500,C00663,,1.5,1.5,1600,fulfilled,2025-10-18,2025-10-18
O004734,2025-10-16,D2C,R_N,SKU_CC_500,C00994,,1.5,1.5,1600,fulfilled,2025-10-18,2025-10-18
O004738,2025-10-16,D2C,R_N,SKU_CC_500,C00552,,0.5,0.5,1600,fulfilled,2025-10-18,2025-10-18
O004740,2025-10-16,D2C,R_N,SKU_CC_500,C00104,,1.0,1.0,1600,fulfilled,2025-10-18,2025-10-18
O004751,2025-10-16,D2C,R_N,SKU_CC_500,C00799,,1.0,1.0,1600,fulfilled,2025-10-18,2025-10-18
O004752,2025-10-16,D2C,R_N,SKU_CC_500,C00795,,1.5,1.5,1600,fulfilled,2025-10-18,2025-10-18
O004756,2025-10-16,D2C,R_N,SKU_CC_500,C00516,,0.5,0.5,1600,fulfilled,2025-10-18,2025-10-18
O004771,2025-10-16,D2C,R_S,SKU_CC_500,C00151,,0.5,0.5,1600,fulfilled,2025-10-18,2025-10-18
O004772,2025-10-16,D2C,R_S,SKU_CC_500,C00386,,0.5,0.5,1600,fulfilled,2025-10-18,2025-10-18
O004775,2025-10-16,D2C,R_S,SKU_CC_500,C00285,,2.0,2.0,1600,fulfilled,2025-10-18,2025-10-18
O004787,2025-10-16,D2C,R_S,SKU_CC_500,C00658,,0.5,0.5,1600,fulfilled,2025-10-18,2025-10-18
O004791,2025-10-16,D2C,R_S,SKU_CC_500,C00474,,1.0,1.0,1600,fulfilled,2025-10-18,2025-10-18
O004793,2025-10-16,D2C,R_S,SKU_CC_500,C00323,,0.5,0.5,1600,fulfilled,2025-10-18,2025-10-18
O004721,2025-10-17,D2C,R_N,SKU_CC_500,C00580,,2.0,2.0,1600,fulfilled,2025-10-19,2025-10-19
O004725,2025-10-17,D2C,R_N,SKU_CC_500,C00715,,1.0,1.0,1600,fulfilled,2025-10-19,2025-10-19
O004733,2025-10-17,D2C,R_N,SKU_CC_500,C00150,,1.0,1.0,1600,fulfilled,2025-10-19,2025-10-19
O004735,2025-10-17,D2C,R_N,SKU_CC_500,C00795,,1.5,1.5,1600,fulfilled,2025-10-19,2025-10-19
O004746,2025-10-17,D2C,R_N,SKU_CC_500,C00720,,1.0,1.0,1600,fulfilled,2025-10-19,2025-10-19
O004757,2025-10-17,D2C,R_N,SKU_CC_500,C00675,,1.0,1.0,1600,fulfilled,2025-10-19,2025-10-19
O004762,2025-10-17,D2C,R_N,SKU_CC_500,C00871,,0.5,0.5,1600,fulfilled,2025-10-19,2025-10-19
O004766,2025-10-17,D2C,R_N,SKU_CC_500,C01131,,1.0,1.0,1600,fulfilled,2025-10-19,2025-10-19
O004769,2025-10-17,D2C,R_S,SKU_CC_500,C01153,,0.5,0.5,1600,fulfilled,2025-10-19,2025-10-19
O004770,2025-10-17,D2C,R_S,SKU_CC_500,C00839,,2.0,2.0,1600,fulfilled,2025-10-19,2025-10-19
O004774,2025-10-17,D2C,R_S,SKU_CC_500,C00752,,1.0,1.0,1600,fulfilled,2025-10-19,2025-10-19
O004779,2025-10-17,D2C,R_S,SKU_CC_500,C00190,,2.0,2.0,1600,fulfilled,2025-10-19,2025-10-19
O004781,2025-10-17,D2C,R_S,SKU_CC_500,C00193,,2.0,2.0,1600,fulfilled,2025-10-19,2025-10-19
O004789,2025-10-17,D2C,R_S,SKU_CC_500,C00640,,1.0,1.0,1600,fulfilled,2025-10-19,2025-10-19
O004795,2025-10-17,D2C,R_S,SKU_CC_500,C00685,,0.5,0.5,1600,fulfilled,2025-10-19,2025-10-19
O004796,2025-10-17,D2C,R_S,SKU_CC_500,C00724,,1.0,1.0,1600,fulfilled,2025-10-19,2025-10-19
O004720,2025-10-18,D2C,R_N,SKU_CC_500,C00964,,1.5,1.5,1600,fulfilled,2025-10-20,2025-10-20
O004729,2025-10-18,D2C,R_N,SKU_CC_500,C00364,,2.0,2.0,1600,fulfilled,2025-10-20,2025-10-20
O004739,2025-10-18,D2C,R_N,SKU_CC_500,C00617,,0.5,0.5,1600,fulfilled,2025-10-20,2025-10-20
O004741,2025-10-18,D2C,R_N,SKU_CC_500,C01094,,1.0,1.0,1600,fulfilled,2025-10-20,2025-10-20
O004760,2025-10-18,D2C,R_N,SKU_CC_500,C00267,,1.0,1.0,1600,fulfilled,2025-10-20,2025-10-20
O004777,2025-10-18,D2C,R_S,SKU_CC_500,C00218,,2.0,2.0,1600,fulfilled,2025-10-20,2025-10-20
O004785,2025-10-18,D2C,R_S,SKU_CC_500,C00882,,1.0,1.0,1600,fulfilled,2025-10-20,2025-10-20
O004726,2025-10-19,D2C,R_N,SKU_CC_500,C00727,,1.0,1.0,1600,fulfilled,2025-10-21,2025-10-21
O004736,2025-10-19,D2C,R_N,SKU_CC_500,C01159,,0.5,0.5,1600,fulfilled,2025-10-21,2025-10-21
O004745,2025-10-19,D2C,R_N,SKU_CC_500,C00741,,1.5,1.5,1600,fulfilled,2025-10-21,2025-10-21
O004749,2025-10-19,D2C,R_N,SKU_CC_500,C00551,,0.5,0.5,1600,fulfilled,2025-10-21,2025-10-21
O004755,2025-10-19,D2C,R_N,SKU_CC_500,C00876,,1.5,1.5,1600,fulfilled,2025-10-21,2025-10-21
O004758,2025-10-19,D2C,R_N,SKU_CC_500,C00873,,1.5,1.5,1600,fulfilled,2025-10-21,2025-10-21
O004761,2025-10-19,D2C,R_N,SKU_CC_500,C00399,,0.5,0.5,1600,fulfilled,2025-10-21,2025-10-21
O004782,2025-10-19,D2C,R_S,SKU_CC_500,C00101,,2.0,2.0,1600,fulfilled,2025-10-21,2025-10-21
O004783,2025-10-19,D2C,R_S,SKU_CC_500,C01246,,1.0,1.0,1600,fulfilled,2025-10-21,2025-10-21
O004784,2025-10-19,D2C,R_S,SKU_CC_500,C00661,,1.0,1.0,1600,fulfilled,2025-10-21,2025-10-21
O004788,2025-10-19,D2C,R_S,SKU_CC_500,C00723,,1.0,1.0,1600,fulfilled,2025-10-21,2025-10-21
O004800,2025-10-20,D2C,R_N,SKU_CC_500,C00175,,2.0,2.0,1600,fulfilled,2025-10-22,2025-10-22
O004807,2025-10-20,D2C,R_N,SKU_CC_500,C00052,,1.0,1.0,1600,fulfilled,2025-10-22,2025-10-22
O004808,2025-10-20,D2C,R_N,SKU_CC_500,C01019,,0.5,0.5,1600,fulfilled,2025-10-22,2025-10-22
O004828,2025-10-20,D2C,R_N,SKU_CC_500,C00664,,1.0,1.0,1600,fulfilled,2025-10-22,2025-10-22
O004841,2025-10-20,D2C,R_N,SKU_CC_500,C01238,,0.5,0.5,1600,fulfilled,2025-10-22,2025-10-22
O004855,2025-10-20,D2C,R_S,SKU_CC_500,C00687,,1.5,1.5,1600,fulfilled,2025-10-22,2025-10-22
O004862,2025-10-20,D2C,R_S,SKU_CC_500,C01155,,0.5,0.5,1600,fulfilled,2025-10-22,2025-10-22
O004863,2025-10-20,D2C,R_S,SKU_CC_500,C00996,,1.0,1.0,1600,fulfilled,2025-10-22,2025-10-22
O004864,2025-10-20,D2C,R_S,SKU_CC_500,C01088,,1.0,1.0,1600,fulfilled,2025-10-22,2025-10-22
O004873,2025-10-20,D2C,R_S,SKU_CC_500,C00088,,0.5,0.5,1600,fulfilled,2025-10-22,2025-10-22
O006288,2025-10-20,B2B,R_N,SKU_CC_500,,ACC_DIST,82.5,82.5,1250,fulfilled,2025-10-23,2025-10-23
O006389,2025-10-20,B2B,R_S,SKU_CC_500,,ACC_REST,15.5,15.5,1400,fulfilled,2025-10-23,2025-10-23
O004805,2025-10-21,D2C,R_N,SKU_CC_500,C01170,,2.0,2.0,1600,fulfilled,2025-10-23,2025-10-23
O004825,2025-10-21,D2C,R_N,SKU_CC_500,C00146,,1.5,1.5,1600,fulfilled,2025-10-23,2025-10-23
O004827,2025-10-21,D2C,R_N,SKU_CC_500,C01002,,1.0,1.0,1600,fulfilled,2025-10-23,2025-10-23
O004831,2025-10-21,D2C,R_N,SKU_CC_500,C00319,,1.5,1.5,1600,fulfilled,2025-10-23,2025-10-23
O004849,2025-10-21,D2C,R_S,SKU_CC_500,C00713,,1.5,1.5,1600,fulfilled,2025-10-23,2025-10-23
O004853,2025-10-21,D2C,R_S,SKU_CC_500,C01127,,1.5,1.5,1600,fulfilled,2025-10-23,2025-10-23
O004868,2025-10-21,D2C,R_S,SKU_CC_500,C00956,,2.0,2.0,1600,fulfilled,2025-10-23,2025-10-23
O004871,2025-10-21,D2C,R_S,SKU_CC_500,C00713,,1.0,1.0,1600,fulfilled,2025-10-23,2025-10-23
O004812,2025-10-22,D2C,R_N,SKU_CC_500,C01157,,1.0,1.0,1600,fulfilled,2025-10-24,2025-10-24
O004821,2025-10-22,D2C,R_N,SKU_CC_500,C00316,,2.0,2.0,1600,fulfilled,2025-10-24,2025-10-24
O004835,2025-10-22,D2C,R_N,SKU_CC_500,C00847,,1.5,1.5,1600,fulfilled,2025-10-24,2025-10-24
O004857,2025-10-22,D2C,R_S,SKU_CC_500,C01112,,1.0,1.0,1600,fulfilled,2025-10-24,2025-10-24
O004870,2025-10-22,D2C,R_S,SKU_CC_500,C00101,,1.0,1.0,1600,fulfilled,2025-10-24,2025-10-24
O004802,2025-10-23,D2C,R_N,SKU_CC_500,C01184,,0.5,0.5,1600,fulfilled,2025-10-25,2025-10-25
O004806,2025-10-23,D2C,R_N,SKU_CC_500,C00767,,1.5,1.5,1600,fulfilled,2025-10-25,2025-10-25
O004816,2025-10-23,D2C,R_N,SKU_CC_500,C00383,,1.0,1.0,1600,fulfilled,2025-10-25,2025-10-25
O004817,2025-10-23,D2C,R_N,SKU_CC_500,C00395,,0.5,0.5,1600,fulfilled,2025-10-25,2025-10-25
O004820,2025-10-23,D2C,R_N,SKU_CC_500,C00550,,0.5,0.5,1600,fulfilled,2025-10-25,2025-10-25
O004826,2025-10-23,D2C,R_N,SKU_CC_500,C00645,,2.0,2.0,1600,fulfilled,2025-10-25,2025-10-25
O004834,2025-10-23,D2C,R_N,SKU_CC_500,C00158,,1.0,1.0,1600,fulfilled,2025-10-25,2025-10-25
O004842,2025-10-23,D2C,R_N,SKU_CC_500,C00274,,1.5,1.5,1600,fulfilled,2025-10-25,2025-10-25
O004843,2025-10-23,D2C,R_N,SKU_CC_500,C00680,,1.5,1.5,1600,fulfilled,2025-10-25,2025-10-25
O004846,2025-10-23,D2C,R_N,SKU_CC_500,C01000,,1.0,1.0,1600,fulfilled,2025-10-25,2025-10-25
O004852,2025-10-23,D2C,R_S,SKU_CC_500,C00644,,2.0,2.0,1600,fulfilled,2025-10-25,2025-10-25
O004861,2025-10-23,D2C,R_S,SKU_CC_500,C00700,,0.5,0.5,1600,fulfilled,2025-10-25,2025-10-25
O004869,2025-10-23,D2C,R_S,SKU_CC_500,C01037,,0.5,0.5,1600,fulfilled,2025-10-25,2025-10-25
O004877,2025-10-23,D2C,R_S,SKU_CC_500,C00892,,2.0,2.0,1600,fulfilled,2025-10-25,2025-10-25
O004803,2025-10-24,D2C,R_N,SKU_CC_500,C00357,,1.5,1.5,1600,fulfilled,2025-10-26,2025-10-26
O004804,2025-10-24,D2C,R_N,SKU_CC_500,C01106,,1.0,1.0,1600,fulfilled,2025-10-26,2025-10-26
O004810,2025-10-24,D2C,R_N,SKU_CC_500,C00130,,2.0,2.0,1600,fulfilled,2025-10-26,2025-10-26
O004818,2025-10-24,D2C,R_N,SKU_CC_500,C00786,,0.5,0.5,1600,fulfilled,2025-10-26,2025-10-26
O004823,2025-10-24,D2C,R_N,SKU_CC_500,C00694,,1.5,1.5,1600,fulfilled,2025-10-26,2025-10-26
O004829,2025-10-24,D2C,R_N,SKU_CC_500,C00342,,1.5,1.5,1600,fulfilled,2025-10-26,2025-10-26
O004830,2025-10-24,D2C,R_N,SKU_CC_500,C00445,,0.5,0.5,1600,fulfilled,2025-10-26,2025-10-26
O004837,2025-10-24,D2C,R_N,SKU_CC_500,C00949,,2.0,2.0,1600,fulfilled,2025-10-26,2025-10-26
O004838,2025-10-24,D2C,R_N,SKU_CC_500,C00081,,2.0,2.0,1600,fulfilled,2025-10-26,2025-10-26
O004839,2025-10-24,D2C,R_N,SKU_CC_500,C01013,,1.0,1.0,1600,fulfilled,2025-10-26,2025-10-26
O004845,2025-10-24,D2C,R_N,SKU_CC_500,C00187,,2.0,2.0,1600,fulfilled,2025-10-26,2025-10-26
O004850,2025-10-24,D2C,R_S,SKU_CC_500,C01061,,1.0,1.0,1600,fulfilled,2025-10-26,2025-10-26
O004851,2025-10-24,D2C,R_S,SKU_CC_500,C00217,,0.5,0.5,1600,fulfilled,2025-10-26,2025-10-26
O004858,2025-10-24,D2C,R_S,SKU_CC_500,C00036,,2.0,2.0,1600,fulfilled,2025-10-26,2025-10-26
O004867,2025-10-24,D2C,R_S,SKU_CC_500,C00074,,2.0,2.0,1600,fulfilled,2025-10-26,2025-10-26
O004875,2025-10-24,D2C,R_S,SKU_CC_500,C00842,,1.0,1.0,1600,fulfilled,2025-10-26,2025-10-26
O004801,2025-10-25,D2C,R_N,SKU_CC_500,C01004,,1.5,1.5,1600,fulfilled,2025-10-27,2025-10-27
O004811,2025-10-25,D2C,R_N,SKU_CC_500,C01228,,1.0,1.0,1600,fulfilled,2025-10-27,2025-10-27
O004813,2025-10-25,D2C,R_N,SKU_CC_500,C00939,,2.0,2.0,1600,fulfilled,2025-10-27,2025-10-27
O004822,2025-10-25,D2C,R_N,SKU_CC_500,C00264,,1.0,1.0,1600,fulfilled,2025-10-27,2025-10-27
O004832,2025-10-25,D2C,R_N,SKU_CC_500,C01287,,2.0,2.0,1600,fulfilled,2025-10-27,2025-10-27
O004836,2025-10-25,D2C,R_N,SKU_CC_500,C00602,,1.0,1.0,1600,fulfilled,2025-10-27,2025-10-27
O004847,2025-10-25,D2C,R_N,SKU_CC_500,C00825,,1.0,1.0,1600,fulfilled,2025-10-27,2025-10-27
O004848,2025-10-25,D2C,R_N,SKU_CC_500,C01110,,0.5,0.5,1600,fulfilled,2025-10-27,2025-10-27
O004856,2025-10-25,D2C,R_S,SKU_CC_500,C00895,,1.5,1.5,1600,fulfilled,2025-10-27,2025-10-27
O004859,2025-10-25,D2C,R_S,SKU_CC_500,C01099,,2.0,2.0,1600,fulfilled,2025-10-27,2025-10-27
O004872,2025-10-25,D2C,R_S,SKU_CC_500,C01294,,1.0,1.0,1600,fulfilled,2025-10-27,2025-10-27
O004874,2025-10-25,D2C,R_S,SKU_CC_500,C00643,,1.5,1.5,1600,fulfilled,2025-10-27,2025-10-27
O004798,2025-10-26,D2C,R_N,SKU_CC_500,C01170,,1.0,1.0,1600,fulfilled,2025-10-28,2025-10-28
O004799,2025-10-26,D2C,R_N,SKU_CC_500,C00940,,2.0,2.0,1600,fulfilled,2025-10-28,2025-10-28
O004809,2025-10-26,D2C,R_N,SKU_CC_500,C01251,,1.0,1.0,1600,fulfilled,2025-10-28,2025-10-28
O004814,2025-10-26,D2C,R_N,SKU_CC_500,C00411,,0.5,0.5,1600,fulfilled,2025-10-28,2025-10-28
O004815,2025-10-26,D2C,R_N,SKU_CC_500,C01263,,2.0,2.0,1600,fulfilled,2025-10-28,2025-10-28
O004819,2025-10-26,D2C,R_N,SKU_CC_500,C00553,,1.0,1.0,1600,fulfilled,2025-10-28,2025-10-28
O004824,2025-10-26,D2C,R_N,SKU_CC_500,C00512,,0.5,0.5,1600,fulfilled,2025-10-28,2025-10-28
O004833,2025-10-26,D2C,R_N,SKU_CC_500,C01053,,0.5,0.5,1600,fulfilled,2025-10-28,2025-10-28
O004840,2025-10-26,D2C,R_N,SKU_CC_500,C00501,,2.0,2.0,1600,fulfilled,2025-10-28,2025-10-28
O004844,2025-10-26,D2C,R_N,SKU_CC_500,C01234,,1.5,1.5,1600,fulfilled,2025-10-28,2025-10-28
O004854,2025-10-26,D2C,R_S,SKU_CC_500,C00141,,1.5,1.5,1600,fulfilled,2025-10-28,2025-10-28
O004860,2025-10-26,D2C,R_S,SKU_CC_500,C01166,,0.5,0.5,1600,fulfilled,2025-10-28,2025-10-28
O004865,2025-10-26,D2C,R_S,SKU_CC_500,C01114,,2.0,2.0,1600,fulfilled,2025-10-28,2025-10-28
O004866,2025-10-26,D2C,R_S,SKU_CC_500,C01049,,1.5,1.5,1600,fulfilled,2025-10-28,2025-10-28
O004876,2025-10-26,D2C,R_S,SKU_CC_500,C00711,,0.5,0.5,1600,fulfilled,2025-10-28,2025-10-28
O004888,2025-10-27,D2C,R_N,SKU_CC_500,C00721,,2.0,2.0,1600,fulfilled,2025-10-29,2025-10-29
O004889,2025-10-27,D2C,R_N,SKU_CC_500,C01288,,1.0,1.0,1600,fulfilled,2025-10-29,2025-10-29
O004895,2025-10-27,D2C,R_N,SKU_CC_500,C01225,,2.0,2.0,1600,fulfilled,2025-10-29,2025-10-29
O004903,2025-10-27,D2C,R_N,SKU_CC_500,C00332,,1.0,1.0,1600,fulfilled,2025-10-29,2025-10-29
O004911,2025-10-27,D2C,R_N,SKU_CC_500,C01234,,0.5,0.5,1600,fulfilled,2025-10-29,2025-10-29
O004917,2025-10-27,D2C,R_N,SKU_CC_500,C01123,,2.0,2.0,1600,fulfilled,2025-10-29,2025-10-29
O004945,2025-10-27,D2C,R_S,SKU_CC_500,C01036,,0.5,0.5,1600,fulfilled,2025-10-29,2025-10-29
O004956,2025-10-27,D2C,R_S,SKU_CC_500,C00841,,0.5,0.5,1600,fulfilled,2025-10-29,2025-10-29
O006289,2025-10-27,B2B,R_N,SKU_CC_500,,ACC_DIST,93.3,93.3,1250,fulfilled,2025-10-30,2025-10-30
O006390,2025-10-27,B2B,R_S,SKU_CC_500,,ACC_REST,14.9,14.9,1400,fulfilled,2025-10-30,2025-10-30
O004882,2025-10-28,D2C,R_N,SKU_CC_500,C00517,,1.0,1.0,1600,fulfilled,2025-10-30,2025-10-30
O004885,2025-10-28,D2C,R_N,SKU_CC_500,C01001,,1.0,1.0,1600,fulfilled,2025-10-30,2025-10-30
O004894,2025-10-28,D2C,R_N,SKU_CC_500,C00793,,2.0,2.0,1600,fulfilled,2025-10-30,2025-10-30
O004900,2025-10-28,D2C,R_N,SKU_CC_500,C00486,,1.5,1.5,1600,fulfilled,2025-10-30,2025-10-30
O004906,2025-10-28,D2C,R_N,SKU_CC_500,C00529,,2.0,2.0,1600,fulfilled,2025-10-30,2025-10-30
O004918,2025-10-28,D2C,R_N,SKU_CC_500,C01066,,2.0,2.0,1600,fulfilled,2025-10-30,2025-10-30
O004920,2025-10-28,D2C,R_N,SKU_CC_500,C00209,,1.0,1.0,1600,fulfilled,2025-10-30,2025-10-30
O004924,2025-10-28,D2C,R_N,SKU_CC_500,C00629,,1.5,1.5,1600,fulfilled,2025-10-30,2025-10-30
O004930,2025-10-28,D2C,R_S,SKU_CC_500,C01311,,0.5,0.5,1600,fulfilled,2025-10-30,2025-10-30
O004950,2025-10-28,D2C,R_S,SKU_CC_500,C00064,,0.5,0.5,1600,fulfilled,2025-10-30,2025-10-30
O004951,2025-10-28,D2C,R_S,SKU_CC_500,C00491,,1.5,1.5,1600,fulfilled,2025-10-30,2025-10-30
O004959,2025-10-28,D2C,R_S,SKU_CC_500,C01128,,2.0,2.0,1600,fulfilled,2025-10-30,2025-10-30
O004887,2025-10-29,D2C,R_N,SKU_CC_500,C00849,,2.0,2.0,1600,fulfilled,2025-10-31,2025-10-31
O004890,2025-10-29,D2C,R_N,SKU_CC_500,C00364,,1.0,1.0,1600,fulfilled,2025-10-31,2025-10-31
O004898,2025-10-29,D2C,R_N,SKU_CC_500,C00910,,1.0,1.0,1600,fulfilled,2025-10-31,2025-10-31
O004908,2025-10-29,D2C,R_N,SKU_CC_500,C00382,,2.0,2.0,1600,fulfilled,2025-10-31,2025-10-31
O004913,2025-10-29,D2C,R_N,SKU_CC_500,C00570,,2.0,2.0,1600,fulfilled,2025-10-31,2025-10-31
O004923,2025-10-29,D2C,R_N,SKU_CC_500,C01080,,0.5,0.5,1600,fulfilled,2025-10-31,2025-10-31
O004927,2025-10-29,D2C,R_N,SKU_CC_500,C00366,,0.5,0.5,1600,fulfilled,2025-10-31,2025-10-31
O004937,2025-10-29,D2C,R_S,SKU_CC_500,C00076,,1.5,1.5,1600,fulfilled,2025-10-31,2025-10-31
O004938,2025-10-29,D2C,R_S,SKU_CC_500,C00022,,1.5,1.5,1600,fulfilled,2025-10-31,2025-10-31
O004946,2025-10-29,D2C,R_S,SKU_CC_500,C00709,,2.0,2.0,1600,fulfilled,2025-10-31,2025-10-31
O004954,2025-10-29,D2C,R_S,SKU_CC_500,C01090,,1.0,1.0,1600,fulfilled,2025-10-31,2025-10-31
O004886,2025-10-30,D2C,R_N,SKU_CC_500,C00968,,1.0,1.0,1600,fulfilled,2025-11-01,2025-11-01
O004891,2025-10-30,D2C,R_N,SKU_CC_500,C00305,,1.0,1.0,1600,fulfilled,2025-11-01,2025-11-01
O004892,2025-10-30,D2C,R_N,SKU_CC_500,C00019,,1.0,1.0,1600,fulfilled,2025-11-01,2025-11-01
O004901,2025-10-30,D2C,R_N,SKU_CC_500,C00621,,2.0,2.0,1600,fulfilled,2025-11-01,2025-11-01
O004909,2025-10-30,D2C,R_N,SKU_CC_500,C00611,,1.0,1.0,1600,fulfilled,2025-11-01,2025-11-01
O004910,2025-10-30,D2C,R_N,SKU_CC_500,C01195,,1.0,1.0,1600,fulfilled,2025-11-01,2025-11-01
O004914,2025-10-30,D2C,R_N,SKU_CC_500,C00302,,1.0,1.0,1600,fulfilled,2025-11-01,2025-11-01
O004915,2025-10-30,D2C,R_N,SKU_CC_500,C01275,,1.0,1.0,1600,fulfilled,2025-11-01,2025-11-01
O004919,2025-10-30,D2C,R_N,SKU_CC_500,C01162,,1.5,1.5,1600,fulfilled,2025-11-01,2025-11-01
O004922,2025-10-30,D2C,R_N,SKU_CC_500,C00731,,1.0,1.0,1600,fulfilled,2025-11-01,2025-11-01
O004925,2025-10-30,D2C,R_N,SKU_CC_500,C00571,,0.5,0.5,1600,fulfilled,2025-11-01,2025-11-01
O004932,2025-10-30,D2C,R_S,SKU_CC_500,C00670,,1.0,1.0,1600,fulfilled,2025-11-01,2025-11-01
O004957,2025-10-30,D2C,R_S,SKU_CC_500,C00609,,1.5,1.5,1600,fulfilled,2025-11-01,2025-11-01
O004958,2025-10-30,D2C,R_S,SKU_CC_500,C00841,,1.0,1.0,1600,fulfilled,2025-11-01,2025-11-01
O004881,2025-10-31,D2C,R_N,SKU_CC_500,C00254,,1.5,1.5,1600,fulfilled,2025-11-02,2025-11-02
O004902,2025-10-31,D2C,R_N,SKU_CC_500,C01110,,1.0,1.0,1600,fulfilled,2025-11-02,2025-11-02
O004904,2025-10-31,D2C,R_N,SKU_CC_500,C00720,,2.0,2.0,1600,fulfilled,2025-11-02,2025-11-02
O004905,2025-10-31,D2C,R_N,SKU_CC_500,C00718,,1.0,1.0,1600,fulfilled,2025-11-02,2025-11-02
O004916,2025-10-31,D2C,R_N,SKU_CC_500,C00564,,1.5,1.5,1600,fulfilled,2025-11-02,2025-11-02
O004921,2025-10-31,D2C,R_N,SKU_CC_500,C00108,,1.0,1.0,1600,fulfilled,2025-11-02,2025-11-02
O004926,2025-10-31,D2C,R_N,SKU_CC_500,C01123,,2.0,2.0,1600,fulfilled,2025-11-02,2025-11-02
O004929,2025-10-31,D2C,R_N,SKU_CC_500,C01254,,2.0,2.0,1600,fulfilled,2025-11-02,2025-11-02
O004931,2025-10-31,D2C,R_S,SKU_CC_500,C00322,,1.0,1.0,1600,fulfilled,2025-11-02,2025-11-02
O004936,2025-10-31,D2C,R_S,SKU_CC_500,C00895,,2.0,2.0,1600,fulfilled,2025-11-02,2025-11-02
O004941,2025-10-31,D2C,R_S,SKU_CC_500,C00373,,2.0,2.0,1600,fulfilled,2025-11-02,2025-11-02
O004948,2025-10-31,D2C,R_S,SKU_CC_500,C00592,,2.0,2.0,1600,fulfilled,2025-11-02,2025-11-02
O004955,2025-10-31,D2C,R_S,SKU_CC_500,C00739,,0.5,0.5,1600,fulfilled,2025-11-02,2025-11-02
O004879,2025-11-01,D2C,R_N,SKU_CC_500,C00929,,1.5,1.5,1600,fulfilled,2025-11-03,2025-11-03
O004880,2025-11-01,D2C,R_N,SKU_CC_500,C01275,,0.5,0.5,1600,fulfilled,2025-11-03,2025-11-03
O004899,2025-11-01,D2C,R_N,SKU_CC_500,C00768,,2.0,2.0,1600,fulfilled,2025-11-03,2025-11-03
O004907,2025-11-01,D2C,R_N,SKU_CC_500,C00618,,1.5,1.5,1600,fulfilled,2025-11-03,2025-11-03
O004912,2025-11-01,D2C,R_N,SKU_CC_500,C00160,,0.5,0.5,1600,fulfilled,2025-11-03,2025-11-03
O004933,2025-11-01,D2C,R_S,SKU_CC_500,C01296,,0.5,0.5,1600,fulfilled,2025-11-03,2025-11-03
O004934,2025-11-01,D2C,R_S,SKU_CC_500,C00524,,1.5,1.5,1600,fulfilled,2025-11-03,2025-11-03
O004935,2025-11-01,D2C,R_S,SKU_CC_500,C00723,,1.5,1.5,1600,fulfilled,2025-11-03,2025-11-03
O004952,2025-11-01,D2C,R_S,SKU_CC_500,C00739,,2.0,2.0,1600,fulfilled,2025-11-03,2025-11-03
O004953,2025-11-01,D2C,R_S,SKU_CC_500,C01034,,2.0,2.0,1600,fulfilled,2025-11-03,2025-11-03
O004878,2025-11-02,D2C,R_N,SKU_CC_500,C00398,,0.5,0.5,1600,fulfilled,2025-11-04,2025-11-04
O004883,2025-11-02,D2C,R_N,SKU_CC_500,C00863,,2.0,2.0,1600,fulfilled,2025-11-04,2025-11-04
O004884,2025-11-02,D2C,R_N,SKU_CC_500,C01228,,1.5,1.5,1600,fulfilled,2025-11-04,2025-11-04
O004893,2025-11-02,D2C,R_N,SKU_CC_500,C00342,,2.0,2.0,1600,fulfilled,2025-11-04,2025-11-04
O004896,2025-11-02,D2C,R_N,SKU_CC_500,C01144,,1.5,1.5,1600,fulfilled,2025-11-04,2025-11-04
O004897,2025-11-02,D2C,R_N,SKU_CC_500,C01184,,0.5,0.5,1600,fulfilled,2025-11-04,2025-11-04
O004928,2025-11-02,D2C,R_N,SKU_CC_500,C01002,,2.0,2.0,1600,fulfilled,2025-11-04,2025-11-04
O004939,2025-11-02,D2C,R_S,SKU_CC_500,C00700,,1.5,1.5,1600,fulfilled,2025-11-04,2025-11-04
O004940,2025-11-02,D2C,R_S,SKU_CC_500,C00487,,1.0,1.0,1600,fulfilled,2025-11-04,2025-11-04
O004942,2025-11-02,D2C,R_S,SKU_CC_500,C00709,,2.0,2.0,1600,fulfilled,2025-11-04,2025-11-04
O004943,2025-11-02,D2C,R_S,SKU_CC_500,C01242,,0.5,0.5,1600,fulfilled,2025-11-04,2025-11-04
O004944,2025-11-02,D2C,R_S,SKU_CC_500,C00670,,0.5,0.5,1600,fulfilled,2025-11-04,2025-11-04
O004947,2025-11-02,D2C,R_S,SKU_CC_500,C01165,,1.0,1.0,1600,fulfilled,2025-11-04,2025-11-04
O004949,2025-11-02,D2C,R_S,SKU_CC_500,C00789,,2.0,2.0,1600,fulfilled,2025-11-04,2025-11-04
O004963,2025-11-03,D2C,R_N,SKU_CC_500,C00582,,2.0,2.0,1600,fulfilled,2025-11-05,2025-11-05
O004977,2025-11-03,D2C,R_N,SKU_CC_500,C00599,,0.5,0.5,1600,fulfilled,2025-11-05,2025-11-05
O004980,2025-11-03,D2C,R_N,SKU_CC_500,C00974,,0.5,0.5,1600,fulfilled,2025-11-05,2025-11-05
O005003,2025-11-03,D2C,R_N,SKU_CC_500,C00717,,1.5,1.5,1600,fulfilled,2025-11-05,2025-11-05
O005028,2025-11-03,D2C,R_S,SKU_CC_500,C00907,,0.5,0.5,1600,fulfilled,2025-11-05,2025-11-05
O006290,2025-11-03,B2B,R_N,SKU_CC_500,,ACC_DIST,76.9,76.9,1250,fulfilled,2025-11-06,2025-11-06
O006391,2025-11-03,B2B,R_S,SKU_CC_500,,ACC_REST,16.4,16.4,1400,fulfilled,2025-11-06,2025-11-06
O004962,2025-11-04,D2C,R_N,SKU_CC_500,C00234,,1.5,1.5,1600,fulfilled,2025-11-06,2025-11-06
O004975,2025-11-04,D2C,R_N,SKU_CC_500,C01085,,1.5,1.5,1600,fulfilled,2025-11-06,2025-11-06
O004979,2025-11-04,D2C,R_N,SKU_CC_500,C00096,,1.0,1.0,1600,fulfilled,2025-11-06,2025-11-06
O004981,2025-11-04,D2C,R_N,SKU_CC_500,C00779,,1.0,1.0,1600,fulfilled,2025-11-06,2025-11-06
O004984,2025-11-04,D2C,R_N,SKU_CC_500,C00549,,1.0,1.0,1600,fulfilled,2025-11-06,2025-11-06
O004988,2025-11-04,D2C,R_N,SKU_CC_500,C01163,,1.5,1.5,1600,fulfilled,2025-11-06,2025-11-06
O004990,2025-11-04,D2C,R_N,SKU_CC_500,C00597,,2.0,2.0,1600,fulfilled,2025-11-06,2025-11-06
O004997,2025-11-04,D2C,R_N,SKU_CC_500,C00798,,2.0,2.0,1600,fulfilled,2025-11-06,2025-11-06
O005005,2025-11-04,D2C,R_N,SKU_CC_500,C01095,,1.0,1.0,1600,fulfilled,2025-11-06,2025-11-06
O005022,2025-11-04,D2C,R_S,SKU_CC_500,C00919,,2.0,2.0,1600,fulfilled,2025-11-06,2025-11-06
O005024,2025-11-04,D2C,R_S,SKU_CC_500,C01203,,1.0,1.0,1600,fulfilled,2025-11-06,2025-11-06
O005027,2025-11-04,D2C,R_S,SKU_CC_500,C00255,,1.5,1.5,1600,fulfilled,2025-11-06,2025-11-06
O005034,2025-11-04,D2C,R_S,SKU_CC_500,C01139,,2.0,2.0,1600,fulfilled,2025-11-06,2025-11-06
O005035,2025-11-04,D2C,R_S,SKU_CC_500,C01088,,0.5,0.5,1600,fulfilled,2025-11-06,2025-11-06
O004961,2025-11-05,D2C,R_N,SKU_CC_500,C01135,,0.5,0.5,1600,fulfilled,2025-11-07,2025-11-07
O004969,2025-11-05,D2C,R_N,SKU_CC_500,C00069,,0.5,0.5,1600,fulfilled,2025-11-07,2025-11-07
O004971,2025-11-05,D2C,R_N,SKU_CC_500,C01033,,2.0,2.0,1600,fulfilled,2025-11-07,2025-11-07
O004972,2025-11-05,D2C,R_N,SKU_CC_500,C00247,,0.5,0.5,1600,fulfilled,2025-11-07,2025-11-07
O004974,2025-11-05,D2C,R_N,SKU_CC_500,C00265,,1.0,1.0,1600,fulfilled,2025-11-07,2025-11-07
O004976,2025-11-05,D2C,R_N,SKU_CC_500,C01304,,0.5,0.5,1600,fulfilled,2025-11-07,2025-11-07
O004985,2025-11-05,D2C,R_N,SKU_CC_500,C01163,,1.0,1.0,1600,fulfilled,2025-11-07,2025-11-07
O004986,2025-11-05,D2C,R_N,SKU_CC_500,C00599,,1.0,1.0,1600,fulfilled,2025-11-07,2025-11-07
O004989,2025-11-05,D2C,R_N,SKU_CC_500,C00121,,1.0,1.0,1600,fulfilled,2025-11-07,2025-11-07
O004999,2025-11-05,D2C,R_N,SKU_CC_500,C00247,,2.0,2.0,1600,fulfilled,2025-11-07,2025-11-07
O005007,2025-11-05,D2C,R_N,SKU_CC_500,C00085,,1.0,1.0,1600,fulfilled,2025-11-07,2025-11-07
O005008,2025-11-05,D2C,R_N,SKU_CC_500,C00031,,1.5,1.5,1600,fulfilled,2025-11-07,2025-11-07
O005015,2025-11-05,D2C,R_S,SKU_CC_500,C00038,,1.0,1.0,1600,fulfilled,2025-11-07,2025-11-07
O005025,2025-11-05,D2C,R_S,SKU_CC_500,C00658,,2.0,2.0,1600,fulfilled,2025-11-07,2025-11-07
O005029,2025-11-05,D2C,R_S,SKU_CC_500,C00311,,1.5,1.5,1600,fulfilled,2025-11-07,2025-11-07
O005033,2025-11-05,D2C,R_S,SKU_CC_500,C00593,,1.0,1.0,1600,fulfilled,2025-11-07,2025-11-07
O005041,2025-11-05,D2C,R_S,SKU_CC_500,C00640,,0.5,0.5,1600,fulfilled,2025-11-07,2025-11-07
O004960,2025-11-06,D2C,R_N,SKU_CC_500,C01067,,1.0,1.0,1600,fulfilled,2025-11-08,2025-11-08
O004966,2025-11-06,D2C,R_N,SKU_CC_500,C01000,,1.0,1.0,1600,fulfilled,2025-11-08,2025-11-08
O004994,2025-11-06,D2C,R_N,SKU_CC_500,C00029,,1.0,1.0,1600,fulfilled,2025-11-08,2025-11-08
O005001,2025-11-06,D2C,R_N,SKU_CC_500,C01132,,2.0,2.0,1600,fulfilled,2025-11-08,2025-11-08
O005002,2025-11-06,D2C,R_N,SKU_CC_500,C00248,,2.0,2.0,1600,fulfilled,2025-11-08,2025-11-08
O005004,2025-11-06,D2C,R_N,SKU_CC_500,C00652,,0.5,0.5,1600,fulfilled,2025-11-08,2025-11-08
O005012,2025-11-06,D2C,R_S,SKU_CC_500,C00359,,2.0,2.0,1600,fulfilled,2025-11-08,2025-11-08
O005014,2025-11-06,D2C,R_S,SKU_CC_500,C01309,,1.5,1.5,1600,fulfilled,2025-11-08,2025-11-08
O005016,2025-11-06,D2C,R_S,SKU_CC_500,C00457,,1.5,1.5,1600,fulfilled,2025-11-08,2025-11-08
O005038,2025-11-06,D2C,R_S,SKU_CC_500,C00402,,2.0,2.0,1600,fulfilled,2025-11-08,2025-11-08
O004964,2025-11-07,D2C,R_N,SKU_CC_500,C01315,,0.5,0.5,1600,fulfilled,2025-11-09,2025-11-09
O004970,2025-11-07,D2C,R_N,SKU_CC_500,C00759,,2.0,2.0,1600,fulfilled,2025-11-09,2025-11-09
O004991,2025-11-07,D2C,R_N,SKU_CC_500,C00772,,2.0,2.0,1600,fulfilled,2025-11-09,2025-11-09
O004993,2025-11-07,D2C,R_N,SKU_CC_500,C00588,,0.5,0.5,1600,fulfilled,2025-11-09,2025-11-09
O005009,2025-11-07,D2C,R_N,SKU_CC_500,C00364,,2.0,2.0,1600,fulfilled,2025-11-09,2025-11-09
O005011,2025-11-07,D2C,R_N,SKU_CC_500,C00883,,0.5,0.5,1600,fulfilled,2025-11-09,2025-11-09
O005013,2025-11-07,D2C,R_S,SKU_CC_500,C01283,,1.5,1.5,1600,fulfilled,2025-11-09,2025-11-09
O005018,2025-11-07,D2C,R_S,SKU_CC_500,C00558,,1.0,1.0,1600,fulfilled,2025-11-09,2025-11-09
O005020,2025-11-07,D2C,R_S,SKU_CC_500,C00982,,2.0,2.0,1600,fulfilled,2025-11-09,2025-11-09
O005021,2025-11-07,D2C,R_S,SKU_CC_500,C00455,,0.5,0.5,1600,fulfilled,2025-11-09,2025-11-09
O005031,2025-11-07,D2C,R_S,SKU_CC_500,C01113,,1.0,1.0,1600,fulfilled,2025-11-09,2025-11-09
O004965,2025-11-08,D2C,R_N,SKU_CC_500,C01067,,1.5,1.5,1600,fulfilled,2025-11-10,2025-11-10
O004967,2025-11-08,D2C,R_N,SKU_CC_500,C00429,,2.0,2.0,1600,fulfilled,2025-11-10,2025-11-10
O004973,2025-11-08,D2C,R_N,SKU_CC_500,C00412,,2.0,2.0,1600,fulfilled,2025-11-10,2025-11-10
O004982,2025-11-08,D2C,R_N,SKU_CC_500,C00755,,1.5,1.5,1600,fulfilled,2025-11-10,2025-11-10
O004983,2025-11-08,D2C,R_N,SKU_CC_500,C00705,,1.5,1.5,1600,fulfilled,2025-11-10,2025-11-10
O004992,2025-11-08,D2C,R_N,SKU_CC_500,C00214,,1.0,1.0,1600,fulfilled,2025-11-10,2025-11-10
O004995,2025-11-08,D2C,R_N,SKU_CC_500,C01169,,1.5,1.5,1600,fulfilled,2025-11-10,2025-11-10
O004998,2025-11-08,D2C,R_N,SKU_CC_500,C01082,,1.0,1.0,1600,fulfilled,2025-11-10,2025-11-10
O005017,2025-11-08,D2C,R_S,SKU_CC_500,C01229,,1.0,1.0,1600,fulfilled,2025-11-10,2025-11-10
O005019,2025-11-08,D2C,R_S,SKU_CC_500,C00827,,1.5,1.5,1600,fulfilled,2025-11-10,2025-11-10
O005023,2025-11-08,D2C,R_S,SKU_CC_500,C00283,,2.0,2.0,1600,fulfilled,2025-11-10,2025-11-10
O005026,2025-11-08,D2C,R_S,SKU_CC_500,C00866,,1.0,1.0,1600,fulfilled,2025-11-10,2025-11-10
O005030,2025-11-08,D2C,R_S,SKU_CC_500,C01297,,1.5,1.5,1600,fulfilled,2025-11-10,2025-11-10
O005036,2025-11-08,D2C,R_S,SKU_CC_500,C00698,,1.5,1.5,1600,fulfilled,2025-11-10,2025-11-10
O005039,2025-11-08,D2C,R_S,SKU_CC_500,C00878,,2.0,2.0,1600,fulfilled,2025-11-10,2025-11-10
O004968,2025-11-09,D2C,R_N,SKU_CC_500,C00316,,0.5,0.5,1600,fulfilled,2025-11-11,2025-11-11
O004978,2025-11-09,D2C,R_N,SKU_CC_500,C00163,,1.0,1.0,1600,fulfilled,2025-11-11,2025-11-11
O004987,2025-11-09,D2C,R_N,SKU_CC_500,C00056,,0.5,0.5,1600,fulfilled,2025-11-11,2025-11-11
O004996,2025-11-09,D2C,R_N,SKU_CC_500,C00595,,1.0,1.0,1600,fulfilled,2025-11-11,2025-11-11
O005000,2025-11-09,D2C,R_N,SKU_CC_500,C01057,,1.5,1.5,1600,fulfilled,2025-11-11,2025-11-11
O005006,2025-11-09,D2C,R_N,SKU_CC_500,C00228,,0.5,0.5,1600,fulfilled,2025-11-11,2025-11-11
O005010,2025-11-09,D2C,R_N,SKU_CC_500,C00020,,1.5,1.5,1600,fulfilled,2025-11-11,2025-11-11
O005032,2025-11-09,D2C,R_S,SKU_CC_500,C01308,,1.0,1.0,1600,fulfilled,2025-11-11,2025-11-11
O005037,2025-11-09,D2C,R_S,SKU_CC_500,C00687,,1.5,1.5,1600,fulfilled,2025-11-11,2025-11-11
O005040,2025-11-09,D2C,R_S,SKU_CC_500,C00985,,2.0,2.0,1600,fulfilled,2025-11-11,2025-11-11
O005047,2025-11-10,D2C,R_N,SKU_CC_500,C01329,,0.5,0.5,1600,fulfilled,2025-11-12,2025-11-12
O005061,2025-11-10,D2C,R_N,SKU_CC_500,C00666,,1.5,1.5,1600,fulfilled,2025-11-12,2025-11-12
O005068,2025-11-10,D2C,R_N,SKU_CC_500,C00583,,1.5,1.5,1600,fulfilled,2025-11-12,2025-11-12
O005077,2025-11-10,D2C,R_N,SKU_CC_500,C00267,,1.0,1.0,1600,fulfilled,2025-11-12,2025-11-12
O005079,2025-11-10,D2C,R_N,SKU_CC_500,C01019,,2.0,2.0,1600,fulfilled,2025-11-12,2025-11-12
O005091,2025-11-10,D2C,R_N,SKU_CC_500,C00599,,1.5,1.5,1600,fulfilled,2025-11-12,2025-11-12
O005098,2025-11-10,D2C,R_S,SKU_CC_500,C00474,,2.0,2.0,1600,fulfilled,2025-11-12,2025-11-12
O005100,2025-11-10,D2C,R_S,SKU_CC_500,C00090,,1.5,1.5,1600,fulfilled,2025-11-12,2025-11-12
O005123,2025-11-10,D2C,R_S,SKU_CC_500,C00736,,0.5,0.5,1600,fulfilled,2025-11-12,2025-11-12
O006291,2025-11-10,B2B,R_N,SKU_CC_500,,ACC_DIST,78.7,78.7,1250,fulfilled,2025-11-13,2025-11-13
O006392,2025-11-10,B2B,R_S,SKU_CC_500,,ACC_REST,15.0,15.0,1400,fulfilled,2025-11-13,2025-11-13
O005042,2025-11-11,D2C,R_N,SKU_CC_500,C01079,,1.0,1.0,1600,fulfilled,2025-11-13,2025-11-13
O005043,2025-11-11,D2C,R_N,SKU_CC_500,C01315,,1.5,1.5,1600,fulfilled,2025-11-13,2025-11-13
O005055,2025-11-11,D2C,R_N,SKU_CC_500,C00794,,1.0,1.0,1600,fulfilled,2025-11-13,2025-11-13
O005056,2025-11-11,D2C,R_N,SKU_CC_500,C00303,,1.0,1.0,1600,fulfilled,2025-11-13,2025-11-13
O005059,2025-11-11,D2C,R_N,SKU_CC_500,C01273,,1.5,1.5,1600,fulfilled,2025-11-13,2025-11-13
O005070,2025-11-11,D2C,R_N,SKU_CC_500,C00721,,1.0,1.0,1600,fulfilled,2025-11-13,2025-11-13
O005073,2025-11-11,D2C,R_N,SKU_CC_500,C00081,,1.5,1.5,1600,fulfilled,2025-11-13,2025-11-13
O005085,2025-11-11,D2C,R_N,SKU_CC_500,C00462,,1.0,1.0,1600,fulfilled,2025-11-13,2025-11-13
O005101,2025-11-11,D2C,R_S,SKU_CC_500,C00699,,0.5,0.5,1600,fulfilled,2025-11-13,2025-11-13
O005104,2025-11-11,D2C,R_S,SKU_CC_500,C00879,,2.0,2.0,1600,fulfilled,2025-11-13,2025-11-13
O005105,2025-11-11,D2C,R_S,SKU_CC_500,C00749,,1.0,1.0,1600,fulfilled,2025-11-13,2025-11-13
O005118,2025-11-11,D2C,R_S,SKU_CC_500,C00828,,1.0,1.0,1600,fulfilled,2025-11-13,2025-11-13
O005122,2025-11-11,D2C,R_S,SKU_CC_500,C01207,,1.0,1.0,1600,fulfilled,2025-11-13,2025-11-13
O005045,2025-11-12,D2C,R_N,SKU_CC_500,C00143,,2.0,2.0,1600,fulfilled,2025-11-14,2025-11-14
O005051,2025-11-12,D2C,R_N,SKU_CC_500,C01306,,1.0,1.0,1600,fulfilled,2025-11-14,2025-11-14
O005058,2025-11-12,D2C,R_N,SKU_CC_500,C01028,,1.5,1.5,1600,fulfilled,2025-11-14,2025-11-14
O005081,2025-11-12,D2C,R_N,SKU_CC_500,C00888,,1.0,1.0,1600,fulfilled,2025-11-14,2025-11-14
O005093,2025-11-12,D2C,R_N,SKU_CC_500,C00425,,0.5,0.5,1600,fulfilled,2025-11-14,2025-11-14
O005096,2025-11-12,D2C,R_S,SKU_CC_500,C01308,,1.0,1.0,1600,fulfilled,2025-11-14,2025-11-14
O005097,2025-11-12,D2C,R_S,SKU_CC_500,C01050,,1.0,1.0,1600,fulfilled,2025-11-14,2025-11-14
O005099,2025-11-12,D2C,R_S,SKU_CC_500,C00298,,1.0,1.0,1600,fulfilled,2025-11-14,2025-11-14
O005112,2025-11-12,D2C,R_S,SKU_CC_500,C01023,,1.0,1.0,1600,fulfilled,2025-11-14,2025-11-14
O005052,2025-11-13,D2C,R_N,SKU_CC_500,C01208,,1.5,1.5,1600,fulfilled,2025-11-15,2025-11-15
O005053,2025-11-13,D2C,R_N,SKU_CC_500,C00107,,1.5,1.5,1600,fulfilled,2025-11-15,2025-11-15
O005072,2025-11-13,D2C,R_N,SKU_CC_500,C00200,,1.5,1.5,1600,fulfilled,2025-11-15,2025-11-15
O005074,2025-11-13,D2C,R_N,SKU_CC_500,C00964,,0.5,0.5,1600,fulfilled,2025-11-15,2025-11-15
O005075,2025-11-13,D2C,R_N,SKU_CC_500,C00747,,0.5,0.5,1600,fulfilled,2025-11-15,2025-11-15
O005076,2025-11-13,D2C,R_N,SKU_CC_500,C01303,,1.5,1.5,1600,fulfilled,2025-11-15,2025-11-15
O005080,2025-11-13,D2C,R_N,SKU_CC_500,C00950,,0.5,0.5,1600,fulfilled,2025-11-15,2025-11-15
O005090,2025-11-13,D2C,R_N,SKU_CC_500,C00042,,1.0,1.0,1600,fulfilled,2025-11-15,2025-11-15
O005102,2025-11-13,D2C,R_S,SKU_CC_500,C00506,,1.5,1.5,1600,fulfilled,2025-11-15,2025-11-15
O005103,2025-11-13,D2C,R_S,SKU_CC_500,C00790,,1.5,1.5,1600,fulfilled,2025-11-15,2025-11-15
O005108,2025-11-13,D2C,R_S,SKU_CC_500,C00869,,2.0,2.0,1600,fulfilled,2025-11-15,2025-11-15
O005110,2025-11-13,D2C,R_S,SKU_CC_500,C01126,,1.0,1.0,1600,fulfilled,2025-11-15,2025-11-15
O005048,2025-11-14,D2C,R_N,SKU_CC_500,C00690,,0.5,0.5,1600,fulfilled,2025-11-16,2025-11-16
O005049,2025-11-14,D2C,R_N,SKU_CC_500,C00356,,0.5,0.5,1600,fulfilled,2025-11-16,2025-11-16
O005057,2025-11-14,D2C,R_N,SKU_CC_500,C00727,,0.5,0.5,1600,fulfilled,2025-11-16,2025-11-16
O005071,2025-11-14,D2C,R_N,SKU_CC_500,C00745,,1.5,1.5,1600,fulfilled,2025-11-16,2025-11-16
O005083,2025-11-14,D2C,R_N,SKU_CC_500,C01253,,1.5,1.5,1600,fulfilled,2025-11-16,2025-11-16
O005087,2025-11-14,D2C,R_N,SKU_CC_500,C00580,,1.5,1.5,1600,fulfilled,2025-11-16,2025-11-16
O005092,2025-11-14,D2C,R_N,SKU_CC_500,C01208,,2.0,2.0,1600,fulfilled,2025-11-16,2025-11-16
O005111,2025-11-14,D2C,R_S,SKU_CC_500,C00022,,1.5,1.5,1600,fulfilled,2025-11-16,2025-11-16
O005124,2025-11-14,D2C,R_S,SKU_CC_500,C00008,,2.0,2.0,1600,fulfilled,2025-11-16,2025-11-16
O005050,2025-11-15,D2C,R_N,SKU_CC_500,C00341,,1.5,1.5,1600,fulfilled,2025-11-17,2025-11-17
O005054,2025-11-15,D2C,R_N,SKU_CC_500,C00169,,1.0,1.0,1600,fulfilled,2025-11-17,2025-11-17
O005064,2025-11-15,D2C,R_N,SKU_CC_500,C01306,,1.0,1.0,1600,fulfilled,2025-11-17,2025-11-17
O005065,2025-11-15,D2C,R_N,SKU_CC_500,C00923,,0.5,0.5,1600,fulfilled,2025-11-17,2025-11-17
O005066,2025-11-15,D2C,R_N,SKU_CC_500,C00601,,2.0,2.0,1600,fulfilled,2025-11-17,2025-11-17
O005069,2025-11-15,D2C,R_N,SKU_CC_500,C00651,,1.0,1.0,1600,fulfilled,2025-11-17,2025-11-17
O005078,2025-11-15,D2C,R_N,SKU_CC_500,C00052,,0.5,0.5,1600,fulfilled,2025-11-17,2025-11-17
O005084,2025-11-15,D2C,R_N,SKU_CC_500,C00837,,1.0,1.0,1600,fulfilled,2025-11-17,2025-11-17
O005086,2025-11-15,D2C,R_N,SKU_CC_500,C00239,,1.5,1.5,1600,fulfilled,2025-11-17,2025-11-17
O005088,2025-11-15,D2C,R_N,SKU_CC_500,C00458,,1.0,1.0,1600,fulfilled,2025-11-17,2025-11-17
O005089,2025-11-15,D2C,R_N,SKU_CC_500,C00769,,2.0,2.0,1600,fulfilled,2025-11-17,2025-11-17
O005095,2025-11-15,D2C,R_S,SKU_CC_500,C00192,,1.0,1.0,1600,fulfilled,2025-11-17,2025-11-17
O005115,2025-11-15,D2C,R_S,SKU_CC_500,C01230,,1.0,1.0,1600,fulfilled,2025-11-17,2025-11-17
O005116,2025-11-15,D2C,R_S,SKU_CC_500,C01151,,1.0,1.0,1600,fulfilled,2025-11-17,2025-11-17
O005117,2025-11-15,D2C,R_S,SKU_CC_500,C00869,,1.0,1.0,1600,fulfilled,2025-11-17,2025-11-17
O005044,2025-11-16,D2C,R_N,SKU_CC_500,C00367,,2.0,2.0,1600,fulfilled,2025-11-18,2025-11-18
O005046,2025-11-16,D2C,R_N,SKU_CC_500,C01043,,2.0,2.0,1600,fulfilled,2025-11-18,2025-11-18
O005060,2025-11-16,D2C,R_N,SKU_CC_500,C00464,,1.5,1.5,1600,fulfilled,2025-11-18,2025-11-18
O005062,2025-11-16,D2C,R_N,SKU_CC_500,C00603,,0.5,0.5,1600,fulfilled,2025-11-18,2025-11-18
O005063,2025-11-16,D2C,R_N,SKU_CC_500,C00195,,2.0,2.0,1600,fulfilled,2025-11-18,2025-11-18
O005067,2025-11-16,D2C,R_N,SKU_CC_500,C00793,,0.5,0.5,1600,fulfilled,2025-11-18,2025-11-18
O005082,2025-11-16,D2C,R_N,SKU_CC_500,C01092,,1.0,1.0,1600,fulfilled,2025-11-18,2025-11-18
O005094,2025-11-16,D2C,R_N,SKU_CC_500,C00202,,1.0,1.0,1600,fulfilled,2025-11-18,2025-11-18
O005106,2025-11-16,D2C,R_S,SKU_CC_500,C00166,,1.5,1.5,1600,fulfilled,2025-11-18,2025-11-18
O005107,2025-11-16,D2C,R_S,SKU_CC_500,C00522,,0.5,0.5,1600,fulfilled,2025-11-18,2025-11-18
O005109,2025-11-16,D2C,R_S,SKU_CC_500,C00829,,0.5,0.5,1600,fulfilled,2025-11-18,2025-11-18
O005113,2025-11-16,D2C,R_S,SKU_CC_500,C00556,,1.0,1.0,1600,fulfilled,2025-11-18,2025-11-18
O005114,2025-11-16,D2C,R_S,SKU_CC_500,C00190,,2.0,2.0,1600,fulfilled,2025-11-18,2025-11-18
O005119,2025-11-16,D2C,R_S,SKU_CC_500,C00362,,1.0,1.0,1600,fulfilled,2025-11-18,2025-11-18
O005120,2025-11-16,D2C,R_S,SKU_CC_500,C00406,,0.5,0.5,1600,fulfilled,2025-11-18,2025-11-18
O005121,2025-11-16,D2C,R_S,SKU_CC_500,C00375,,1.5,1.5,1600,fulfilled,2025-11-18,2025-11-18
O005135,2025-11-17,D2C,R_N,SKU_CC_500,C01098,,2.0,2.0,1600,fulfilled,2025-11-19,2025-11-19
O005137,2025-11-17,D2C,R_N,SKU_CC_500,C00990,,2.0,2.0,1600,fulfilled,2025-11-19,2025-11-19
O005143,2025-11-17,D2C,R_N,SKU_CC_500,C00085,,2.0,2.0,1600,fulfilled,2025-11-19,2025-11-19
O005149,2025-11-17,D2C,R_N,SKU_CC_500,C00430,,0.5,0.5,1600,fulfilled,2025-11-19,2025-11-19
O005150,2025-11-17,D2C,R_N,SKU_CC_500,C00015,,2.0,2.0,1600,fulfilled,2025-11-19,2025-11-19
O005151,2025-11-17,D2C,R_N,SKU_CC_500,C00915,,0.5,0.5,1600,fulfilled,2025-11-19,2025-11-19
O005152,2025-11-17,D2C,R_N,SKU_CC_500,C00318,,2.0,2.0,1600,fulfilled,2025-11-19,2025-11-19
O005153,2025-11-17,D2C,R_N,SKU_CC_500,C01197,,0.5,0.5,1600,fulfilled,2025-11-19,2025-11-19
O005155,2025-11-17,D2C,R_N,SKU_CC_500,C00280,,1.5,1.5,1600,fulfilled,2025-11-19,2025-11-19
O005158,2025-11-17,D2C,R_N,SKU_CC_500,C01183,,0.5,0.5,1600,fulfilled,2025-11-19,2025-11-19
O005190,2025-11-17,D2C,R_S,SKU_CC_500,C00456,,0.5,0.5,1600,fulfilled,2025-11-19,2025-11-19
O005197,2025-11-17,D2C,R_S,SKU_CC_500,C00335,,2.0,2.0,1600,fulfilled,2025-11-19,2025-11-19
O005203,2025-11-17,D2C,R_S,SKU_CC_500,C00869,,2.0,2.0,1600,fulfilled,2025-11-19,2025-11-19
O006292,2025-11-17,B2B,R_N,SKU_CC_500,,ACC_DIST,105.3,105.3,1250,fulfilled,2025-11-20,2025-11-20
O006393,2025-11-17,B2B,R_S,SKU_CC_500,,ACC_REST,16.1,16.1,1400,fulfilled,2025-11-20,2025-11-20
O005129,2025-11-18,D2C,R_N,SKU_CC_500,C00773,,0.5,0.5,1600,fulfilled,2025-11-20,2025-11-20
O005139,2025-11-18,D2C,R_N,SKU_CC_500,C00953,,2.0,2.0,1600,fulfilled,2025-11-20,2025-11-20
O005185,2025-11-18,D2C,R_S,SKU_CC_500,C00878,,1.0,1.0,1600,fulfilled,2025-11-20,2025-11-20
O005186,2025-11-18,D2C,R_S,SKU_CC_500,C00269,,1.5,1.5,1600,fulfilled,2025-11-20,2025-11-20
O005198,2025-11-18,D2C,R_S,SKU_CC_500,C00696,,1.0,1.0,1600,fulfilled,2025-11-20,2025-11-20
O005206,2025-11-18,D2C,R_S,SKU_CC_500,C01282,,2.0,2.0,1600,fulfilled,2025-11-20,2025-11-20
O005126,2025-11-19,D2C,R_N,SKU_CC_500,C01185,,2.0,2.0,1600,fulfilled,2025-11-21,2025-11-21
O005133,2025-11-19,D2C,R_N,SKU_CC_500,C01315,,1.0,1.0,1600,fulfilled,2025-11-21,2025-11-21
O005136,2025-11-19,D2C,R_N,SKU_CC_500,C00714,,1.0,1.0,1600,fulfilled,2025-11-21,2025-11-21
O005147,2025-11-19,D2C,R_N,SKU_CC_500,C01186,,1.0,1.0,1600,fulfilled,2025-11-21,2025-11-21
O005162,2025-11-19,D2C,R_N,SKU_CC_500,C01092,,1.0,1.0,1600,fulfilled,2025-11-21,2025-11-21
O005172,2025-11-19,D2C,R_N,SKU_CC_500,C00342,,0.5,0.5,1600,fulfilled,2025-11-21,2025-11-21
O005173,2025-11-19,D2C,R_N,SKU_CC_500,C01287,,1.0,1.0,1600,fulfilled,2025-11-21,2025-11-21
O005178,2025-11-19,D2C,R_S,SKU_CC_500,C00879,,1.5,1.5,1600,fulfilled,2025-11-21,2025-11-21
O005181,2025-11-19,D2C,R_S,SKU_CC_500,C00440,,1.0,1.0,1600,fulfilled,2025-11-21,2025-11-21
O005187,2025-11-19,D2C,R_S,SKU_CC_500,C01257,,0.5,0.5,1600,fulfilled,2025-11-21,2025-11-21
O005192,2025-11-19,D2C,R_S,SKU_CC_500,C00142,,1.5,1.5,1600,fulfilled,2025-11-21,2025-11-21
O005194,2025-11-19,D2C,R_S,SKU_CC_500,C00736,,1.5,1.5,1600,fulfilled,2025-11-21,2025-11-21
O005202,2025-11-19,D2C,R_S,SKU_CC_500,C00246,,0.5,0.5,1600,fulfilled,2025-11-21,2025-11-21
O005128,2025-11-20,D2C,R_N,SKU_CC_500,C00133,,2.0,2.0,1600,fulfilled,2025-11-22,2025-11-22
O005145,2025-11-20,D2C,R_N,SKU_CC_500,C01326,,1.0,1.0,1600,fulfilled,2025-11-22,2025-11-22
O005146,2025-11-20,D2C,R_N,SKU_CC_500,C01160,,2.0,2.0,1600,fulfilled,2025-11-22,2025-11-22
O005163,2025-11-20,D2C,R_N,SKU_CC_500,C00354,,0.5,0.5,1600,fulfilled,2025-11-22,2025-11-22
O005166,2025-11-20,D2C,R_N,SKU_CC_500,C00569,,1.0,1.0,1600,fulfilled,2025-11-22,2025-11-22
O005169,2025-11-20,D2C,R_N,SKU_CC_500,C00795,,2.0,2.0,1600,fulfilled,2025-11-22,2025-11-22
O005177,2025-11-20,D2C,R_N,SKU_CC_500,C00479,,1.0,1.0,1600,fulfilled,2025-11-22,2025-11-22
O005189,2025-11-20,D2C,R_S,SKU_CC_500,C00879,,1.0,1.0,1600,fulfilled,2025-11-22,2025-11-22
O005191,2025-11-20,D2C,R_S,SKU_CC_500,C00610,,1.5,1.5,1600,fulfilled,2025-11-22,2025-11-22
O005201,2025-11-20,D2C,R_S,SKU_CC_500,C00375,,2.0,2.0,1600,fulfilled,2025-11-22,2025-11-22
O005204,2025-11-20,D2C,R_S,SKU_CC_500,C00826,,1.5,1.5,1600,fulfilled,2025-11-22,2025-11-22
O005125,2025-11-21,D2C,R_N,SKU_CC_500,C00903,,2.0,2.0,1600,fulfilled,2025-11-23,2025-11-23
O005127,2025-11-21,D2C,R_N,SKU_CC_500,C00286,,0.5,0.5,1600,fulfilled,2025-11-23,2025-11-23
O005130,2025-11-21,D2C,R_N,SKU_CC_500,C00913,,1.0,1.0,1600,fulfilled,2025-11-23,2025-11-23
O005131,2025-11-21,D2C,R_N,SKU_CC_500,C00119,,1.0,1.0,1600,fulfilled,2025-11-23,2025-11-23
O005142,2025-11-21,D2C,R_N,SKU_CC_500,C00280,,1.0,1.0,1600,fulfilled,2025-11-23,2025-11-23
O005154,2025-11-21,D2C,R_N,SKU_CC_500,C00370,,1.0,1.0,1600,fulfilled,2025-11-23,2025-11-23
O005157,2025-11-21,D2C,R_N,SKU_CC_500,C00629,,0.5,0.5,1600,fulfilled,2025-11-23,2025-11-23
O005159,2025-11-21,D2C,R_N,SKU_CC_500,C01065,,1.5,1.5,1600,fulfilled,2025-11-23,2025-11-23
O005164,2025-11-21,D2C,R_N,SKU_CC_500,C01015,,1.0,1.0,1600,fulfilled,2025-11-23,2025-11-23
O005168,2025-11-21,D2C,R_N,SKU_CC_500,C00173,,2.0,2.0,1600,fulfilled,2025-11-23,2025-11-23
O005179,2025-11-21,D2C,R_S,SKU_CC_500,C00141,,2.0,2.0,1600,fulfilled,2025-11-23,2025-11-23
O005182,2025-11-21,D2C,R_S,SKU_CC_500,C01101,,2.0,2.0,1600,fulfilled,2025-11-23,2025-11-23
O005199,2025-11-21,D2C,R_S,SKU_CC_500,C00804,,0.5,0.5,1600,fulfilled,2025-11-23,2025-11-23
O005205,2025-11-21,D2C,R_S,SKU_CC_500,C00405,,0.5,0.5,1600,fulfilled,2025-11-23,2025-11-23
O005207,2025-11-21,D2C,R_S,SKU_CC_500,C00624,,1.5,1.5,1600,fulfilled,2025-11-23,2025-11-23
O005140,2025-11-22,D2C,R_N,SKU_CC_500,C00766,,1.5,1.5,1600,fulfilled,2025-11-24,2025-11-24
O005144,2025-11-22,D2C,R_N,SKU_CC_500,C01069,,1.0,1.0,1600,fulfilled,2025-11-24,2025-11-24
O005148,2025-11-22,D2C,R_N,SKU_CC_500,C00585,,1.0,1.0,1600,fulfilled,2025-11-24,2025-11-24
O005160,2025-11-22,D2C,R_N,SKU_CC_500,C00280,,0.5,0.5,1600,fulfilled,2025-11-24,2025-11-24
O005161,2025-11-22,D2C,R_N,SKU_CC_500,C00033,,1.5,1.5,1600,fulfilled,2025-11-24,2025-11-24
O005165,2025-11-22,D2C,R_N,SKU_CC_500,C00145,,1.0,1.0,1600,fulfilled,2025-11-24,2025-11-24
O005170,2025-11-22,D2C,R_N,SKU_CC_500,C00137,,2.0,2.0,1600,fulfilled,2025-11-24,2025-11-24
O005180,2025-11-22,D2C,R_S,SKU_CC_500,C00421,,1.5,1.5,1600,fulfilled,2025-11-24,2025-11-24
O005184,2025-11-22,D2C,R_S,SKU_CC_500,C00295,,1.0,1.0,1600,fulfilled,2025-11-24,2025-11-24
O005188,2025-11-22,D2C,R_S,SKU_CC_500,C00944,,1.0,1.0,1600,fulfilled,2025-11-24,2025-11-24
O005196,2025-11-22,D2C,R_S,SKU_CC_500,C00008,,1.5,1.5,1600,fulfilled,2025-11-24,2025-11-24
O005200,2025-11-22,D2C,R_S,SKU_CC_500,C01229,,0.5,0.5,1600,fulfilled,2025-11-24,2025-11-24
O005208,2025-11-22,D2C,R_S,SKU_CC_500,C00842,,2.0,2.0,1600,fulfilled,2025-11-24,2025-11-24
O005132,2025-11-23,D2C,R_N,SKU_CC_500,C00208,,2.0,2.0,1600,fulfilled,2025-11-25,2025-11-25
O005134,2025-11-23,D2C,R_N,SKU_CC_500,C00341,,1.5,1.5,1600,fulfilled,2025-11-25,2025-11-25
O005138,2025-11-23,D2C,R_N,SKU_CC_500,C00935,,2.0,2.0,1600,fulfilled,2025-11-25,2025-11-25
O005141,2025-11-23,D2C,R_N,SKU_CC_500,C00250,,2.0,2.0,1600,fulfilled,2025-11-25,2025-11-25
O005156,2025-11-23,D2C,R_N,SKU_CC_500,C00620,,1.0,1.0,1600,fulfilled,2025-11-25,2025-11-25
O005167,2025-11-23,D2C,R_N,SKU_CC_500,C00211,,2.0,2.0,1600,fulfilled,2025-11-25,2025-11-25
O005171,2025-11-23,D2C,R_N,SKU_CC_500,C00117,,2.0,2.0,1600,fulfilled,2025-11-25,2025-11-25
O005174,2025-11-23,D2C,R_N,SKU_CC_500,C01331,,2.0,2.0,1600,fulfilled,2025-11-25,2025-11-25
O005175,2025-11-23,D2C,R_N,SKU_CC_500,C00338,,2.0,2.0,1600,fulfilled,2025-11-25,2025-11-25
O005176,2025-11-23,D2C,R_N,SKU_CC_500,C00493,,1.0,1.0,1600,fulfilled,2025-11-25,2025-11-25
O005183,2025-11-23,D2C,R_S,SKU_CC_500,C01219,,2.0,2.0,1600,fulfilled,2025-11-25,2025-11-25
O005193,2025-11-23,D2C,R_S,SKU_CC_500,C01012,,2.0,2.0,1600,fulfilled,2025-11-25,2025-11-25
O005195,2025-11-23,D2C,R_S,SKU_CC_500,C01179,,2.0,2.0,1600,fulfilled,2025-11-25,2025-11-25
O005220,2025-11-24,D2C,R_N,SKU_CC_500,C00874,,1.0,1.0,1600,fulfilled,2025-11-26,2025-11-26
O005228,2025-11-24,D2C,R_N,SKU_CC_500,C01134,,2.0,2.0,1600,fulfilled,2025-11-26,2025-11-26
O005239,2025-11-24,D2C,R_N,SKU_CC_500,C00537,,1.0,1.0,1600,fulfilled,2025-11-26,2025-11-26
O005260,2025-11-24,D2C,R_N,SKU_CC_500,C00824,,1.0,1.0,1600,fulfilled,2025-11-26,2025-11-26
O005268,2025-11-24,D2C,R_S,SKU_CC_500,C00140,,1.0,1.0,1600,fulfilled,2025-11-26,2025-11-26
O005272,2025-11-24,D2C,R_S,SKU_CC_500,C00855,,0.5,0.5,1600,fulfilled,2025-11-26,2025-11-26
O005276,2025-11-24,D2C,R_S,SKU_CC_500,C00933,,0.5,0.5,1600,fulfilled,2025-11-26,2025-11-26
O005292,2025-11-24,D2C,R_S,SKU_CC_500,C01194,,0.5,0.5,1600,fulfilled,2025-11-26,2025-11-26
O006293,2025-11-24,B2B,R_N,SKU_CC_500,,ACC_DIST,102.1,102.1,1250,fulfilled,2025-11-27,2025-11-27
O006394,2025-11-24,B2B,R_S,SKU_CC_500,,ACC_REST,17.9,17.9,1400,fulfilled,2025-11-27,2025-11-27
O005213,2025-11-25,D2C,R_N,SKU_CC_500,C00092,,2.0,2.0,1600,fulfilled,2025-11-27,2025-11-27
O005225,2025-11-25,D2C,R_N,SKU_CC_500,C00911,,1.0,1.0,1600,fulfilled,2025-11-27,2025-11-27
O005227,2025-11-25,D2C,R_N,SKU_CC_500,C00654,,2.0,2.0,1600,fulfilled,2025-11-27,2025-11-27
O005229,2025-11-25,D2C,R_N,SKU_CC_500,C00616,,1.5,1.5,1600,fulfilled,2025-11-27,2025-11-27
O005236,2025-11-25,D2C,R_N,SKU_CC_500,C00097,,1.0,1.0,1600,fulfilled,2025-11-27,2025-11-27
O005255,2025-11-25,D2C,R_N,SKU_CC_500,C00628,,1.5,1.5,1600,fulfilled,2025-11-27,2025-11-27
O005259,2025-11-25,D2C,R_N,SKU_CC_500,C01020,,2.0,2.0,1600,fulfilled,2025-11-27,2025-11-27
O005264,2025-11-25,D2C,R_S,SKU_CC_500,C01010,,2.0,2.0,1600,fulfilled,2025-11-27,2025-11-27
O005267,2025-11-25,D2C,R_S,SKU_CC_500,C00113,,2.0,2.0,1600,fulfilled,2025-11-27,2025-11-27
O005280,2025-11-25,D2C,R_S,SKU_CC_500,C00541,,0.5,0.5,1600,fulfilled,2025-11-27,2025-11-27
O005281,2025-11-25,D2C,R_S,SKU_CC_500,C00405,,1.0,1.0,1600,fulfilled,2025-11-27,2025-11-27
O005283,2025-11-25,D2C,R_S,SKU_CC_500,C00048,,1.0,1.0,1600,fulfilled,2025-11-27,2025-11-27
O005293,2025-11-25,D2C,R_S,SKU_CC_500,C00983,,2.0,2.0,1600,fulfilled,2025-11-27,2025-11-27
O005212,2025-11-26,D2C,R_N,SKU_CC_500,C00923,,1.5,1.5,1600,fulfilled,2025-11-28,2025-11-28
O005224,2025-11-26,D2C,R_N,SKU_CC_500,C00648,,0.5,0.5,1600,fulfilled,2025-11-28,2025-11-28
O005234,2025-11-26,D2C,R_N,SKU_CC_500,C00666,,1.5,1.5,1600,fulfilled,2025-11-28,2025-11-28
O005253,2025-11-26,D2C,R_N,SKU_CC_500,C00968,,1.0,1.0,1600,fulfilled,2025-11-28,2025-11-28
O005256,2025-11-26,D2C,R_N,SKU_CC_500,C00562,,2.0,2.0,1600,fulfilled,2025-11-28,2025-11-28
O005262,2025-11-26,D2C,R_N,SKU_CC_500,C00058,,2.0,2.0,1600,fulfilled,2025-11-28,2025-11-28
O005263,2025-11-26,D2C,R_S,SKU_CC_500,C01165,,0.5,0.5,1600,fulfilled,2025-11-28,2025-11-28
O005265,2025-11-26,D2C,R_S,SKU_CC_500,C00271,,2.0,2.0,1600,fulfilled,2025-11-28,2025-11-28
O005270,2025-11-26,D2C,R_S,SKU_CC_500,C01308,,0.5,0.5,1600,fulfilled,2025-11-28,2025-11-28
O005273,2025-11-26,D2C,R_S,SKU_CC_500,C00854,,1.5,1.5,1600,fulfilled,2025-11-28,2025-11-28
O005275,2025-11-26,D2C,R_S,SKU_CC_500,C00944,,1.5,1.5,1600,fulfilled,2025-11-28,2025-11-28
O005278,2025-11-26,D2C,R_S,SKU_CC_500,C00281,,1.5,1.5,1600,fulfilled,2025-11-28,2025-11-28
O005286,2025-11-26,D2C,R_S,SKU_CC_500,C00947,,1.5,1.5,1600,fulfilled,2025-11-28,2025-11-28
O005290,2025-11-26,D2C,R_S,SKU_CC_500,C01269,,2.0,2.0,1600,fulfilled,2025-11-28,2025-11-28
O005248,2025-11-27,D2C,R_N,SKU_CC_500,C00240,,1.5,1.5,1600,fulfilled,2025-11-29,2025-11-29
O005257,2025-11-27,D2C,R_N,SKU_CC_500,C00838,,0.5,0.5,1600,fulfilled,2025-11-29,2025-11-29
O005266,2025-11-27,D2C,R_S,SKU_CC_500,C00591,,0.5,0.5,1600,fulfilled,2025-11-29,2025-11-29
O005271,2025-11-27,D2C,R_S,SKU_CC_500,C00470,,1.0,1.0,1600,fulfilled,2025-11-29,2025-11-29
O005214,2025-11-28,D2C,R_N,SKU_CC_500,C01326,,0.5,0.5,1600,fulfilled,2025-11-30,2025-11-30
O005215,2025-11-28,D2C,R_N,SKU_CC_500,C01110,,0.5,0.5,1600,fulfilled,2025-11-30,2025-11-30
O005216,2025-11-28,D2C,R_N,SKU_CC_500,C00746,,1.5,1.5,1600,fulfilled,2025-11-30,2025-11-30
O005221,2025-11-28,D2C,R_N,SKU_CC_500,C00511,,1.5,1.5,1600,fulfilled,2025-11-30,2025-11-30
O005232,2025-11-28,D2C,R_N,SKU_CC_500,C00503,,0.5,0.5,1600,fulfilled,2025-11-30,2025-11-30
O005235,2025-11-28,D2C,R_N,SKU_CC_500,C01304,,0.5,0.5,1600,fulfilled,2025-11-30,2025-11-30
O005242,2025-11-28,D2C,R_N,SKU_CC_500,C00941,,1.5,1.5,1600,fulfilled,2025-11-30,2025-11-30
O005244,2025-11-28,D2C,R_N,SKU_CC_500,C00104,,0.5,0.5,1600,fulfilled,2025-11-30,2025-11-30
O005245,2025-11-28,D2C,R_N,SKU_CC_500,C00631,,0.5,0.5,1600,fulfilled,2025-11-30,2025-11-30
O005246,2025-11-28,D2C,R_N,SKU_CC_500,C00847,,0.5,0.5,1600,fulfilled,2025-11-30,2025-11-30
O005247,2025-11-28,D2C,R_N,SKU_CC_500,C00662,,1.0,1.0,1600,fulfilled,2025-11-30,2025-11-30
O005250,2025-11-28,D2C,R_N,SKU_CC_500,C00514,,1.0,1.0,1600,fulfilled,2025-11-30,2025-11-30
O005258,2025-11-28,D2C,R_N,SKU_CC_500,C01083,,2.0,2.0,1600,fulfilled,2025-11-30,2025-11-30
O005261,2025-11-28,D2C,R_N,SKU_CC_500,C00458,,0.5,0.5,1600,fulfilled,2025-11-30,2025-11-30
O005269,2025-11-28,D2C,R_S,SKU_CC_500,C01348,,1.0,1.0,1600,fulfilled,2025-11-30,2025-11-30
O005279,2025-11-28,D2C,R_S,SKU_CC_500,C00373,,0.5,0.5,1600,fulfilled,2025-11-30,2025-11-30
O005284,2025-11-28,D2C,R_S,SKU_CC_500,C00454,,1.5,1.5,1600,fulfilled,2025-11-30,2025-11-30
O005289,2025-11-28,D2C,R_S,SKU_CC_500,C00009,,1.0,1.0,1600,fulfilled,2025-11-30,2025-11-30
O005209,2025-11-29,D2C,R_N,SKU_CC_500,C01200,,2.0,2.0,1600,fulfilled,2025-12-01,2025-12-01
O005218,2025-11-29,D2C,R_N,SKU_CC_500,C00861,,1.0,1.0,1600,fulfilled,2025-12-01,2025-12-01
O005222,2025-11-29,D2C,R_N,SKU_CC_500,C00620,,0.5,0.5,1600,fulfilled,2025-12-01,2025-12-01
O005223,2025-11-29,D2C,R_N,SKU_CC_500,C00994,,0.5,0.5,1600,fulfilled,2025-12-01,2025-12-01
O005226,2025-11-29,D2C,R_N,SKU_CC_500,C01338,,0.5,0.5,1600,fulfilled,2025-12-01,2025-12-01
O005230,2025-11-29,D2C,R_N,SKU_CC_500,C01002,,1.5,1.5,1600,fulfilled,2025-12-01,2025-12-01
O005231,2025-11-29,D2C,R_N,SKU_CC_500,C00979,,1.0,1.0,1600,fulfilled,2025-12-01,2025-12-01
O005237,2025-11-29,D2C,R_N,SKU_CC_500,C00133,,1.0,1.0,1600,fulfilled,2025-12-01,2025-12-01
O005238,2025-11-29,D2C,R_N,SKU_CC_500,C01240,,2.0,2.0,1600,fulfilled,2025-12-01,2025-12-01
O005240,2025-11-29,D2C,R_N,SKU_CC_500,C01058,,0.5,0.5,1600,fulfilled,2025-12-01,2025-12-01
O005241,2025-11-29,D2C,R_N,SKU_CC_500,C00212,,2.0,2.0,1600,fulfilled,2025-12-01,2025-12-01
O005243,2025-11-29,D2C,R_N,SKU_CC_500,C00716,,1.5,1.5,1600,fulfilled,2025-12-01,2025-12-01
O005251,2025-11-29,D2C,R_N,SKU_CC_500,C00067,,0.5,0.5,1600,fulfilled,2025-12-01,2025-12-01
O005254,2025-11-29,D2C,R_N,SKU_CC_500,C01110,,1.0,1.0,1600,fulfilled,2025-12-01,2025-12-01
O005287,2025-11-29,D2C,R_S,SKU_CC_500,C00998,,1.5,1.5,1600,fulfilled,2025-12-01,2025-12-01
O005288,2025-11-29,D2C,R_S,SKU_CC_500,C00623,,1.0,1.0,1600,fulfilled,2025-12-01,2025-12-01
O005210,2025-11-30,D2C,R_N,SKU_CC_500,C01344,,0.5,0.5,1600,fulfilled,2025-12-02,2025-12-02
O005211,2025-11-30,D2C,R_N,SKU_CC_500,C01068,,1.5,1.5,1600,fulfilled,2025-12-02,2025-12-02
O005217,2025-11-30,D2C,R_N,SKU_CC_500,C00645,,2.0,2.0,1600,fulfilled,2025-12-02,2025-12-02
O005219,2025-11-30,D2C,R_N,SKU_CC_500,C00368,,2.0,2.0,1600,fulfilled,2025-12-02,2025-12-02
O005233,2025-11-30,D2C,R_N,SKU_CC_500,C00145,,1.0,1.0,1600,fulfilled,2025-12-02,2025-12-02
O005249,2025-11-30,D2C,R_N,SKU_CC_500,C00720,,0.5,0.5,1600,fulfilled,2025-12-02,2025-12-02
O005252,2025-11-30,D2C,R_N,SKU_CC_500,C01273,,2.0,2.0,1600,fulfilled,2025-12-02,2025-12-02
O005274,2025-11-30,D2C,R_S,SKU_CC_500,C00920,,1.0,1.0,1600,fulfilled,2025-12-02,2025-12-02
O005277,2025-11-30,D2C,R_S,SKU_CC_500,C00116,,1.0,1.0,1600,fulfilled,2025-12-02,2025-12-02
O005282,2025-11-30,D2C,R_S,SKU_CC_500,C00048,,0.5,0.5,1600,fulfilled,2025-12-02,2025-12-02
O005285,2025-11-30,D2C,R_S,SKU_CC_500,C00051,,2.0,2.0,1600,fulfilled,2025-12-02,2025-12-02
O005291,2025-11-30,D2C,R_S,SKU_CC_500,C00907,,0.5,0.5,1600,fulfilled,2025-12-02,2025-12-02
O005294,2025-12-01,D2C,R_N,SKU_CC_500,C00798,,2.0,2.0,1600,fulfilled,2025-12-03,2025-12-03
O005306,2025-12-01,D2C,R_N,SKU_CC_500,C01261,,2.0,2.0,1600,fulfilled,2025-12-03,2025-12-03
O005308,2025-12-01,D2C,R_N,SKU_CC_500,C00629,,2.0,2.0,1600,fulfilled,2025-12-03,2025-12-03
O005310,2025-12-01,D2C,R_N,SKU_CC_500,C00518,,2.0,2.0,1600,fulfilled,2025-12-03,2025-12-03
O005315,2025-12-01,D2C,R_N,SKU_CC_500,C00465,,2.0,2.0,1600,fulfilled,2025-12-03,2025-12-03
O005318,2025-12-01,D2C,R_N,SKU_CC_500,C00662,,1.0,1.0,1600,fulfilled,2025-12-03,2025-12-03
O005334,2025-12-01,D2C,R_N,SKU_CC_500,C00704,,2.0,2.0,1600,fulfilled,2025-12-03,2025-12-03
O005341,2025-12-01,D2C,R_N,SKU_CC_500,C00734,,1.5,1.5,1600,fulfilled,2025-12-03,2025-12-03
O005350,2025-12-01,D2C,R_S,SKU_CC_500,C00321,,2.0,2.0,1600,fulfilled,2025-12-03,2025-12-03
O005351,2025-12-01,D2C,R_S,SKU_CC_500,C00982,,1.0,1.0,1600,fulfilled,2025-12-03,2025-12-03
O005360,2025-12-01,D2C,R_S,SKU_CC_500,C00556,,0.5,0.5,1600,fulfilled,2025-12-03,2025-12-03
O005362,2025-12-01,D2C,R_S,SKU_CC_500,C00229,,2.0,2.0,1600,fulfilled,2025-12-03,2025-12-03
O005370,2025-12-01,D2C,R_S,SKU_CC_500,C00190,,1.0,1.0,1600,fulfilled,2025-12-03,2025-12-03
O006294,2025-12-01,B2B,R_N,SKU_CC_500,,ACC_DIST,79.5,79.5,1250,fulfilled,2025-12-04,2025-12-04
O006395,2025-12-01,B2B,R_S,SKU_CC_500,,ACC_REST,20.1,20.1,1400,fulfilled,2025-12-04,2025-12-04
O005311,2025-12-02,D2C,R_N,SKU_CC_500,C00215,,2.0,2.0,1600,fulfilled,2025-12-04,2025-12-04
O005314,2025-12-02,D2C,R_N,SKU_CC_500,C01251,,1.0,1.0,1600,fulfilled,2025-12-04,2025-12-04
O005321,2025-12-02,D2C,R_N,SKU_CC_500,C00909,,1.5,1.5,1600,fulfilled,2025-12-04,2025-12-04
O005352,2025-12-02,D2C,R_S,SKU_CC_500,C01165,,1.0,1.0,1600,fulfilled,2025-12-04,2025-12-04
O005358,2025-12-02,D2C,R_S,SKU_CC_500,C00983,,1.5,1.5,1600,fulfilled,2025-12-04,2025-12-04
O005359,2025-12-02,D2C,R_S,SKU_CC_500,C01194,,0.5,0.5,1600,fulfilled,2025-12-04,2025-12-04
O005367,2025-12-02,D2C,R_S,SKU_CC_500,C00207,,2.0,2.0,1600,fulfilled,2025-12-04,2025-12-04
O005372,2025-12-02,D2C,R_S,SKU_CC_500,C00402,,2.0,2.0,1600,fulfilled,2025-12-04,2025-12-04
O005378,2025-12-02,D2C,R_S,SKU_CC_500,C00764,,1.0,1.0,1600,fulfilled,2025-12-04,2025-12-04
O005295,2025-12-03,D2C,R_N,SKU_CC_500,C00332,,2.0,2.0,1600,fulfilled,2025-12-05,2025-12-05
O005299,2025-12-03,D2C,R_N,SKU_CC_500,C00577,,1.0,1.0,1600,fulfilled,2025-12-05,2025-12-05
O005313,2025-12-03,D2C,R_N,SKU_CC_500,C00885,,2.0,2.0,1600,fulfilled,2025-12-05,2025-12-05
O005322,2025-12-03,D2C,R_N,SKU_CC_500,C01319,,1.0,1.0,1600,fulfilled,2025-12-05,2025-12-05
O005326,2025-12-03,D2C,R_N,SKU_CC_500,C00196,,2.0,2.0,1600,fulfilled,2025-12-05,2025-12-05
O005336,2025-12-03,D2C,R_N,SKU_CC_500,C01150,,1.5,1.5,1600,fulfilled,2025-12-05,2025-12-05
O005347,2025-12-03,D2C,R_N,SKU_CC_500,C00613,,1.0,1.0,1600,fulfilled,2025-12-05,2025-12-05
O005349,2025-12-03,D2C,R_S,SKU_CC_500,C00258,,2.0,2.0,1600,fulfilled,2025-12-05,2025-12-05
O005364,2025-12-03,D2C,R_S,SKU_CC_500,C00881,,0.5,0.5,1600,fulfilled,2025-12-05,2025-12-05
O005365,2025-12-03,D2C,R_S,SKU_CC_500,C01100,,2.0,2.0,1600,fulfilled,2025-12-05,2025-12-05
O005371,2025-12-03,D2C,R_S,SKU_CC_500,C00047,,1.5,1.5,1600,fulfilled,2025-12-05,2025-12-05
O005374,2025-12-03,D2C,R_S,SKU_CC_500,C01207,,1.5,1.5,1600,fulfilled,2025-12-05,2025-12-05
O005376,2025-12-03,D2C,R_S,SKU_CC_500,C00739,,1.0,1.0,1600,fulfilled,2025-12-05,2025-12-05
O005296,2025-12-04,D2C,R_N,SKU_CC_500,C00579,,0.5,0.5,1600,fulfilled,2025-12-06,2025-12-06
O005303,2025-12-04,D2C,R_N,SKU_CC_500,C00666,,2.0,2.0,1600,fulfilled,2025-12-06,2025-12-06
O005304,2025-12-04,D2C,R_N,SKU_CC_500,C00070,,2.0,2.0,1600,fulfilled,2025-12-06,2025-12-06
O005305,2025-12-04,D2C,R_N,SKU_CC_500,C00417,,1.0,1.0,1600,fulfilled,2025-12-06,2025-12-06
O005307,2025-12-04,D2C,R_N,SKU_CC_500,C01345,,1.0,1.0,1600,fulfilled,2025-12-06,2025-12-06
O005309,2025-12-04,D2C,R_N,SKU_CC_500,C00805,,1.0,1.0,1600,fulfilled,2025-12-06,2025-12-06
O005312,2025-12-04,D2C,R_N,SKU_CC_500,C00482,,0.5,0.5,1600,fulfilled,2025-12-06,2025-12-06
O005317,2025-12-04,D2C,R_N,SKU_CC_500,C00107,,2.0,2.0,1600,fulfilled,2025-12-06,2025-12-06
O005325,2025-12-04,D2C,R_N,SKU_CC_500,C01197,,1.0,1.0,1600,fulfilled,2025-12-06,2025-12-06
O005329,2025-12-04,D2C,R_N,SKU_CC_500,C01117,,0.5,0.5,1600,fulfilled,2025-12-06,2025-12-06
O005342,2025-12-04,D2C,R_N,SKU_CC_500,C00649,,1.0,1.0,1600,fulfilled,2025-12-06,2025-12-06
O005345,2025-12-04,D2C,R_N,SKU_CC_500,C00875,,0.5,0.5,1600,fulfilled,2025-12-06,2025-12-06
O005348,2025-12-04,D2C,R_S,SKU_CC_500,C00918,,1.5,1.5,1600,fulfilled,2025-12-06,2025-12-06
O005356,2025-12-04,D2C,R_S,SKU_CC_500,C01155,,1.5,1.5,1600,fulfilled,2025-12-06,2025-12-06
O005357,2025-12-04,D2C,R_S,SKU_CC_500,C01233,,1.5,1.5,1600,fulfilled,2025-12-06,2025-12-06
O005363,2025-12-04,D2C,R_S,SKU_CC_500,C00075,,2.0,2.0,1600,fulfilled,2025-12-06,2025-12-06
O005319,2025-12-05,D2C,R_N,SKU_CC_500,C00247,,2.0,2.0,1600,fulfilled,2025-12-07,2025-12-07
O005327,2025-12-05,D2C,R_N,SKU_CC_500,C00369,,0.5,0.5,1600,fulfilled,2025-12-07,2025-12-07
O005328,2025-12-05,D2C,R_N,SKU_CC_500,C00771,,0.5,0.5,1600,fulfilled,2025-12-07,2025-12-07
O005337,2025-12-05,D2C,R_N,SKU_CC_500,C00221,,1.5,1.5,1600,fulfilled,2025-12-07,2025-12-07
O005338,2025-12-05,D2C,R_N,SKU_CC_500,C01006,,2.0,2.0,1600,fulfilled,2025-12-07,2025-12-07
O005343,2025-12-05,D2C,R_N,SKU_CC_500,C01267,,1.0,1.0,1600,fulfilled,2025-12-07,2025-12-07
O005355,2025-12-05,D2C,R_S,SKU_CC_500,C00826,,1.0,1.0,1600,fulfilled,2025-12-07,2025-12-07
O005297,2025-12-06,D2C,R_N,SKU_CC_500,C00705,,1.5,1.5,1600,fulfilled,2025-12-08,2025-12-08
O005300,2025-12-06,D2C,R_N,SKU_CC_500,C00567,,2.0,2.0,1600,fulfilled,2025-12-08,2025-12-08
O005302,2025-12-06,D2C,R_N,SKU_CC_500,C00924,,0.5,0.5,1600,fulfilled,2025-12-08,2025-12-08
O005320,2025-12-06,D2C,R_N,SKU_CC_500,C00926,,1.5,1.5,1600,fulfilled,2025-12-08,2025-12-08
O005330,2025-12-06,D2C,R_N,SKU_CC_500,C00123,,0.5,0.5,1600,fulfilled,2025-12-08,2025-12-08
O005335,2025-12-06,D2C,R_N,SKU_CC_500,C00857,,2.0,2.0,1600,fulfilled,2025-12-08,2025-12-08
O005339,2025-12-06,D2C,R_N,SKU_CC_500,C00097,,1.5,1.5,1600,fulfilled,2025-12-08,2025-12-08
O005340,2025-12-06,D2C,R_N,SKU_CC_500,C00371,,0.5,0.5,1600,fulfilled,2025-12-08,2025-12-08
O005346,2025-12-06,D2C,R_N,SKU_CC_500,C01044,,1.0,1.0,1600,fulfilled,2025-12-08,2025-12-08
O005373,2025-12-06,D2C,R_S,SKU_CC_500,C00960,,2.0,2.0,1600,fulfilled,2025-12-08,2025-12-08
O005375,2025-12-06,D2C,R_S,SKU_CC_500,C00522,,1.0,1.0,1600,fulfilled,2025-12-08,2025-12-08
O005377,2025-12-06,D2C,R_S,SKU_CC_500,C00931,,2.0,2.0,1600,fulfilled,2025-12-08,2025-12-08
O005298,2025-12-07,D2C,R_N,SKU_CC_500,C01119,,1.0,1.0,1600,fulfilled,2025-12-09,2025-12-09
O005301,2025-12-07,D2C,R_N,SKU_CC_500,C01215,,1.5,1.5,1600,fulfilled,2025-12-09,2025-12-09
O005316,2025-12-07,D2C,R_N,SKU_CC_500,C00414,,2.0,2.0,1600,fulfilled,2025-12-09,2025-12-09
O005323,2025-12-07,D2C,R_N,SKU_CC_500,C01091,,2.0,2.0,1600,fulfilled,2025-12-09,2025-12-09
O005324,2025-12-07,D2C,R_N,SKU_CC_500,C00136,,1.5,1.5,1600,fulfilled,2025-12-09,2025-12-09
O005331,2025-12-07,D2C,R_N,SKU_CC_500,C01301,,1.5,1.5,1600,fulfilled,2025-12-09,2025-12-09
O005332,2025-12-07,D2C,R_N,SKU_CC_500,C00835,,2.0,2.0,1600,fulfilled,2025-12-09,2025-12-09
O005333,2025-12-07,D2C,R_N,SKU_CC_500,C00183,,0.5,0.5,1600,fulfilled,2025-12-09,2025-12-09
O005344,2025-12-07,D2C,R_N,SKU_CC_500,C00822,,0.5,0.5,1600,fulfilled,2025-12-09,2025-12-09
O005353,2025-12-07,D2C,R_S,SKU_CC_500,C00049,,2.0,2.0,1600,fulfilled,2025-12-09,2025-12-09
O005354,2025-12-07,D2C,R_S,SKU_CC_500,C00116,,1.5,1.5,1600,fulfilled,2025-12-09,2025-12-09
O005361,2025-12-07,D2C,R_S,SKU_CC_500,C01243,,0.5,0.5,1600,fulfilled,2025-12-09,2025-12-09
O005366,2025-12-07,D2C,R_S,SKU_CC_500,C00012,,1.5,1.5,1600,fulfilled,2025-12-09,2025-12-09
O005368,2025-12-07,D2C,R_S,SKU_CC_500,C00684,,1.5,1.5,1600,fulfilled,2025-12-09,2025-12-09
O005369,2025-12-07,D2C,R_S,SKU_CC_500,C00878,,1.0,1.0,1600,fulfilled,2025-12-09,2025-12-09
O005379,2025-12-08,D2C,R_N,SKU_CC_500,C00020,,1.5,1.5,1600,fulfilled,2025-12-10,2025-12-10
O005381,2025-12-08,D2C,R_N,SKU_CC_500,C00173,,1.0,1.0,1600,fulfilled,2025-12-10,2025-12-10
O005386,2025-12-08,D2C,R_N,SKU_CC_500,C00410,,0.5,0.5,1600,fulfilled,2025-12-10,2025-12-10
O005396,2025-12-08,D2C,R_N,SKU_CC_500,C00377,,1.0,1.0,1600,fulfilled,2025-12-10,2025-12-10
O005398,2025-12-08,D2C,R_N,SKU_CC_500,C00026,,1.5,1.5,1600,fulfilled,2025-12-10,2025-12-10
O005404,2025-12-08,D2C,R_N,SKU_CC_500,C01184,,1.5,1.5,1600,fulfilled,2025-12-10,2025-12-10
O005411,2025-12-08,D2C,R_N,SKU_CC_500,C00462,,0.5,0.5,1600,fulfilled,2025-12-10,2025-12-10
O005427,2025-12-08,D2C,R_N,SKU_CC_500,C00286,,0.5,0.5,1600,fulfilled,2025-12-10,2025-12-10
O005428,2025-12-08,D2C,R_N,SKU_CC_500,C00239,,1.5,1.5,1600,fulfilled,2025-12-10,2025-12-10
O005430,2025-12-08,D2C,R_N,SKU_CC_500,C00875,,2.0,2.0,1600,fulfilled,2025-12-10,2025-12-10
O005440,2025-12-08,D2C,R_S,SKU_CC_500,C01373,,1.5,1.5,1600,fulfilled,2025-12-10,2025-12-10
O005446,2025-12-08,D2C,R_S,SKU_CC_500,C00232,,0.5,0.5,1600,fulfilled,2025-12-10,2025-12-10
O005450,2025-12-08,D2C,R_S,SKU_CC_500,C00362,,1.0,1.0,1600,fulfilled,2025-12-10,2025-12-10
O005453,2025-12-08,D2C,R_S,SKU_CC_500,C01024,,1.0,1.0,1600,fulfilled,2025-12-10,2025-12-10
O006295,2025-12-08,B2B,R_N,SKU_CC_500,,ACC_DIST,95.0,95.0,1250,fulfilled,2025-12-11,2025-12-11
O006396,2025-12-08,B2B,R_S,SKU_CC_500,,ACC_REST,17.7,17.7,1400,fulfilled,2025-12-11,2025-12-11
O005392,2025-12-09,D2C,R_N,SKU_CC_500,C01265,,0.5,0.5,1600,fulfilled,2025-12-11,2025-12-11
O005393,2025-12-09,D2C,R_N,SKU_CC_500,C01098,,0.5,0.5,1600,fulfilled,2025-12-11,2025-12-11
O005394,2025-12-09,D2C,R_N,SKU_CC_500,C01055,,0.5,0.5,1600,fulfilled,2025-12-11,2025-12-11
O005397,2025-12-09,D2C,R_N,SKU_CC_500,C00329,,1.5,1.5,1600,fulfilled,2025-12-11,2025-12-11
O005406,2025-12-09,D2C,R_N,SKU_CC_500,C00132,,1.5,1.5,1600,fulfilled,2025-12-11,2025-12-11
O005409,2025-12-09,D2C,R_N,SKU_CC_500,C00430,,0.5,0.5,1600,fulfilled,2025-12-11,2025-12-11
O005414,2025-12-09,D2C,R_N,SKU_CC_500,C00783,,0.5,0.5,1600,fulfilled,2025-12-11,2025-12-11
O005417,2025-12-09,D2C,R_N,SKU_CC_500,C00130,,1.0,1.0,1600,fulfilled,2025-12-11,2025-12-11
O005443,2025-12-09,D2C,R_S,SKU_CC_500,C00125,,0.5,0.5,1600,fulfilled,2025-12-11,2025-12-11
O005451,2025-12-09,D2C,R_S,SKU_CC_500,C01113,,1.5,1.5,1600,fulfilled,2025-12-11,2025-12-11
O005454,2025-12-09,D2C,R_S,SKU_CC_500,C00361,,1.0,1.0,1600,fulfilled,2025-12-11,2025-12-11
O005462,2025-12-09,D2C,R_S,SKU_CC_500,C00999,,0.5,0.5,1600,fulfilled,2025-12-11,2025-12-11
O005384,2025-12-10,D2C,R_N,SKU_CC_500,C00226,,0.5,0.5,1600,fulfilled,2025-12-12,2025-12-12
O005385,2025-12-10,D2C,R_N,SKU_CC_500,C01001,,1.5,1.5,1600,fulfilled,2025-12-12,2025-12-12
O005403,2025-12-10,D2C,R_N,SKU_CC_500,C00291,,1.0,1.0,1600,fulfilled,2025-12-12,2025-12-12
O005420,2025-12-10,D2C,R_N,SKU_CC_500,C00329,,1.0,1.0,1600,fulfilled,2025-12-12,2025-12-12
O005431,2025-12-10,D2C,R_N,SKU_CC_500,C00665,,1.5,1.5,1600,fulfilled,2025-12-12,2025-12-12
O005436,2025-12-10,D2C,R_S,SKU_CC_500,C00761,,0.5,0.5,1600,fulfilled,2025-12-12,2025-12-12
O005437,2025-12-10,D2C,R_S,SKU_CC_500,C00180,,2.0,2.0,1600,fulfilled,2025-12-12,2025-12-12
O005445,2025-12-10,D2C,R_S,SKU_CC_500,C01271,,1.5,1.5,1600,fulfilled,2025-12-12,2025-12-12
O005457,2025-12-10,D2C,R_S,SKU_CC_500,C00422,,2.0,2.0,1600,fulfilled,2025-12-12,2025-12-12
O005463,2025-12-10,D2C,R_S,SKU_CC_500,C01077,,0.5,0.5,1600,fulfilled,2025-12-12,2025-12-12
O005388,2025-12-11,D2C,R_N,SKU_CC_500,C00821,,2.0,2.0,1600,fulfilled,2025-12-13,2025-12-13
O005389,2025-12-11,D2C,R_N,SKU_CC_500,C00289,,0.5,0.5,1600,fulfilled,2025-12-13,2025-12-13
O005395,2025-12-11,D2C,R_N,SKU_CC_500,C00858,,2.0,2.0,1600,fulfilled,2025-12-13,2025-12-13
O005400,2025-12-11,D2C,R_N,SKU_CC_500,C01018,,2.0,2.0,1600,fulfilled,2025-12-13,2025-12-13
O005408,2025-12-11,D2C,R_N,SKU_CC_500,C00746,,0.5,0.5,1600,fulfilled,2025-12-13,2025-12-13
O005413,2025-12-11,D2C,R_N,SKU_CC_500,C00354,,1.5,1.5,1600,fulfilled,2025-12-13,2025-12-13
O005415,2025-12-11,D2C,R_N,SKU_CC_500,C01239,,1.0,1.0,1600,fulfilled,2025-12-13,2025-12-13
O005416,2025-12-11,D2C,R_N,SKU_CC_500,C01379,,2.0,2.0,1600,fulfilled,2025-12-13,2025-12-13
O005419,2025-12-11,D2C,R_N,SKU_CC_500,C00851,,2.0,2.0,1600,fulfilled,2025-12-13,2025-12-13
O005423,2025-12-11,D2C,R_N,SKU_CC_500,C00198,,1.0,1.0,1600,fulfilled,2025-12-13,2025-12-13
O005434,2025-12-11,D2C,R_S,SKU_CC_500,C01021,,1.0,1.0,1600,fulfilled,2025-12-13,2025-12-13
O005444,2025-12-11,D2C,R_S,SKU_CC_500,C00998,,0.5,0.5,1600,fulfilled,2025-12-13,2025-12-13
O005456,2025-12-11,D2C,R_S,SKU_CC_500,C00969,,0.5,0.5,1600,fulfilled,2025-12-13,2025-12-13
O005458,2025-12-11,D2C,R_S,SKU_CC_500,C01060,,2.0,2.0,1600,fulfilled,2025-12-13,2025-12-13
O005461,2025-12-11,D2C,R_S,SKU_CC_500,C01308,,1.0,1.0,1600,fulfilled,2025-12-13,2025-12-13
O005383,2025-12-12,D2C,R_N,SKU_CC_500,C00289,,1.5,1.5,1600,fulfilled,2025-12-14,2025-12-14
O005391,2025-12-12,D2C,R_N,SKU_CC_500,C01327,,0.5,0.5,1600,fulfilled,2025-12-14,2025-12-14
O005405,2025-12-12,D2C,R_N,SKU_CC_500,C01265,,1.5,1.5,1600,fulfilled,2025-12-14,2025-12-14
O005407,2025-12-12,D2C,R_N,SKU_CC_500,C01252,,1.0,1.0,1600,fulfilled,2025-12-14,2025-12-14
O005426,2025-12-12,D2C,R_N,SKU_CC_500,C00847,,1.0,1.0,1600,fulfilled,2025-12-14,2025-12-14
O005442,2025-12-12,D2C,R_S,SKU_CC_500,C01295,,1.0,1.0,1600,fulfilled,2025-12-14,2025-12-14
O005447,2025-12-12,D2C,R_S,SKU_CC_500,C01336,,2.0,2.0,1600,fulfilled,2025-12-14,2025-12-14
O005449,2025-12-12,D2C,R_S,SKU_CC_500,C01270,,1.0,1.0,1600,fulfilled,2025-12-14,2025-12-14
O005455,2025-12-12,D2C,R_S,SKU_CC_500,C00181,,2.0,2.0,1600,fulfilled,2025-12-14,2025-12-14
O005387,2025-12-13,D2C,R_N,SKU_CC_500,C00872,,2.0,2.0,1600,fulfilled,2025-12-15,2025-12-15
O005390,2025-12-13,D2C,R_N,SKU_CC_500,C00703,,2.0,2.0,1600,fulfilled,2025-12-15,2025-12-15
O005402,2025-12-13,D2C,R_N,SKU_CC_500,C00238,,2.0,2.0,1600,fulfilled,2025-12-15,2025-12-15
O005412,2025-12-13,D2C,R_N,SKU_CC_500,C00545,,1.0,1.0,1600,fulfilled,2025-12-15,2025-12-15
O005418,2025-12-13,D2C,R_N,SKU_CC_500,C01288,,1.0,1.0,1600,fulfilled,2025-12-15,2025-12-15
O005421,2025-12-13,D2C,R_N,SKU_CC_500,C00812,,2.0,2.0,1600,fulfilled,2025-12-15,2025-12-15
O005424,2025-12-13,D2C,R_N,SKU_CC_500,C00679,,2.0,2.0,1600,fulfilled,2025-12-15,2025-12-15
O005432,2025-12-13,D2C,R_N,SKU_CC_500,C00247,,2.0,2.0,1600,fulfilled,2025-12-15,2025-12-15
O005438,2025-12-13,D2C,R_S,SKU_CC_500,C00255,,0.5,0.5,1600,fulfilled,2025-12-15,2025-12-15
O005439,2025-12-13,D2C,R_S,SKU_CC_500,C00960,,1.5,1.5,1600,fulfilled,2025-12-15,2025-12-15
O005441,2025-12-13,D2C,R_S,SKU_CC_500,C01373,,1.0,1.0,1600,fulfilled,2025-12-15,2025-12-15
O005459,2025-12-13,D2C,R_S,SKU_CC_500,C00257,,2.0,2.0,1600,fulfilled,2025-12-15,2025-12-15
O005460,2025-12-13,D2C,R_S,SKU_CC_500,C00947,,0.5,0.5,1600,fulfilled,2025-12-15,2025-12-15
O005464,2025-12-13,D2C,R_S,SKU_CC_500,C00735,,0.5,0.5,1600,fulfilled,2025-12-15,2025-12-15
O005465,2025-12-13,D2C,R_S,SKU_CC_500,C00934,,0.5,0.5,1600,fulfilled,2025-12-15,2025-12-15
O005380,2025-12-14,D2C,R_N,SKU_CC_500,C00226,,2.0,2.0,1600,fulfilled,2025-12-16,2025-12-16
O005382,2025-12-14,D2C,R_N,SKU_CC_500,C01187,,2.0,2.0,1600,fulfilled,2025-12-16,2025-12-16
O005399,2025-12-14,D2C,R_N,SKU_CC_500,C01055,,1.5,1.5,1600,fulfilled,2025-12-16,2025-12-16
O005401,2025-12-14,D2C,R_N,SKU_CC_500,C00085,,2.0,2.0,1600,fulfilled,2025-12-16,2025-12-16
O005410,2025-12-14,D2C,R_N,SKU_CC_500,C00427,,1.0,1.0,1600,fulfilled,2025-12-16,2025-12-16
O005422,2025-12-14,D2C,R_N,SKU_CC_500,C00398,,1.5,1.5,1600,fulfilled,2025-12-16,2025-12-16
O005425,2025-12-14,D2C,R_N,SKU_CC_500,C01004,,0.5,0.5,1600,fulfilled,2025-12-16,2025-12-16
O005429,2025-12-14,D2C,R_N,SKU_CC_500,C00497,,1.0,1.0,1600,fulfilled,2025-12-16,2025-12-16
O005433,2025-12-14,D2C,R_N,SKU_CC_500,C00679,,0.5,0.5,1600,fulfilled,2025-12-16,2025-12-16
O005435,2025-12-14,D2C,R_S,SKU_CC_500,C01346,,2.0,2.0,1600,fulfilled,2025-12-16,2025-12-16
O005448,2025-12-14,D2C,R_S,SKU_CC_500,C00947,,1.5,1.5,1600,fulfilled,2025-12-16,2025-12-16
O005452,2025-12-14,D2C,R_S,SKU_CC_500,C01101,,1.5,1.5,1600,fulfilled,2025-12-16,2025-12-16
O005477,2025-12-15,D2C,R_N,SKU_CC_500,C00040,,1.0,1.0,1600,fulfilled,2025-12-17,2025-12-17
O005480,2025-12-15,D2C,R_N,SKU_CC_500,C01262,,0.5,0.5,1600,fulfilled,2025-12-17,2025-12-17
O005484,2025-12-15,D2C,R_N,SKU_CC_500,C00174,,0.5,0.5,1600,fulfilled,2025-12-17,2025-12-17
O005487,2025-12-15,D2C,R_N,SKU_CC_500,C00384,,0.5,0.5,1600,fulfilled,2025-12-17,2025-12-17
O005511,2025-12-15,D2C,R_N,SKU_CC_500,C00304,,2.0,2.0,1600,fulfilled,2025-12-17,2025-12-17
O005520,2025-12-15,D2C,R_N,SKU_CC_500,C01370,,0.5,0.5,1600,fulfilled,2025-12-17,2025-12-17
O005524,2025-12-15,D2C,R_S,SKU_CC_500,C00505,,1.0,1.0,1600,fulfilled,2025-12-17,2025-12-17
O005531,2025-12-15,D2C,R_S,SKU_CC_500,C00685,,1.5,1.5,1600,fulfilled,2025-12-17,2025-12-17
O005536,2025-12-15,D2C,R_S,SKU_CC_500,C01062,,1.0,1.0,1600,fulfilled,2025-12-17,2025-12-17
O005538,2025-12-15,D2C,R_S,SKU_CC_500,C00829,,2.0,2.0,1600,fulfilled,2025-12-17,2025-12-17
O005546,2025-12-15,D2C,R_S,SKU_CC_500,C00947,,1.0,1.0,1600,fulfilled,2025-12-17,2025-12-17
O005547,2025-12-15,D2C,R_S,SKU_CC_500,C00627,,1.5,1.5,1600,fulfilled,2025-12-17,2025-12-17
O006296,2025-12-15,B2B,R_N,SKU_CC_500,,ACC_DIST,96.9,96.9,1250,fulfilled,2025-12-18,2025-12-18
O006397,2025-12-15,B2B,R_S,SKU_CC_500,,ACC_REST,18.4,18.4,1400,fulfilled,2025-12-18,2025-12-18
O005475,2025-12-16,D2C,R_N,SKU_CC_500,C00857,,1.0,1.0,1600,fulfilled,2025-12-18,2025-12-18
O005483,2025-12-16,D2C,R_N,SKU_CC_500,C00085,,2.0,2.0,1600,fulfilled,2025-12-18,2025-12-18
O005486,2025-12-16,D2C,R_N,SKU_CC_500,C00224,,0.5,0.5,1600,fulfilled,2025-12-18,2025-12-18
O005490,2025-12-16,D2C,R_N,SKU_CC_500,C01003,,0.5,0.5,1600,fulfilled,2025-12-18,2025-12-18
O005491,2025-12-16,D2C,R_N,SKU_CC_500,C00261,,1.5,1.5,1600,fulfilled,2025-12-18,2025-12-18
O005492,2025-12-16,D2C,R_N,SKU_CC_500,C00316,,1.0,1.0,1600,fulfilled,2025-12-18,2025-12-18
O005497,2025-12-16,D2C,R_N,SKU_CC_500,C00082,,1.0,1.0,1600,fulfilled,2025-12-18,2025-12-18
O005504,2025-12-16,D2C,R_N,SKU_CC_500,C01353,,1.5,1.5,1600,fulfilled,2025-12-18,2025-12-18
O005514,2025-12-16,D2C,R_N,SKU_CC_500,C00586,,2.0,2.0,1600,fulfilled,2025-12-18,2025-12-18
O005527,2025-12-16,D2C,R_S,SKU_CC_500,C00423,,1.5,1.5,1600,fulfilled,2025-12-18,2025-12-18
O005533,2025-12-16,D2C,R_S,SKU_CC_500,C00541,,2.0,2.0,1600,fulfilled,2025-12-18,2025-12-18
O005541,2025-12-16,D2C,R_S,SKU_CC_500,C00995,,1.0,1.0,1600,fulfilled,2025-12-18,2025-12-18
O005550,2025-12-16,D2C,R_S,SKU_CC_500,C00488,,1.5,1.5,1600,fulfilled,2025-12-18,2025-12-18
O005466,2025-12-17,D2C,R_N,SKU_CC_500,C00796,,1.5,1.5,1600,fulfilled,2025-12-19,2025-12-19
O005467,2025-12-17,D2C,R_N,SKU_CC_500,C00834,,0.5,0.5,1600,fulfilled,2025-12-19,2025-12-19
O005478,2025-12-17,D2C,R_N,SKU_CC_500,C01029,,0.5,0.5,1600,fulfilled,2025-12-19,2025-12-19
O005482,2025-12-17,D2C,R_N,SKU_CC_500,C00954,,1.0,1.0,1600,fulfilled,2025-12-19,2025-12-19
O005508,2025-12-17,D2C,R_N,SKU_CC_500,C00174,,1.5,1.5,1600,fulfilled,2025-12-19,2025-12-19
O005509,2025-12-17,D2C,R_N,SKU_CC_500,C00639,,1.5,1.5,1600,fulfilled,2025-12-19,2025-12-19
O005544,2025-12-17,D2C,R_S,SKU_CC_500,C01077,,2.0,2.0,1600,fulfilled,2025-12-19,2025-12-19
O005468,2025-12-18,D2C,R_N,SKU_CC_500,C01069,,1.0,1.0,1600,fulfilled,2025-12-20,2025-12-20
O005470,2025-12-18,D2C,R_N,SKU_CC_500,C00989,,2.0,2.0,1600,fulfilled,2025-12-20,2025-12-20
O005474,2025-12-18,D2C,R_N,SKU_CC_500,C00888,,2.0,2.0,1600,fulfilled,2025-12-20,2025-12-20
O005481,2025-12-18,D2C,R_N,SKU_CC_500,C00781,,1.0,1.0,1600,fulfilled,2025-12-20,2025-12-20
O005489,2025-12-18,D2C,R_N,SKU_CC_500,C00261,,1.0,1.0,1600,fulfilled,2025-12-20,2025-12-20
O005501,2025-12-18,D2C,R_N,SKU_CC_500,C01068,,2.0,2.0,1600,fulfilled,2025-12-20,2025-12-20
O005510,2025-12-18,D2C,R_N,SKU_CC_500,C00122,,2.0,2.0,1600,fulfilled,2025-12-20,2025-12-20
O005513,2025-12-18,D2C,R_N,SKU_CC_500,C00253,,1.5,1.5,1600,fulfilled,2025-12-20,2025-12-20
O005515,2025-12-18,D2C,R_N,SKU_CC_500,C01279,,2.0,2.0,1600,fulfilled,2025-12-20,2025-12-20
O005521,2025-12-18,D2C,R_S,SKU_CC_500,C01350,,1.5,1.5,1600,fulfilled,2025-12-20,2025-12-20
O005523,2025-12-18,D2C,R_S,SKU_CC_500,C00324,,1.0,1.0,1600,fulfilled,2025-12-20,2025-12-20
O005532,2025-12-18,D2C,R_S,SKU_CC_500,C01060,,1.0,1.0,1600,fulfilled,2025-12-20,2025-12-20
O005535,2025-12-18,D2C,R_S,SKU_CC_500,C00983,,1.0,1.0,1600,fulfilled,2025-12-20,2025-12-20
O005537,2025-12-18,D2C,R_S,SKU_CC_500,C00761,,2.0,2.0,1600,fulfilled,2025-12-20,2025-12-20
O005539,2025-12-18,D2C,R_S,SKU_CC_500,C00421,,0.5,0.5,1600,fulfilled,2025-12-20,2025-12-20
O005552,2025-12-18,D2C,R_S,SKU_CC_500,C00920,,2.0,2.0,1600,fulfilled,2025-12-20,2025-12-20
O005469,2025-12-19,D2C,R_N,SKU_CC_500,C00567,,1.0,1.0,1600,fulfilled,2025-12-21,2025-12-21
O005471,2025-12-19,D2C,R_N,SKU_CC_500,C00811,,0.5,0.5,1600,fulfilled,2025-12-21,2025-12-21
O005473,2025-12-19,D2C,R_N,SKU_CC_500,C00819,,1.5,1.5,1600,fulfilled,2025-12-21,2025-12-21
O005476,2025-12-19,D2C,R_N,SKU_CC_500,C00079,,2.0,2.0,1600,fulfilled,2025-12-21,2025-12-21
O005485,2025-12-19,D2C,R_N,SKU_CC_500,C00305,,2.0,2.0,1600,fulfilled,2025-12-21,2025-12-21
O005493,2025-12-19,D2C,R_N,SKU_CC_500,C00566,,1.0,1.0,1600,fulfilled,2025-12-21,2025-12-21
O005499,2025-12-19,D2C,R_N,SKU_CC_500,C00551,,0.5,0.5,1600,fulfilled,2025-12-21,2025-12-21
O005500,2025-12-19,D2C,R_N,SKU_CC_500,C00526,,1.5,1.5,1600,fulfilled,2025-12-21,2025-12-21
O005506,2025-12-19,D2C,R_N,SKU_CC_500,C00900,,0.5,0.5,1600,fulfilled,2025-12-21,2025-12-21
O005507,2025-12-19,D2C,R_N,SKU_CC_500,C00520,,2.0,2.0,1600,fulfilled,2025-12-21,2025-12-21
O005516,2025-12-19,D2C,R_N,SKU_CC_500,C00495,,1.5,1.5,1600,fulfilled,2025-12-21,2025-12-21
O005517,2025-12-19,D2C,R_N,SKU_CC_500,C00922,,0.5,0.5,1600,fulfilled,2025-12-21,2025-12-21
O005522,2025-12-19,D2C,R_S,SKU_CC_500,C00389,,0.5,0.5,1600,fulfilled,2025-12-21,2025-12-21
O005526,2025-12-19,D2C,R_S,SKU_CC_500,C00255,,0.5,0.5,1600,fulfilled,2025-12-21,2025-12-21
O005528,2025-12-19,D2C,R_S,SKU_CC_500,C00576,,1.5,1.5,1600,fulfilled,2025-12-21,2025-12-21
O005530,2025-12-19,D2C,R_S,SKU_CC_500,C00457,,1.5,1.5,1600,fulfilled,2025-12-21,2025-12-21
O005540,2025-12-19,D2C,R_S,SKU_CC_500,C00933,,1.0,1.0,1600,fulfilled,2025-12-21,2025-12-21
O005549,2025-12-19,D2C,R_S,SKU_CC_500,C00640,,0.5,0.5,1600,fulfilled,2025-12-21,2025-12-21
O005472,2025-12-20,D2C,R_N,SKU_CC_500,C01118,,0.5,0.5,1600,fulfilled,2025-12-22,2025-12-22
O005479,2025-12-20,D2C,R_N,SKU_CC_500,C00237,,1.0,1.0,1600,fulfilled,2025-12-22,2025-12-22
O005494,2025-12-20,D2C,R_N,SKU_CC_500,C00533,,1.5,1.5,1600,fulfilled,2025-12-22,2025-12-22
O005512,2025-12-20,D2C,R_N,SKU_CC_500,C00031,,1.0,1.0,1600,fulfilled,2025-12-22,2025-12-22
O005525,2025-12-20,D2C,R_S,SKU_CC_500,C00180,,0.5,0.5,1600,fulfilled,2025-12-22,2025-12-22
O005529,2025-12-20,D2C,R_S,SKU_CC_500,C00683,,1.0,1.0,1600,fulfilled,2025-12-22,2025-12-22
O005542,2025-12-20,D2C,R_S,SKU_CC_500,C00661,,1.5,1.5,1600,fulfilled,2025-12-22,2025-12-22
O005543,2025-12-20,D2C,R_S,SKU_CC_500,C00659,,2.0,2.0,1600,fulfilled,2025-12-22,2025-12-22
O005545,2025-12-20,D2C,R_S,SKU_CC_500,C01114,,1.0,1.0,1600,fulfilled,2025-12-22,2025-12-22
O005548,2025-12-20,D2C,R_S,SKU_CC_500,C00986,,1.5,1.5,1600,fulfilled,2025-12-22,2025-12-22
O005551,2025-12-20,D2C,R_S,SKU_CC_500,C01388,,1.0,1.0,1600,fulfilled,2025-12-22,2025-12-22
O005488,2025-12-21,D2C,R_N,SKU_CC_500,C00596,,2.0,2.0,1600,fulfilled,2025-12-23,2025-12-23
O005495,2025-12-21,D2C,R_N,SKU_CC_500,C01083,,0.5,0.5,1600,fulfilled,2025-12-23,2025-12-23
O005496,2025-12-21,D2C,R_N,SKU_CC_500,C00377,,0.5,0.5,1600,fulfilled,2025-12-23,2025-12-23
O005498,2025-12-21,D2C,R_N,SKU_CC_500,C00028,,1.0,1.0,1600,fulfilled,2025-12-23,2025-12-23
O005502,2025-12-21,D2C,R_N,SKU_CC_500,C01241,,1.5,1.5,1600,fulfilled,2025-12-23,2025-12-23
O005503,2025-12-21,D2C,R_N,SKU_CC_500,C00577,,1.5,1.5,1600,fulfilled,2025-12-23,2025-12-23
O005505,2025-12-21,D2C,R_N,SKU_CC_500,C01109,,1.0,1.0,1600,fulfilled,2025-12-23,2025-12-23
O005518,2025-12-21,D2C,R_N,SKU_CC_500,C01056,,2.0,2.0,1600,fulfilled,2025-12-23,2025-12-23
O005519,2025-12-21,D2C,R_N,SKU_CC_500,C00355,,2.0,2.0,1600,fulfilled,2025-12-23,2025-12-23
O005534,2025-12-21,D2C,R_S,SKU_CC_500,C01398,,1.5,1.5,1600,fulfilled,2025-12-23,2025-12-23
O005562,2025-12-22,D2C,R_N,SKU_CC_500,C00584,,1.0,1.0,1600,fulfilled,2025-12-24,2025-12-24
O005565,2025-12-22,D2C,R_N,SKU_CC_500,C00215,,0.5,0.5,1600,fulfilled,2025-12-24,2025-12-24
O005566,2025-12-22,D2C,R_N,SKU_CC_500,C00137,,1.0,1.0,1600,fulfilled,2025-12-24,2025-12-24
O005576,2025-12-22,D2C,R_N,SKU_CC_500,C00755,,0.5,0.5,1600,fulfilled,2025-12-24,2025-12-24
O005578,2025-12-22,D2C,R_N,SKU_CC_500,C00888,,1.5,1.5,1600,fulfilled,2025-12-24,2025-12-24
O005595,2025-12-22,D2C,R_N,SKU_CC_500,C01391,,1.0,1.0,1600,fulfilled,2025-12-24,2025-12-24
O005597,2025-12-22,D2C,R_N,SKU_CC_500,C00303,,2.0,2.0,1600,fulfilled,2025-12-24,2025-12-24
O005598,2025-12-22,D2C,R_N,SKU_CC_500,C01019,,0.5,0.5,1600,fulfilled,2025-12-24,2025-12-24
O005601,2025-12-22,D2C,R_N,SKU_CC_500,C00955,,0.5,0.5,1600,fulfilled,2025-12-24,2025-12-24
O005610,2025-12-22,D2C,R_S,SKU_CC_500,C00946,,0.5,0.5,1600,fulfilled,2025-12-24,2025-12-24
O005614,2025-12-22,D2C,R_S,SKU_CC_500,C01376,,2.0,2.0,1600,fulfilled,2025-12-24,2025-12-24
O005619,2025-12-22,D2C,R_S,SKU_CC_500,C00555,,1.0,1.0,1600,fulfilled,2025-12-24,2025-12-24
O005622,2025-12-22,D2C,R_S,SKU_CC_500,C00643,,2.0,2.0,1600,fulfilled,2025-12-24,2025-12-24
O005624,2025-12-22,D2C,R_S,SKU_CC_500,C00855,,1.0,1.0,1600,fulfilled,2025-12-24,2025-12-24
O005625,2025-12-22,D2C,R_S,SKU_CC_500,C01010,,1.0,1.0,1600,fulfilled,2025-12-24,2025-12-24
O005626,2025-12-22,D2C,R_S,SKU_CC_500,C00722,,1.0,1.0,1600,fulfilled,2025-12-24,2025-12-24
O005627,2025-12-22,D2C,R_S,SKU_CC_500,C00920,,0.5,0.5,1600,fulfilled,2025-12-24,2025-12-24
O005631,2025-12-22,D2C,R_S,SKU_CC_500,C00374,,2.0,2.0,1600,fulfilled,2025-12-24,2025-12-24
O006297,2025-12-22,B2B,R_N,SKU_CC_500,,ACC_DIST,91.0,91.0,1250,fulfilled,2025-12-25,2025-12-25
O006398,2025-12-22,B2B,R_S,SKU_CC_500,,ACC_REST,15.5,15.5,1400,fulfilled,2025-12-25,2025-12-25
O005557,2025-12-23,D2C,R_N,SKU_CC_500,C01122,,2.0,2.0,1600,fulfilled,2025-12-25,2025-12-25
O005561,2025-12-23,D2C,R_N,SKU_CC_500,C00528,,1.0,1.0,1600,fulfilled,2025-12-25,2025-12-25
O005569,2025-12-23,D2C,R_N,SKU_CC_500,C00254,,1.0,1.0,1600,fulfilled,2025-12-25,2025-12-25
O005571,2025-12-23,D2C,R_N,SKU_CC_500,C00018,,0.5,0.5,1600,fulfilled,2025-12-25,2025-12-25
O005573,2025-12-23,D2C,R_N,SKU_CC_500,C00754,,2.0,2.0,1600,fulfilled,2025-12-25,2025-12-25
O005577,2025-12-23,D2C,R_N,SKU_CC_500,C00159,,0.5,0.5,1600,fulfilled,2025-12-25,2025-12-25
O005585,2025-12-23,D2C,R_N,SKU_CC_500,C00149,,0.5,0.5,1600,fulfilled,2025-12-25,2025-12-25
O005589,2025-12-23,D2C,R_N,SKU_CC_500,C00744,,1.0,1.0,1600,fulfilled,2025-12-25,2025-12-25
O005593,2025-12-23,D2C,R_N,SKU_CC_500,C00552,,2.0,2.0,1600,fulfilled,2025-12-25,2025-12-25
O005608,2025-12-23,D2C,R_N,SKU_CC_500,C00275,,1.5,1.5,1600,fulfilled,2025-12-25,2025-12-25
O005555,2025-12-24,D2C,R_N,SKU_CC_500,C00130,,1.5,1.5,1600,fulfilled,2025-12-26,2025-12-26
O005559,2025-12-24,D2C,R_N,SKU_CC_500,C00080,,0.5,0.5,1600,fulfilled,2025-12-26,2025-12-26
O005560,2025-12-24,D2C,R_N,SKU_CC_500,C01016,,2.0,2.0,1600,fulfilled,2025-12-26,2025-12-26
O005567,2025-12-24,D2C,R_N,SKU_CC_500,C01208,,1.0,1.0,1600,fulfilled,2025-12-26,2025-12-26
O005574,2025-12-24,D2C,R_N,SKU_CC_500,C00666,,0.5,0.5,1600,fulfilled,2025-12-26,2025-12-26
O005590,2025-12-24,D2C,R_N,SKU_CC_500,C01052,,1.0,1.0,1600,fulfilled,2025-12-26,2025-12-26
O005596,2025-12-24,D2C,R_N,SKU_CC_500,C00979,,2.0,2.0,1600,fulfilled,2025-12-26,2025-12-26
O005600,2025-12-24,D2C,R_N,SKU_CC_500,C00530,,0.5,0.5,1600,fulfilled,2025-12-26,2025-12-26
O005604,2025-12-24,D2C,R_N,SKU_CC_500,C00681,,1.5,1.5,1600,fulfilled,2025-12-26,2025-12-26
O005611,2025-12-24,D2C,R_S,SKU_CC_500,C01010,,2.0,2.0,1600,fulfilled,2025-12-26,2025-12-26
O005615,2025-12-24,D2C,R_S,SKU_CC_500,C00404,,0.5,0.5,1600,fulfilled,2025-12-26,2025-12-26
O005620,2025-12-24,D2C,R_S,SKU_CC_500,C01035,,0.5,0.5,1600,fulfilled,2025-12-26,2025-12-26
O005639,2025-12-24,D2C,R_S,SKU_CC_500,C00521,,0.5,0.5,1600,fulfilled,2025-12-26,2025-12-26
O005570,2025-12-25,D2C,R_N,SKU_CC_500,C00694,,2.0,2.0,1600,fulfilled,2025-12-27,2025-12-27
O005579,2025-12-25,D2C,R_N,SKU_CC_500,C01187,,1.5,1.5,1600,fulfilled,2025-12-27,2025-12-27
O005580,2025-12-25,D2C,R_N,SKU_CC_500,C01366,,1.5,1.5,1600,fulfilled,2025-12-27,2025-12-27
O005582,2025-12-25,D2C,R_N,SKU_CC_500,C01122,,2.0,2.0,1600,fulfilled,2025-12-27,2025-12-27
O005586,2025-12-25,D2C,R_N,SKU_CC_500,C00315,,1.0,1.0,1600,fulfilled,2025-12-27,2025-12-27
O005603,2025-12-25,D2C,R_N,SKU_CC_500,C00211,,1.0,1.0,1600,fulfilled,2025-12-27,2025-12-27
O005606,2025-12-25,D2C,R_N,SKU_CC_500,C01393,,2.0,2.0,1600,fulfilled,2025-12-27,2025-12-27
O005607,2025-12-25,D2C,R_N,SKU_CC_500,C00274,,1.0,1.0,1600,fulfilled,2025-12-27,2025-12-27
O005613,2025-12-25,D2C,R_S,SKU_CC_500,C00894,,1.0,1.0,1600,fulfilled,2025-12-27,2025-12-27
O005618,2025-12-25,D2C,R_S,SKU_CC_500,C01207,,0.5,0.5,1600,fulfilled,2025-12-27,2025-12-27
O005621,2025-12-25,D2C,R_S,SKU_CC_500,C01376,,0.5,0.5,1600,fulfilled,2025-12-27,2025-12-27
O005628,2025-12-25,D2C,R_S,SKU_CC_500,C00063,,2.0,2.0,1600,fulfilled,2025-12-27,2025-12-27
O005630,2025-12-25,D2C,R_S,SKU_CC_500,C00009,,0.5,0.5,1600,fulfilled,2025-12-27,2025-12-27
O005637,2025-12-25,D2C,R_S,SKU_CC_500,C01051,,1.0,1.0,1600,fulfilled,2025-12-27,2025-12-27
O005553,2025-12-26,D2C,R_N,SKU_CC_500,C01393,,1.0,1.0,1600,fulfilled,2025-12-28,2025-12-28
O005564,2025-12-26,D2C,R_N,SKU_CC_500,C00383,,0.5,0.5,1600,fulfilled,2025-12-28,2025-12-28
O005581,2025-12-26,D2C,R_N,SKU_CC_500,C00149,,1.0,1.0,1600,fulfilled,2025-12-28,2025-12-28
O005587,2025-12-26,D2C,R_N,SKU_CC_500,C00577,,1.5,1.5,1600,fulfilled,2025-12-28,2025-12-28
O005592,2025-12-26,D2C,R_N,SKU_CC_500,C00733,,1.5,1.5,1600,fulfilled,2025-12-28,2025-12-28
O005594,2025-12-26,D2C,R_N,SKU_CC_500,C00476,,0.5,0.5,1600,fulfilled,2025-12-28,2025-12-28
O005605,2025-12-26,D2C,R_N,SKU_CC_500,C00054,,2.0,2.0,1600,fulfilled,2025-12-28,2025-12-28
O005609,2025-12-26,D2C,R_S,SKU_CC_500,C01009,,1.0,1.0,1600,fulfilled,2025-12-28,2025-12-28
O005612,2025-12-26,D2C,R_S,SKU_CC_500,C01034,,1.0,1.0,1600,fulfilled,2025-12-28,2025-12-28
O005616,2025-12-26,D2C,R_S,SKU_CC_500,C00868,,2.0,2.0,1600,fulfilled,2025-12-28,2025-12-28
O005617,2025-12-26,D2C,R_S,SKU_CC_500,C00697,,0.5,0.5,1600,fulfilled,2025-12-28,2025-12-28
O005623,2025-12-26,D2C,R_S,SKU_CC_500,C00791,,1.0,1.0,1600,fulfilled,2025-12-28,2025-12-28
O005632,2025-12-26,D2C,R_S,SKU_CC_500,C00063,,0.5,0.5,1600,fulfilled,2025-12-28,2025-12-28
O005640,2025-12-26,D2C,R_S,SKU_CC_500,C01259,,1.0,1.0,1600,fulfilled,2025-12-28,2025-12-28
O005568,2025-12-27,D2C,R_N,SKU_CC_500,C00578,,1.5,1.5,1600,fulfilled,2025-12-29,2025-12-29
O005572,2025-12-27,D2C,R_N,SKU_CC_500,C00526,,0.5,0.5,1600,fulfilled,2025-12-29,2025-12-29
O005583,2025-12-27,D2C,R_N,SKU_CC_500,C00770,,2.0,2.0,1600,fulfilled,2025-12-29,2025-12-29
O005584,2025-12-27,D2C,R_N,SKU_CC_500,C00015,,1.0,1.0,1600,fulfilled,2025-12-29,2025-12-29
O005588,2025-12-27,D2C,R_N,SKU_CC_500,C00235,,1.5,1.5,1600,fulfilled,2025-12-29,2025-12-29
O005602,2025-12-27,D2C,R_N,SKU_CC_500,C00978,,0.5,0.5,1600,fulfilled,2025-12-29,2025-12-29
O005629,2025-12-27,D2C,R_S,SKU_CC_500,C01386,,1.5,1.5,1600,fulfilled,2025-12-29,2025-12-29
O005635,2025-12-27,D2C,R_S,SKU_CC_500,C01284,,1.0,1.0,1600,fulfilled,2025-12-29,2025-12-29
O005554,2025-12-28,D2C,R_N,SKU_CC_500,C00416,,2.0,2.0,1600,fulfilled,2025-12-30,2025-12-30
O005556,2025-12-28,D2C,R_N,SKU_CC_500,C00834,,0.5,0.5,1600,fulfilled,2025-12-30,2025-12-30
O005558,2025-12-28,D2C,R_N,SKU_CC_500,C00007,,2.0,2.0,1600,fulfilled,2025-12-30,2025-12-30
O005563,2025-12-28,D2C,R_N,SKU_CC_500,C00994,,2.0,2.0,1600,fulfilled,2025-12-30,2025-12-30
O005575,2025-12-28,D2C,R_N,SKU_CC_500,C00427,,2.0,2.0,1600,fulfilled,2025-12-30,2025-12-30
O005591,2025-12-28,D2C,R_N,SKU_CC_500,C01069,,1.0,1.0,1600,fulfilled,2025-12-30,2025-12-30
O005599,2025-12-28,D2C,R_N,SKU_CC_500,C00689,,1.5,1.5,1600,fulfilled,2025-12-30,2025-12-30
O005633,2025-12-28,D2C,R_S,SKU_CC_500,C01165,,1.0,1.0,1600,fulfilled,2025-12-30,2025-12-30
O005634,2025-12-28,D2C,R_S,SKU_CC_500,C00194,,0.5,0.5,1600,fulfilled,2025-12-30,2025-12-30
O005636,2025-12-28,D2C,R_S,SKU_CC_500,C01216,,0.5,0.5,1600,fulfilled,2025-12-30,2025-12-30
O005638,2025-12-28,D2C,R_S,SKU_CC_500,C01245,,1.5,1.5,1600,fulfilled,2025-12-30,2025-12-30
O005646,2025-12-29,D2C,R_N,SKU_CC_500,C00551,,1.5,1.5,1600,fulfilled,2025-12-31,2025-12-31
O005661,2025-12-29,D2C,R_N,SKU_CC_500,C01044,,1.5,1.5,1600,fulfilled,2025-12-31,2025-12-31
O005668,2025-12-29,D2C,R_N,SKU_CC_500,C00356,,2.0,2.0,1600,fulfilled,2025-12-31,2025-12-31
O005669,2025-12-29,D2C,R_N,SKU_CC_500,C00864,,2.0,2.0,1600,fulfilled,2025-12-31,2025-12-31
O005674,2025-12-29,D2C,R_N,SKU_CC_500,C00511,,1.0,1.0,1600,fulfilled,2025-12-31,2025-12-31
O005675,2025-12-29,D2C,R_N,SKU_CC_500,C00287,,0.5,0.5,1600,fulfilled,2025-12-31,2025-12-31
O005681,2025-12-29,D2C,R_N,SKU_CC_500,C01171,,2.0,2.0,1600,fulfilled,2025-12-31,2025-12-31
O005684,2025-12-29,D2C,R_N,SKU_CC_500,C00476,,2.0,2.0,1600,fulfilled,2025-12-31,2025-12-31
O005687,2025-12-29,D2C,R_N,SKU_CC_500,C01338,,2.0,2.0,1600,fulfilled,2025-12-31,2025-12-31
O005689,2025-12-29,D2C,R_N,SKU_CC_500,C01201,,1.5,1.5,1600,fulfilled,2025-12-31,2025-12-31
O005696,2025-12-29,D2C,R_N,SKU_CC_500,C01377,,0.5,0.5,1600,fulfilled,2025-12-31,2025-12-31
O005697,2025-12-29,D2C,R_N,SKU_CC_500,C01173,,2.0,2.0,1600,fulfilled,2025-12-31,2025-12-31
O005701,2025-12-29,D2C,R_S,SKU_CC_500,C00191,,1.0,1.0,1600,fulfilled,2025-12-31,2025-12-31
O005706,2025-12-29,D2C,R_S,SKU_CC_500,C01167,,1.0,1.0,1600,fulfilled,2025-12-31,2025-12-31
O005715,2025-12-29,D2C,R_S,SKU_CC_500,C00893,,1.5,1.5,1600,fulfilled,2025-12-31,2025-12-31
O005722,2025-12-29,D2C,R_S,SKU_CC_500,C00090,,2.0,2.0,1600,fulfilled,2025-12-31,2025-12-31
O005723,2025-12-29,D2C,R_S,SKU_CC_500,C00487,,2.0,2.0,1600,fulfilled,2025-12-31,2025-12-31
O005726,2025-12-29,D2C,R_S,SKU_CC_500,C00593,,0.5,0.5,1600,fulfilled,2025-12-31,2025-12-31
O005727,2025-12-29,D2C,R_S,SKU_CC_500,C00826,,1.0,1.0,1600,fulfilled,2025-12-31,2025-12-31
O005730,2025-12-29,D2C,R_S,SKU_CC_500,C00487,,2.0,2.0,1600,fulfilled,2025-12-31,2025-12-31
O006298,2025-12-29,B2B,R_N,SKU_CC_500,,ACC_DIST,90.1,90.1,1250,fulfilled,2026-01-01,2026-01-01
O006399,2025-12-29,B2B,R_S,SKU_CC_500,,ACC_REST,17.0,17.0,1400,fulfilled,2026-01-01,2026-01-01
O005645,2025-12-30,D2C,R_N,SKU_CC_500,C01160,,1.5,1.5,1600,fulfilled,2026-01-01,2026-01-01
O005650,2025-12-30,D2C,R_N,SKU_CC_500,C00044,,0.5,0.5,1600,fulfilled,2026-01-01,2026-01-01
O005652,2025-12-30,D2C,R_N,SKU_CC_500,C00441,,0.5,0.5,1600,fulfilled,2026-01-01,2026-01-01
O005658,2025-12-30,D2C,R_N,SKU_CC_500,C00208,,2.0,2.0,1600,fulfilled,2026-01-01,2026-01-01
O005660,2025-12-30,D2C,R_N,SKU_CC_500,C00953,,1.0,1.0,1600,fulfilled,2026-01-01,2026-01-01
O005690,2025-12-30,D2C,R_N,SKU_CC_500,C01261,,0.5,0.5,1600,fulfilled,2026-01-01,2026-01-01
O005691,2025-12-30,D2C,R_N,SKU_CC_500,C01252,,1.5,1.5,1600,fulfilled,2026-01-01,2026-01-01
O005698,2025-12-30,D2C,R_S,SKU_CC_500,C00907,,1.0,1.0,1600,fulfilled,2026-01-01,2026-01-01
O005716,2025-12-30,D2C,R_S,SKU_CC_500,C01424,,1.0,1.0,1600,fulfilled,2026-01-01,2026-01-01
O005720,2025-12-30,D2C,R_S,SKU_CC_500,C00022,,1.0,1.0,1600,fulfilled,2026-01-01,2026-01-01
O005721,2025-12-30,D2C,R_S,SKU_CC_500,C00489,,2.0,2.0,1600,fulfilled,2026-01-01,2026-01-01
O005728,2025-12-30,D2C,R_S,SKU_CC_500,C01062,,1.5,1.5,1600,fulfilled,2026-01-01,2026-01-01
O005656,2025-12-31,D2C,R_N,SKU_CC_500,C01146,,1.5,1.5,1600,fulfilled,2026-01-02,2026-01-02
O005672,2025-12-31,D2C,R_N,SKU_CC_500,C00227,,1.0,1.0,1600,fulfilled,2026-01-02,2026-01-02
O005699,2025-12-31,D2C,R_S,SKU_CC_500,C00385,,1.0,1.0,1600,fulfilled,2026-01-02,2026-01-02
O005700,2025-12-31,D2C,R_S,SKU_CC_500,C00420,,1.0,1.0,1600,fulfilled,2026-01-02,2026-01-02
O005702,2025-12-31,D2C,R_S,SKU_CC_500,C00349,,1.5,1.5,1600,fulfilled,2026-01-02,2026-01-02
O005705,2025-12-31,D2C,R_S,SKU_CC_500,C00946,,0.5,0.5,1600,fulfilled,2026-01-02,2026-01-02
O005724,2025-12-31,D2C,R_S,SKU_CC_500,C00193,,1.5,1.5,1600,fulfilled,2026-01-02,2026-01-02
O005725,2025-12-31,D2C,R_S,SKU_CC_500,C00556,,2.0,2.0,1600,fulfilled,2026-01-02,2026-01-02
O005643,2026-01-01,D2C,R_N,SKU_CC_500,C01030,,1.0,1.0,1600,fulfilled,2026-01-03,2026-01-03
O005644,2026-01-01,D2C,R_N,SKU_CC_500,C01123,,1.0,1.0,1600,fulfilled,2026-01-03,2026-01-03
O005649,2026-01-01,D2C,R_N,SKU_CC_500,C00553,,0.5,0.5,1600,fulfilled,2026-01-03,2026-01-03
O005651,2026-01-01,D2C,R_N,SKU_CC_500,C00836,,1.5,1.5,1600,fulfilled,2026-01-03,2026-01-03
O005657,2026-01-01,D2C,R_N,SKU_CC_500,C00479,,1.5,1.5,1600,fulfilled,2026-01-03,2026-01-03
O005659,2026-01-01,D2C,R_N,SKU_CC_500,C00604,,1.5,1.5,1600,fulfilled,2026-01-03,2026-01-03
O005663,2026-01-01,D2C,R_N,SKU_CC_500,C00267,,1.0,1.0,1600,fulfilled,2026-01-03,2026-01-03
O005671,2026-01-01,D2C,R_N,SKU_CC_500,C01327,,1.5,1.5,1600,fulfilled,2026-01-03,2026-01-03
O005676,2026-01-01,D2C,R_N,SKU_CC_500,C00082,,0.5,0.5,1600,fulfilled,2026-01-03,2026-01-03
O005682,2026-01-01,D2C,R_N,SKU_CC_500,C00915,,1.0,1.0,1600,fulfilled,2026-01-03,2026-01-03
O005688,2026-01-01,D2C,R_N,SKU_CC_500,C01119,,2.0,2.0,1600,fulfilled,2026-01-03,2026-01-03
O005693,2026-01-01,D2C,R_N,SKU_CC_500,C00819,,1.0,1.0,1600,fulfilled,2026-01-03,2026-01-03
O005694,2026-01-01,D2C,R_N,SKU_CC_500,C00633,,1.5,1.5,1600,fulfilled,2026-01-03,2026-01-03
O005708,2026-01-01,D2C,R_S,SKU_CC_500,C00025,,2.0,2.0,1600,fulfilled,2026-01-03,2026-01-03
O005711,2026-01-01,D2C,R_S,SKU_CC_500,C00439,,1.5,1.5,1600,fulfilled,2026-01-03,2026-01-03
O005719,2026-01-01,D2C,R_S,SKU_CC_500,C01242,,0.5,0.5,1600,fulfilled,2026-01-03,2026-01-03
O005642,2026-01-02,D2C,R_N,SKU_CC_500,C00966,,2.0,2.0,1600,fulfilled,2026-01-04,2026-01-04
O005648,2026-01-02,D2C,R_N,SKU_CC_500,C01135,,2.0,2.0,1600,fulfilled,2026-01-04,2026-01-04
O005653,2026-01-02,D2C,R_N,SKU_CC_500,C00196,,2.0,2.0,1600,fulfilled,2026-01-04,2026-01-04
O005655,2026-01-02,D2C,R_N,SKU_CC_500,C00236,,1.0,1.0,1600,fulfilled,2026-01-04,2026-01-04
O005662,2026-01-02,D2C,R_N,SKU_CC_500,C01394,,1.0,1.0,1600,fulfilled,2026-01-04,2026-01-04
O005664,2026-01-02,D2C,R_N,SKU_CC_500,C00961,,0.5,0.5,1600,fulfilled,2026-01-04,2026-01-04
O005667,2026-01-02,D2C,R_N,SKU_CC_500,C00569,,0.5,0.5,1600,fulfilled,2026-01-04,2026-01-04
O005683,2026-01-02,D2C,R_N,SKU_CC_500,C01326,,1.0,1.0,1600,fulfilled,2026-01-04,2026-01-04
O005692,2026-01-02,D2C,R_N,SKU_CC_500,C00834,,1.0,1.0,1600,fulfilled,2026-01-04,2026-01-04
O005703,2026-01-02,D2C,R_S,SKU_CC_500,C00763,,1.5,1.5,1600,fulfilled,2026-01-04,2026-01-04
O005709,2026-01-02,D2C,R_S,SKU_CC_500,C01089,,0.5,0.5,1600,fulfilled,2026-01-04,2026-01-04
O005710,2026-01-02,D2C,R_S,SKU_CC_500,C00090,,0.5,0.5,1600,fulfilled,2026-01-04,2026-01-04
O005712,2026-01-02,D2C,R_S,SKU_CC_500,C00138,,1.0,1.0,1600,fulfilled,2026-01-04,2026-01-04
O005713,2026-01-02,D2C,R_S,SKU_CC_500,C00373,,1.0,1.0,1600,fulfilled,2026-01-04,2026-01-04
O005714,2026-01-02,D2C,R_S,SKU_CC_500,C01255,,2.0,2.0,1600,fulfilled,2026-01-04,2026-01-04
O005647,2026-01-03,D2C,R_N,SKU_CC_500,C00599,,1.0,1.0,1600,fulfilled,2026-01-05,2026-01-05
O005654,2026-01-03,D2C,R_N,SKU_CC_500,C00015,,1.5,1.5,1600,fulfilled,2026-01-05,2026-01-05
O005665,2026-01-03,D2C,R_N,SKU_CC_500,C00015,,1.5,1.5,1600,fulfilled,2026-01-05,2026-01-05
O005670,2026-01-03,D2C,R_N,SKU_CC_500,C01403,,0.5,0.5,1600,fulfilled,2026-01-05,2026-01-05
O005673,2026-01-03,D2C,R_N,SKU_CC_500,C00137,,0.5,0.5,1600,fulfilled,2026-01-05,2026-01-05
O005677,2026-01-03,D2C,R_N,SKU_CC_500,C00469,,0.5,0.5,1600,fulfilled,2026-01-05,2026-01-05
O005678,2026-01-03,D2C,R_N,SKU_CC_500,C00082,,0.5,0.5,1600,fulfilled,2026-01-05,2026-01-05
O005680,2026-01-03,D2C,R_N,SKU_CC_500,C01343,,1.5,1.5,1600,fulfilled,2026-01-05,2026-01-05
O005685,2026-01-03,D2C,R_N,SKU_CC_500,C00577,,1.5,1.5,1600,fulfilled,2026-01-05,2026-01-05
O005686,2026-01-03,D2C,R_N,SKU_CC_500,C00458,,2.0,2.0,1600,fulfilled,2026-01-05,2026-01-05
O005695,2026-01-03,D2C,R_N,SKU_CC_500,C00248,,2.0,2.0,1600,fulfilled,2026-01-05,2026-01-05
O005707,2026-01-03,D2C,R_S,SKU_CC_500,C01386,,0.5,0.5,1600,fulfilled,2026-01-05,2026-01-05
O005717,2026-01-03,D2C,R_S,SKU_CC_500,C00623,,1.0,1.0,1600,fulfilled,2026-01-05,2026-01-05
O005718,2026-01-03,D2C,R_S,SKU_CC_500,C01126,,1.0,1.0,1600,fulfilled,2026-01-05,2026-01-05
O005641,2026-01-04,D2C,R_N,SKU_CC_500,C01081,,2.0,2.0,1600,fulfilled,2026-01-06,2026-01-06
O005666,2026-01-04,D2C,R_N,SKU_CC_500,C01186,,1.5,1.5,1600,fulfilled,2026-01-06,2026-01-06
O005679,2026-01-04,D2C,R_N,SKU_CC_500,C00900,,2.0,2.0,1600,fulfilled,2026-01-06,2026-01-06
O005704,2026-01-04,D2C,R_S,SKU_CC_500,C00919,,2.0,2.0,1600,fulfilled,2026-01-06,2026-01-06
O005729,2026-01-04,D2C,R_S,SKU_CC_500,C00736,,1.0,1.0,1600,fulfilled,2026-01-06,2026-01-06
O005731,2026-01-05,D2C,R_N,SKU_CC_500,C00551,,2.0,2.0,1600,fulfilled,2026-01-07,2026-01-07
O005732,2026-01-05,D2C,R_N,SKU_CC_500,C00465,,1.0,1.0,1600,fulfilled,2026-01-07,2026-01-07
O005755,2026-01-05,D2C,R_N,SKU_CC_500,C01352,,1.5,1.5,1600,fulfilled,2026-01-07,2026-01-07
O005756,2026-01-05,D2C,R_N,SKU_CC_500,C00979,,1.0,1.0,1600,fulfilled,2026-01-07,2026-01-07
O005758,2026-01-05,D2C,R_N,SKU_CC_500,C00319,,0.5,0.5,1600,fulfilled,2026-01-07,2026-01-07
O005762,2026-01-05,D2C,R_N,SKU_CC_500,C01146,,1.5,1.5,1600,fulfilled,2026-01-07,2026-01-07
O005783,2026-01-05,D2C,R_N,SKU_CC_500,C00317,,1.5,1.5,1600,fulfilled,2026-01-07,2026-01-07
O005789,2026-01-05,D2C,R_S,SKU_CC_500,C00506,,0.5,0.5,1600,fulfilled,2026-01-07,2026-01-07
O005805,2026-01-05,D2C,R_S,SKU_CC_500,C00931,,2.0,2.0,1600,fulfilled,2026-01-07,2026-01-07
O005808,2026-01-05,D2C,R_S,SKU_CC_500,C01387,,1.5,1.5,1600,fulfilled,2026-01-07,2026-01-07
O005817,2026-01-05,D2C,R_S,SKU_CC_500,C01373,,1.0,1.0,1600,fulfilled,2026-01-07,2026-01-07
O005818,2026-01-05,D2C,R_S,SKU_CC_500,C00817,,0.5,0.5,1600,fulfilled,2026-01-07,2026-01-07
O006299,2026-01-05,B2B,R_N,SKU_CC_500,,ACC_DIST,95.9,95.9,1250,fulfilled,2026-01-08,2026-01-08
O006400,2026-01-05,B2B,R_S,SKU_CC_500,,ACC_REST,19.0,19.0,1400,fulfilled,2026-01-08,2026-01-08
O005738,2026-01-06,D2C,R_N,SKU_CC_500,C01143,,1.0,1.0,1600,fulfilled,2026-01-08,2026-01-08
O005740,2026-01-06,D2C,R_N,SKU_CC_500,C00277,,1.0,1.0,1600,fulfilled,2026-01-08,2026-01-08
O005745,2026-01-06,D2C,R_N,SKU_CC_500,C00119,,1.0,1.0,1600,fulfilled,2026-01-08,2026-01-08
O005749,2026-01-06,D2C,R_N,SKU_CC_500,C00822,,0.5,0.5,1600,fulfilled,2026-01-08,2026-01-08
O005757,2026-01-06,D2C,R_N,SKU_CC_500,C01417,,1.0,1.0,1600,fulfilled,2026-01-08,2026-01-08
O005770,2026-01-06,D2C,R_N,SKU_CC_500,C00043,,1.0,1.0,1600,fulfilled,2026-01-08,2026-01-08
O005774,2026-01-06,D2C,R_N,SKU_CC_500,C00669,,0.5,0.5,1600,fulfilled,2026-01-08,2026-01-08
O005778,2026-01-06,D2C,R_N,SKU_CC_500,C01083,,2.0,2.0,1600,fulfilled,2026-01-08,2026-01-08
O005779,2026-01-06,D2C,R_N,SKU_CC_500,C00235,,1.5,1.5,1600,fulfilled,2026-01-08,2026-01-08
O005788,2026-01-06,D2C,R_S,SKU_CC_500,C01320,,2.0,2.0,1600,fulfilled,2026-01-08,2026-01-08
O005806,2026-01-06,D2C,R_S,SKU_CC_500,C01178,,1.5,1.5,1600,fulfilled,2026-01-08,2026-01-08
O005810,2026-01-06,D2C,R_S,SKU_CC_500,C00204,,2.0,2.0,1600,fulfilled,2026-01-08,2026-01-08
O005733,2026-01-07,D2C,R_N,SKU_CC_500,C00054,,2.0,2.0,1600,fulfilled,2026-01-09,2026-01-09
O005734,2026-01-07,D2C,R_N,SKU_CC_500,C00676,,1.5,1.5,1600,fulfilled,2026-01-09,2026-01-09
O005747,2026-01-07,D2C,R_N,SKU_CC_500,C00366,,0.5,0.5,1600,fulfilled,2026-01-09,2026-01-09
O005748,2026-01-07,D2C,R_N,SKU_CC_500,C00664,,0.5,0.5,1600,fulfilled,2026-01-09,2026-01-09
O005753,2026-01-07,D2C,R_N,SKU_CC_500,C00132,,0.5,0.5,1600,fulfilled,2026-01-09,2026-01-09
O005754,2026-01-07,D2C,R_N,SKU_CC_500,C00805,,1.5,1.5,1600,fulfilled,2026-01-09,2026-01-09
O005760,2026-01-07,D2C,R_N,SKU_CC_500,C00668,,2.0,2.0,1600,fulfilled,2026-01-09,2026-01-09
O005764,2026-01-07,D2C,R_N,SKU_CC_500,C00968,,0.5,0.5,1600,fulfilled,2026-01-09,2026-01-09
O005768,2026-01-07,D2C,R_N,SKU_CC_500,C01183,,2.0,2.0,1600,fulfilled,2026-01-09,2026-01-09
O005771,2026-01-07,D2C,R_N,SKU_CC_500,C00121,,2.0,2.0,1600,fulfilled,2026-01-09,2026-01-09
O005773,2026-01-07,D2C,R_N,SKU_CC_500,C00485,,1.0,1.0,1600,fulfilled,2026-01-09,2026-01-09
O005800,2026-01-07,D2C,R_S,SKU_CC_500,C00179,,1.5,1.5,1600,fulfilled,2026-01-09,2026-01-09
O005801,2026-01-07,D2C,R_S,SKU_CC_500,C00973,,1.5,1.5,1600,fulfilled,2026-01-09,2026-01-09
O005802,2026-01-07,D2C,R_S,SKU_CC_500,C00151,,2.0,2.0,1600,fulfilled,2026-01-09,2026-01-09
O005819,2026-01-07,D2C,R_S,SKU_CC_500,C00623,,2.0,2.0,1600,fulfilled,2026-01-09,2026-01-09
O005820,2026-01-07,D2C,R_S,SKU_CC_500,C00878,,0.5,0.5,1600,fulfilled,2026-01-09,2026-01-09
O005736,2026-01-08,D2C,R_N,SKU_CC_500,C00910,,1.5,1.5,1600,fulfilled,2026-01-10,2026-01-10
O005751,2026-01-08,D2C,R_N,SKU_CC_500,C00107,,2.0,2.0,1600,fulfilled,2026-01-10,2026-01-10
O005769,2026-01-08,D2C,R_N,SKU_CC_500,C00913,,2.0,2.0,1600,fulfilled,2026-01-10,2026-01-10
O005776,2026-01-08,D2C,R_N,SKU_CC_500,C01417,,0.5,0.5,1600,fulfilled,2026-01-10,2026-01-10
O005780,2026-01-08,D2C,R_N,SKU_CC_500,C01120,,1.0,1.0,1600,fulfilled,2026-01-10,2026-01-10
O005784,2026-01-08,D2C,R_N,SKU_CC_500,C01340,,1.5,1.5,1600,fulfilled,2026-01-10,2026-01-10
O005792,2026-01-08,D2C,R_S,SKU_CC_500,C01100,,1.0,1.0,1600,fulfilled,2026-01-10,2026-01-10
O005794,2026-01-08,D2C,R_S,SKU_CC_500,C00593,,1.5,1.5,1600,fulfilled,2026-01-10,2026-01-10
O005795,2026-01-08,D2C,R_S,SKU_CC_500,C00946,,2.0,2.0,1600,fulfilled,2026-01-10,2026-01-10
O005797,2026-01-08,D2C,R_S,SKU_CC_500,C01166,,1.5,1.5,1600,fulfilled,2026-01-10,2026-01-10
O005803,2026-01-08,D2C,R_S,SKU_CC_500,C01216,,0.5,0.5,1600,fulfilled,2026-01-10,2026-01-10
O005804,2026-01-08,D2C,R_S,SKU_CC_500,C00801,,0.5,0.5,1600,fulfilled,2026-01-10,2026-01-10
O005809,2026-01-08,D2C,R_S,SKU_CC_500,C00233,,1.5,1.5,1600,fulfilled,2026-01-10,2026-01-10
O005811,2026-01-08,D2C,R_S,SKU_CC_500,C00025,,1.0,1.0,1600,fulfilled,2026-01-10,2026-01-10
O005812,2026-01-08,D2C,R_S,SKU_CC_500,C00021,,2.0,2.0,1600,fulfilled,2026-01-10,2026-01-10
O005814,2026-01-08,D2C,R_S,SKU_CC_500,C00089,,0.5,0.5,1600,fulfilled,2026-01-10,2026-01-10
O005737,2026-01-09,D2C,R_N,SKU_CC_500,C00175,,0.5,0.5,1600,fulfilled,2026-01-11,2026-01-11
O005744,2026-01-09,D2C,R_N,SKU_CC_500,C00900,,1.0,1.0,1600,fulfilled,2026-01-11,2026-01-11
O005746,2026-01-09,D2C,R_N,SKU_CC_500,C01314,,0.5,0.5,1600,fulfilled,2026-01-11,2026-01-11
O005787,2026-01-09,D2C,R_N,SKU_CC_500,C01106,,2.0,2.0,1600,fulfilled,2026-01-11,2026-01-11
O005790,2026-01-09,D2C,R_S,SKU_CC_500,C00791,,1.5,1.5,1600,fulfilled,2026-01-11,2026-01-11
O005791,2026-01-09,D2C,R_S,SKU_CC_500,C00879,,0.5,0.5,1600,fulfilled,2026-01-11,2026-01-11
O005815,2026-01-09,D2C,R_S,SKU_CC_500,C01021,,0.5,0.5,1600,fulfilled,2026-01-11,2026-01-11
O005739,2026-01-10,D2C,R_N,SKU_CC_500,C00926,,1.5,1.5,1600,fulfilled,2026-01-12,2026-01-12
O005741,2026-01-10,D2C,R_N,SKU_CC_500,C00365,,1.5,1.5,1600,fulfilled,2026-01-12,2026-01-12
O005743,2026-01-10,D2C,R_N,SKU_CC_500,C01044,,1.5,1.5,1600,fulfilled,2026-01-12,2026-01-12
O005750,2026-01-10,D2C,R_N,SKU_CC_500,C00980,,1.5,1.5,1600,fulfilled,2026-01-12,2026-01-12
O005761,2026-01-10,D2C,R_N,SKU_CC_500,C00084,,0.5,0.5,1600,fulfilled,2026-01-12,2026-01-12
O005765,2026-01-10,D2C,R_N,SKU_CC_500,C00564,,1.5,1.5,1600,fulfilled,2026-01-12,2026-01-12
O005772,2026-01-10,D2C,R_N,SKU_CC_500,C00106,,1.5,1.5,1600,fulfilled,2026-01-12,2026-01-12
O005775,2026-01-10,D2C,R_N,SKU_CC_500,C00942,,1.0,1.0,1600,fulfilled,2026-01-12,2026-01-12
O005777,2026-01-10,D2C,R_N,SKU_CC_500,C00132,,0.5,0.5,1600,fulfilled,2026-01-12,2026-01-12
O005781,2026-01-10,D2C,R_N,SKU_CC_500,C00646,,0.5,0.5,1600,fulfilled,2026-01-12,2026-01-12
O005785,2026-01-10,D2C,R_N,SKU_CC_500,C01032,,0.5,0.5,1600,fulfilled,2026-01-12,2026-01-12
O005786,2026-01-10,D2C,R_N,SKU_CC_500,C00479,,1.0,1.0,1600,fulfilled,2026-01-12,2026-01-12
O005796,2026-01-10,D2C,R_S,SKU_CC_500,C00625,,1.5,1.5,1600,fulfilled,2026-01-12,2026-01-12
O005799,2026-01-10,D2C,R_S,SKU_CC_500,C01179,,2.0,2.0,1600,fulfilled,2026-01-12,2026-01-12
O005807,2026-01-10,D2C,R_S,SKU_CC_500,C00141,,1.5,1.5,1600,fulfilled,2026-01-12,2026-01-12
O005735,2026-01-11,D2C,R_N,SKU_CC_500,C00364,,2.0,2.0,1600,fulfilled,2026-01-13,2026-01-13
O005742,2026-01-11,D2C,R_N,SKU_CC_500,C01059,,1.5,1.5,1600,fulfilled,2026-01-13,2026-01-13
O005752,2026-01-11,D2C,R_N,SKU_CC_500,C01251,,2.0,2.0,1600,fulfilled,2026-01-13,2026-01-13
O005759,2026-01-11,D2C,R_N,SKU_CC_500,C00410,,1.0,1.0,1600,fulfilled,2026-01-13,2026-01-13
O005763,2026-01-11,D2C,R_N,SKU_CC_500,C00845,,0.5,0.5,1600,fulfilled,2026-01-13,2026-01-13
O005766,2026-01-11,D2C,R_N,SKU_CC_500,C00111,,1.5,1.5,1600,fulfilled,2026-01-13,2026-01-13
O005767,2026-01-11,D2C,R_N,SKU_CC_500,C00717,,1.0,1.0,1600,fulfilled,2026-01-13,2026-01-13
O005782,2026-01-11,D2C,R_N,SKU_CC_500,C01041,,2.0,2.0,1600,fulfilled,2026-01-13,2026-01-13
O005793,2026-01-11,D2C,R_S,SKU_CC_500,C00271,,2.0,2.0,1600,fulfilled,2026-01-13,2026-01-13
O005798,2026-01-11,D2C,R_S,SKU_CC_500,C00166,,1.5,1.5,1600,fulfilled,2026-01-13,2026-01-13
O005813,2026-01-11,D2C,R_S,SKU_CC_500,C00386,,1.0,1.0,1600,fulfilled,2026-01-13,2026-01-13
O005816,2026-01-11,D2C,R_S,SKU_CC_500,C00282,,1.5,1.5,1600,fulfilled,2026-01-13,2026-01-13
O005825,2026-01-12,D2C,R_N,SKU_CC_500,C01293,,1.0,1.0,1600,fulfilled,2026-01-14,2026-01-14
O005827,2026-01-12,D2C,R_N,SKU_CC_500,C01381,,2.0,2.0,1600,fulfilled,2026-01-14,2026-01-14
O005828,2026-01-12,D2C,R_N,SKU_CC_500,C00579,,2.0,2.0,1600,fulfilled,2026-01-14,2026-01-14
O005833,2026-01-12,D2C,R_N,SKU_CC_500,C01186,,1.0,1.0,1600,fulfilled,2026-01-14,2026-01-14
O005837,2026-01-12,D2C,R_N,SKU_CC_500,C00084,,1.5,1.5,1600,fulfilled,2026-01-14,2026-01-14
O005838,2026-01-12,D2C,R_N,SKU_CC_500,C00665,,0.5,0.5,1600,fulfilled,2026-01-14,2026-01-14
O005840,2026-01-12,D2C,R_N,SKU_CC_500,C00513,,1.5,1.5,1600,fulfilled,2026-01-14,2026-01-14
O005843,2026-01-12,D2C,R_N,SKU_CC_500,C00577,,0.5,0.5,1600,fulfilled,2026-01-14,2026-01-14
O005847,2026-01-12,D2C,R_N,SKU_CC_500,C00772,,1.0,1.0,1600,fulfilled,2026-01-14,2026-01-14
O005863,2026-01-12,D2C,R_N,SKU_CC_500,C00759,,2.0,2.0,1600,fulfilled,2026-01-14,2026-01-14
O005865,2026-01-12,D2C,R_N,SKU_CC_500,C00433,,1.5,1.5,1600,fulfilled,2026-01-14,2026-01-14
O005866,2026-01-12,D2C,R_N,SKU_CC_500,C01016,,1.5,1.5,1600,fulfilled,2026-01-14,2026-01-14
O005867,2026-01-12,D2C,R_N,SKU_CC_500,C00662,,1.0,1.0,1600,fulfilled,2026-01-14,2026-01-14
O005872,2026-01-12,D2C,R_N,SKU_CC_500,C01380,,1.0,1.0,1600,fulfilled,2026-01-14,2026-01-14
O005874,2026-01-12,D2C,R_N,SKU_CC_500,C00033,,0.5,0.5,1600,fulfilled,2026-01-14,2026-01-14
O005881,2026-01-12,D2C,R_S,SKU_CC_500,C00178,,2.0,2.0,1600,fulfilled,2026-01-14,2026-01-14
O005888,2026-01-12,D2C,R_S,SKU_CC_500,C01128,,1.5,1.5,1600,fulfilled,2026-01-14,2026-01-14
O005908,2026-01-12,D2C,R_S,SKU_CC_500,C00957,,0.5,0.5,1600,fulfilled,2026-01-14,2026-01-14
O006300,2026-01-12,B2B,R_N,SKU_CC_500,,ACC_DIST,74.8,74.8,1250,fulfilled,2026-01-15,2026-01-15
O006401,2026-01-12,B2B,R_S,SKU_CC_500,,ACC_REST,17.9,17.9,1400,fulfilled,2026-01-15,2026-01-15
O005822,2026-01-13,D2C,R_N,SKU_CC_500,C01046,,1.0,1.0,1600,fulfilled,2026-01-15,2026-01-15
O005829,2026-01-13,D2C,R_N,SKU_CC_500,C00598,,0.5,0.5,1600,fulfilled,2026-01-15,2026-01-15
O005830,2026-01-13,D2C,R_N,SKU_CC_500,C01316,,1.5,1.5,1600,fulfilled,2026-01-15,2026-01-15
O005841,2026-01-13,D2C,R_N,SKU_CC_500,C00682,,1.5,1.5,1600,fulfilled,2026-01-15,2026-01-15
O005849,2026-01-13,D2C,R_N,SKU_CC_500,C00548,,1.0,1.0,1600,fulfilled,2026-01-15,2026-01-15
O005851,2026-01-13,D2C,R_N,SKU_CC_500,C00215,,1.5,1.5,1600,fulfilled,2026-01-15,2026-01-15
O005856,2026-01-13,D2C,R_N,SKU_CC_500,C01405,,1.0,1.0,1600,fulfilled,2026-01-15,2026-01-15
O005868,2026-01-13,D2C,R_N,SKU_CC_500,C01196,,1.0,1.0,1600,fulfilled,2026-01-15,2026-01-15
O005870,2026-01-13,D2C,R_N,SKU_CC_500,C01135,,0.5,0.5,1600,fulfilled,2026-01-15,2026-01-15
O005871,2026-01-13,D2C,R_N,SKU_CC_500,C01288,,1.0,1.0,1600,fulfilled,2026-01-15,2026-01-15
O005878,2026-01-13,D2C,R_N,SKU_CC_500,C01013,,2.0,2.0,1600,fulfilled,2026-01-15,2026-01-15
O005890,2026-01-13,D2C,R_S,SKU_CC_500,C01153,,1.0,1.0,1600,fulfilled,2026-01-15,2026-01-15
O005894,2026-01-13,D2C,R_S,SKU_CC_500,C00036,,1.0,1.0,1600,fulfilled,2026-01-15,2026-01-15
O005896,2026-01-13,D2C,R_S,SKU_CC_500,C00802,,0.5,0.5,1600,fulfilled,2026-01-15,2026-01-15
O005897,2026-01-13,D2C,R_S,SKU_CC_500,C01411,,1.5,1.5,1600,fulfilled,2026-01-15,2026-01-15
O005906,2026-01-13,D2C,R_S,SKU_CC_500,C01038,,1.0,1.0,1600,fulfilled,2026-01-15,2026-01-15
O005844,2026-01-14,D2C,R_N,SKU_CC_500,C00496,,2.0,2.0,1600,fulfilled,2026-01-16,2026-01-16
O005848,2026-01-14,D2C,R_N,SKU_CC_500,C00554,,2.0,2.0,1600,fulfilled,2026-01-16,2026-01-16
O005854,2026-01-14,D2C,R_N,SKU_CC_500,C01130,,1.0,1.0,1600,fulfilled,2026-01-16,2026-01-16
O005857,2026-01-14,D2C,R_N,SKU_CC_500,C00266,,1.0,1.0,1600,fulfilled,2026-01-16,2026-01-16
O005886,2026-01-14,D2C,R_S,SKU_CC_500,C00944,,0.5,0.5,1600,fulfilled,2026-01-16,2026-01-16
O005891,2026-01-14,D2C,R_S,SKU_CC_500,C01437,,2.0,2.0,1600,fulfilled,2026-01-16,2026-01-16
O005895,2026-01-14,D2C,R_S,SKU_CC_500,C00735,,2.0,2.0,1600,fulfilled,2026-01-16,2026-01-16
O005898,2026-01-14,D2C,R_S,SKU_CC_500,C00522,,0.5,0.5,1600,fulfilled,2026-01-16,2026-01-16
O005907,2026-01-14,D2C,R_S,SKU_CC_500,C01428,,0.5,0.5,1600,fulfilled,2026-01-16,2026-01-16
O005910,2026-01-14,D2C,R_S,SKU_CC_500,C01414,,1.5,1.5,1600,fulfilled,2026-01-16,2026-01-16
O005845,2026-01-15,D2C,R_N,SKU_CC_500,C00924,,1.0,1.0,1600,fulfilled,2026-01-17,2026-01-17
O005860,2026-01-15,D2C,R_N,SKU_CC_500,C00182,,2.0,2.0,1600,fulfilled,2026-01-17,2026-01-17
O005862,2026-01-15,D2C,R_N,SKU_CC_500,C00499,,1.0,1.0,1600,fulfilled,2026-01-17,2026-01-17
O005873,2026-01-15,D2C,R_N,SKU_CC_500,C01121,,1.0,1.0,1600,fulfilled,2026-01-17,2026-01-17
O005879,2026-01-15,D2C,R_S,SKU_CC_500,C00540,,1.5,1.5,1600,fulfilled,2026-01-17,2026-01-17
O005883,2026-01-15,D2C,R_S,SKU_CC_500,C01362,,2.0,2.0,1600,fulfilled,2026-01-17,2026-01-17
O005884,2026-01-15,D2C,R_S,SKU_CC_500,C01100,,1.5,1.5,1600,fulfilled,2026-01-17,2026-01-17
O005893,2026-01-15,D2C,R_S,SKU_CC_500,C00088,,2.0,2.0,1600,fulfilled,2026-01-17,2026-01-17
O005899,2026-01-15,D2C,R_S,SKU_CC_500,C00722,,0.5,0.5,1600,fulfilled,2026-01-17,2026-01-17
O005905,2026-01-15,D2C,R_S,SKU_CC_500,C01400,,0.5,0.5,1600,fulfilled,2026-01-17,2026-01-17
O005912,2026-01-15,D2C,R_S,SKU_CC_500,C01050,,1.0,1.0,1600,fulfilled,2026-01-17,2026-01-17
O005821,2026-01-16,D2C,R_N,SKU_CC_500,C00548,,2.0,2.0,1600,fulfilled,2026-01-18,2026-01-18
O005826,2026-01-16,D2C,R_N,SKU_CC_500,C01006,,2.0,2.0,1600,fulfilled,2026-01-18,2026-01-18
O005831,2026-01-16,D2C,R_N,SKU_CC_500,C00332,,1.5,1.5,1600,fulfilled,2026-01-18,2026-01-18
O005839,2026-01-16,D2C,R_N,SKU_CC_500,C00897,,2.0,2.0,1600,fulfilled,2026-01-18,2026-01-18
O005853,2026-01-16,D2C,R_N,SKU_CC_500,C00929,,2.0,2.0,1600,fulfilled,2026-01-18,2026-01-18
O005855,2026-01-16,D2C,R_N,SKU_CC_500,C01004,,1.5,1.5,1600,fulfilled,2026-01-18,2026-01-18
O005861,2026-01-16,D2C,R_N,SKU_CC_500,C00498,,1.0,1.0,1600,fulfilled,2026-01-18,2026-01-18
O005864,2026-01-16,D2C,R_N,SKU_CC_500,C00452,,1.0,1.0,1600,fulfilled,2026-01-18,2026-01-18
O005869,2026-01-16,D2C,R_N,SKU_CC_500,C00859,,1.0,1.0,1600,fulfilled,2026-01-18,2026-01-18
O005875,2026-01-16,D2C,R_N,SKU_CC_500,C00694,,2.0,2.0,1600,fulfilled,2026-01-18,2026-01-18
O005876,2026-01-16,D2C,R_N,SKU_CC_500,C00753,,2.0,2.0,1600,fulfilled,2026-01-18,2026-01-18
O005885,2026-01-16,D2C,R_S,SKU_CC_500,C00802,,2.0,2.0,1600,fulfilled,2026-01-18,2026-01-18
O005901,2026-01-16,D2C,R_S,SKU_CC_500,C01362,,1.0,1.0,1600,fulfilled,2026-01-18,2026-01-18
O005909,2026-01-16,D2C,R_S,SKU_CC_500,C01061,,0.5,0.5,1600,fulfilled,2026-01-18,2026-01-18
O005911,2026-01-16,D2C,R_S,SKU_CC_500,C01138,,1.5,1.5,1600,fulfilled,2026-01-18,2026-01-18
O005823,2026-01-17,D2C,R_N,SKU_CC_500,C00692,,0.5,0.5,1600,fulfilled,2026-01-19,2026-01-19
O005835,2026-01-17,D2C,R_N,SKU_CC_500,C00052,,1.5,1.5,1600,fulfilled,2026-01-19,2026-01-19
O005836,2026-01-17,D2C,R_N,SKU_CC_500,C01442,,1.5,1.5,1600,fulfilled,2026-01-19,2026-01-19
O005842,2026-01-17,D2C,R_N,SKU_CC_500,C01431,,0.5,0.5,1600,fulfilled,2026-01-19,2026-01-19
O005846,2026-01-17,D2C,R_N,SKU_CC_500,C00978,,2.0,2.0,1600,fulfilled,2026-01-19,2026-01-19
O005850,2026-01-17,D2C,R_N,SKU_CC_500,C00938,,2.0,2.0,1600,fulfilled,2026-01-19,2026-01-19
O005882,2026-01-17,D2C,R_S,SKU_CC_500,C00867,,1.0,1.0,1600,fulfilled,2026-01-19,2026-01-19
O005900,2026-01-17,D2C,R_S,SKU_CC_500,C00908,,1.5,1.5,1600,fulfilled,2026-01-19,2026-01-19
O005903,2026-01-17,D2C,R_S,SKU_CC_500,C00308,,1.5,1.5,1600,fulfilled,2026-01-19,2026-01-19
O005904,2026-01-17,D2C,R_S,SKU_CC_500,C01425,,1.0,1.0,1600,fulfilled,2026-01-19,2026-01-19
O005824,2026-01-18,D2C,R_N,SKU_CC_500,C00849,,1.0,1.0,1600,fulfilled,2026-01-20,2026-01-20
O005832,2026-01-18,D2C,R_N,SKU_CC_500,C00911,,1.5,1.5,1600,fulfilled,2026-01-20,2026-01-20
O005834,2026-01-18,D2C,R_N,SKU_CC_500,C00370,,1.5,1.5,1600,fulfilled,2026-01-20,2026-01-20
O005852,2026-01-18,D2C,R_N,SKU_CC_500,C01395,,2.0,2.0,1600,fulfilled,2026-01-20,2026-01-20
O005858,2026-01-18,D2C,R_N,SKU_CC_500,C00031,,1.0,1.0,1600,fulfilled,2026-01-20,2026-01-20
O005859,2026-01-18,D2C,R_N,SKU_CC_500,C00264,,2.0,2.0,1600,fulfilled,2026-01-20,2026-01-20
O005877,2026-01-18,D2C,R_N,SKU_CC_500,C00446,,1.0,1.0,1600,fulfilled,2026-01-20,2026-01-20
O005880,2026-01-18,D2C,R_S,SKU_CC_500,C01220,,2.0,2.0,1600,fulfilled,2026-01-20,2026-01-20
O005887,2026-01-18,D2C,R_S,SKU_CC_500,C00406,,0.5,0.5,1600,fulfilled,2026-01-20,2026-01-20
O005889,2026-01-18,D2C,R_S,SKU_CC_500,C01285,,2.0,2.0,1600,fulfilled,2026-01-20,2026-01-20
O005892,2026-01-18,D2C,R_S,SKU_CC_500,C00842,,0.5,0.5,1600,fulfilled,2026-01-20,2026-01-20
O005902,2026-01-18,D2C,R_S,SKU_CC_500,C00457,,0.5,0.5,1600,fulfilled,2026-01-20,2026-01-20
O005920,2026-01-19,D2C,R_N,SKU_CC_500,C00091,,0.5,0.5,1600,fulfilled,2026-01-21,2026-01-21
O005928,2026-01-19,D2C,R_N,SKU_CC_500,C01460,,1.0,1.0,1600,fulfilled,2026-01-21,2026-01-21
O005937,2026-01-19,D2C,R_N,SKU_CC_500,C00367,,2.0,2.0,1600,fulfilled,2026-01-21,2026-01-21
O005948,2026-01-19,D2C,R_N,SKU_CC_500,C00484,,2.0,2.0,1600,fulfilled,2026-01-21,2026-01-21
O005967,2026-01-19,D2C,R_N,SKU_CC_500,C00121,,1.5,1.5,1600,fulfilled,2026-01-21,2026-01-21
O005972,2026-01-19,D2C,R_S,SKU_CC_500,C00921,,2.0,2.0,1600,fulfilled,2026-01-21,2026-01-21
O005974,2026-01-19,D2C,R_S,SKU_CC_500,C00525,,0.5,0.5,1600,fulfilled,2026-01-21,2026-01-21
O005989,2026-01-19,D2C,R_S,SKU_CC_500,C00322,,1.0,1.0,1600,fulfilled,2026-01-21,2026-01-21
O005998,2026-01-19,D2C,R_S,SKU_CC_500,C00816,,1.0,1.0,1600,fulfilled,2026-01-21,2026-01-21
O006003,2026-01-19,D2C,R_S,SKU_CC_500,C01073,,2.0,2.0,1600,fulfilled,2026-01-21,2026-01-21
O006301,2026-01-19,B2B,R_N,SKU_CC_500,,ACC_DIST,105.1,105.1,1250,fulfilled,2026-01-22,2026-01-22
O006402,2026-01-19,B2B,R_S,SKU_CC_500,,ACC_REST,20.9,20.9,1400,fulfilled,2026-01-22,2026-01-22
O005921,2026-01-20,D2C,R_N,SKU_CC_500,C00928,,2.0,2.0,1600,fulfilled,2026-01-22,2026-01-22
O005941,2026-01-20,D2C,R_N,SKU_CC_500,C01001,,1.5,1.5,1600,fulfilled,2026-01-22,2026-01-22
O005947,2026-01-20,D2C,R_N,SKU_CC_500,C00483,,0.5,0.5,1600,fulfilled,2026-01-22,2026-01-22
O005952,2026-01-20,D2C,R_N,SKU_CC_500,C00084,,0.5,0.5,1600,fulfilled,2026-01-22,2026-01-22
O005954,2026-01-20,D2C,R_N,SKU_CC_500,C00862,,1.0,1.0,1600,fulfilled,2026-01-22,2026-01-22
O005963,2026-01-20,D2C,R_N,SKU_CC_500,C00695,,0.5,0.5,1600,fulfilled,2026-01-22,2026-01-22
O005965,2026-01-20,D2C,R_N,SKU_CC_500,C00935,,1.5,1.5,1600,fulfilled,2026-01-22,2026-01-22
O005968,2026-01-20,D2C,R_N,SKU_CC_500,C00546,,1.0,1.0,1600,fulfilled,2026-01-22,2026-01-22
O005977,2026-01-20,D2C,R_S,SKU_CC_500,C00103,,0.5,0.5,1600,fulfilled,2026-01-22,2026-01-22
O005983,2026-01-20,D2C,R_S,SKU_CC_500,C00505,,1.5,1.5,1600,fulfilled,2026-01-22,2026-01-22
O005984,2026-01-20,D2C,R_S,SKU_CC_500,C01258,,1.0,1.0,1600,fulfilled,2026-01-22,2026-01-22
O005988,2026-01-20,D2C,R_S,SKU_CC_500,C00541,,2.0,2.0,1600,fulfilled,2026-01-22,2026-01-22
O005917,2026-01-21,D2C,R_N,SKU_CC_500,C01040,,2.0,2.0,1600,fulfilled,2026-01-23,2026-01-23
O005919,2026-01-21,D2C,R_N,SKU_CC_500,C01212,,0.5,0.5,1600,fulfilled,2026-01-23,2026-01-23
O005923,2026-01-21,D2C,R_N,SKU_CC_500,C00586,,0.5,0.5,1600,fulfilled,2026-01-23,2026-01-23
O005939,2026-01-21,D2C,R_N,SKU_CC_500,C00146,,0.5,0.5,1600,fulfilled,2026-01-23,2026-01-23
O005942,2026-01-21,D2C,R_N,SKU_CC_500,C00399,,1.5,1.5,1600,fulfilled,2026-01-23,2026-01-23
O005956,2026-01-21,D2C,R_N,SKU_CC_500,C01382,,1.5,1.5,1600,fulfilled,2026-01-23,2026-01-23
O005961,2026-01-21,D2C,R_N,SKU_CC_500,C00332,,1.5,1.5,1600,fulfilled,2026-01-23,2026-01-23
O005962,2026-01-21,D2C,R_N,SKU_CC_500,C00485,,1.0,1.0,1600,fulfilled,2026-01-23,2026-01-23
O005973,2026-01-21,D2C,R_S,SKU_CC_500,C00376,,2.0,2.0,1600,fulfilled,2026-01-23,2026-01-23
O005979,2026-01-21,D2C,R_S,SKU_CC_500,C01217,,1.5,1.5,1600,fulfilled,2026-01-23,2026-01-23
O005985,2026-01-21,D2C,R_S,SKU_CC_500,C01246,,0.5,0.5,1600,fulfilled,2026-01-23,2026-01-23
O006005,2026-01-21,D2C,R_S,SKU_CC_500,C00233,,1.0,1.0,1600,fulfilled,2026-01-23,2026-01-23
O005927,2026-01-22,D2C,R_N,SKU_CC_500,C00484,,2.0,2.0,1600,fulfilled,2026-01-24,2026-01-24
O005929,2026-01-22,D2C,R_N,SKU_CC_500,C01288,,0.5,0.5,1600,fulfilled,2026-01-24,2026-01-24
O005950,2026-01-22,D2C,R_N,SKU_CC_500,C00264,,2.0,2.0,1600,fulfilled,2026-01-24,2026-01-24
O005955,2026-01-22,D2C,R_N,SKU_CC_500,C00443,,1.0,1.0,1600,fulfilled,2026-01-24,2026-01-24
O005971,2026-01-22,D2C,R_N,SKU_CC_500,C00953,,1.0,1.0,1600,fulfilled,2026-01-24,2026-01-24
O005978,2026-01-22,D2C,R_S,SKU_CC_500,C01282,,1.5,1.5,1600,fulfilled,2026-01-24,2026-01-24
O005990,2026-01-22,D2C,R_S,SKU_CC_500,C01321,,2.0,2.0,1600,fulfilled,2026-01-24,2026-01-24
O005994,2026-01-22,D2C,R_S,SKU_CC_500,C01050,,2.0,2.0,1600,fulfilled,2026-01-24,2026-01-24
O005995,2026-01-22,D2C,R_S,SKU_CC_500,C00541,,2.0,2.0,1600,fulfilled,2026-01-24,2026-01-24
O006000,2026-01-22,D2C,R_S,SKU_CC_500,C00244,,2.0,2.0,1600,fulfilled,2026-01-24,2026-01-24
O005918,2026-01-23,D2C,R_N,SKU_CC_500,C00896,,1.5,1.5,1600,fulfilled,2026-01-25,2026-01-25
O005922,2026-01-23,D2C,R_N,SKU_CC_500,C00265,,1.5,1.5,1600,fulfilled,2026-01-25,2026-01-25
O005925,2026-01-23,D2C,R_N,SKU_CC_500,C00993,,2.0,2.0,1600,fulfilled,2026-01-25,2026-01-25
O005926,2026-01-23,D2C,R_N,SKU_CC_500,C01432,,2.0,2.0,1600,fulfilled,2026-01-25,2026-01-25
O005930,2026-01-23,D2C,R_N,SKU_CC_500,C01079,,1.0,1.0,1600,fulfilled,2026-01-25,2026-01-25
O005932,2026-01-23,D2C,R_N,SKU_CC_500,C00978,,1.5,1.5,1600,fulfilled,2026-01-25,2026-01-25
O005933,2026-01-23,D2C,R_N,SKU_CC_500,C01124,,1.0,1.0,1600,fulfilled,2026-01-25,2026-01-25
O005935,2026-01-23,D2C,R_N,SKU_CC_500,C00312,,1.5,1.5,1600,fulfilled,2026-01-25,2026-01-25
O005946,2026-01-23,D2C,R_N,SKU_CC_500,C00616,,1.5,1.5,1600,fulfilled,2026-01-25,2026-01-25
O005975,2026-01-23,D2C,R_S,SKU_CC_500,C00738,,1.5,1.5,1600,fulfilled,2026-01-25,2026-01-25
O005976,2026-01-23,D2C,R_S,SKU_CC_500,C01255,,1.0,1.0,1600,fulfilled,2026-01-25,2026-01-25
O005986,2026-01-23,D2C,R_S,SKU_CC_500,C01103,,1.5,1.5,1600,fulfilled,2026-01-25,2026-01-25
O005987,2026-01-23,D2C,R_S,SKU_CC_500,C00388,,2.0,2.0,1600,fulfilled,2026-01-25,2026-01-25
O005991,2026-01-23,D2C,R_S,SKU_CC_500,C00439,,1.0,1.0,1600,fulfilled,2026-01-25,2026-01-25
O006001,2026-01-23,D2C,R_S,SKU_CC_500,C01244,,0.5,0.5,1600,fulfilled,2026-01-25,2026-01-25
O005913,2026-01-24,D2C,R_N,SKU_CC_500,C00195,,1.0,1.0,1600,fulfilled,2026-01-26,2026-01-26
O005915,2026-01-24,D2C,R_N,SKU_CC_500,C01145,,0.5,0.5,1600,fulfilled,2026-01-26,2026-01-26
O005916,2026-01-24,D2C,R_N,SKU_CC_500,C00584,,2.0,2.0,1600,fulfilled,2026-01-26,2026-01-26
O005924,2026-01-24,D2C,R_N,SKU_CC_500,C01299,,2.0,2.0,1600,fulfilled,2026-01-26,2026-01-26
O005936,2026-01-24,D2C,R_N,SKU_CC_500,C00144,,0.5,0.5,1600,fulfilled,2026-01-26,2026-01-26
O005938,2026-01-24,D2C,R_N,SKU_CC_500,C00536,,1.5,1.5,1600,fulfilled,2026-01-26,2026-01-26
O005943,2026-01-24,D2C,R_N,SKU_CC_500,C00604,,1.5,1.5,1600,fulfilled,2026-01-26,2026-01-26
O005953,2026-01-24,D2C,R_N,SKU_CC_500,C00289,,1.0,1.0,1600,fulfilled,2026-01-26,2026-01-26
O005960,2026-01-24,D2C,R_N,SKU_CC_500,C00663,,1.5,1.5,1600,fulfilled,2026-01-26,2026-01-26
O005964,2026-01-24,D2C,R_N,SKU_CC_500,C00966,,0.5,0.5,1600,fulfilled,2026-01-26,2026-01-26
O005966,2026-01-24,D2C,R_N,SKU_CC_500,C00071,,1.0,1.0,1600,fulfilled,2026-01-26,2026-01-26
O005970,2026-01-24,D2C,R_N,SKU_CC_500,C00208,,1.5,1.5,1600,fulfilled,2026-01-26,2026-01-26
O005992,2026-01-24,D2C,R_S,SKU_CC_500,C00774,,2.0,2.0,1600,fulfilled,2026-01-26,2026-01-26
O005993,2026-01-24,D2C,R_S,SKU_CC_500,C01296,,0.5,0.5,1600,fulfilled,2026-01-26,2026-01-26
O005996,2026-01-24,D2C,R_S,SKU_CC_500,C01194,,1.0,1.0,1600,fulfilled,2026-01-26,2026-01-26
O005999,2026-01-24,D2C,R_S,SKU_CC_500,C00218,,1.0,1.0,1600,fulfilled,2026-01-26,2026-01-26
O006002,2026-01-24,D2C,R_S,SKU_CC_500,C00470,,2.0,2.0,1600,fulfilled,2026-01-26,2026-01-26
O006004,2026-01-24,D2C,R_S,SKU_CC_500,C01127,,1.0,1.0,1600,fulfilled,2026-01-26,2026-01-26
O005914,2026-01-25,D2C,R_N,SKU_CC_500,C00823,,0.5,0.5,1600,fulfilled,2026-01-27,2026-01-27
O005931,2026-01-25,D2C,R_N,SKU_CC_500,C00886,,0.5,0.5,1600,fulfilled,2026-01-27,2026-01-27
O005934,2026-01-25,D2C,R_N,SKU_CC_500,C00072,,1.0,1.0,1600,fulfilled,2026-01-27,2026-01-27
O005940,2026-01-25,D2C,R_N,SKU_CC_500,C01015,,0.5,0.5,1600,fulfilled,2026-01-27,2026-01-27
O005944,2026-01-25,D2C,R_N,SKU_CC_500,C00620,,1.5,1.5,1600,fulfilled,2026-01-27,2026-01-27
O005945,2026-01-25,D2C,R_N,SKU_CC_500,C00500,,2.0,2.0,1600,fulfilled,2026-01-27,2026-01-27
O005949,2026-01-25,D2C,R_N,SKU_CC_500,C00041,,1.0,1.0,1600,fulfilled,2026-01-27,2026-01-27
O005951,2026-01-25,D2C,R_N,SKU_CC_500,C00304,,1.0,1.0,1600,fulfilled,2026-01-27,2026-01-27
O005957,2026-01-25,D2C,R_N,SKU_CC_500,C01225,,1.0,1.0,1600,fulfilled,2026-01-27,2026-01-27
O005958,2026-01-25,D2C,R_N,SKU_CC_500,C00706,,0.5,0.5,1600,fulfilled,2026-01-27,2026-01-27
O005959,2026-01-25,D2C,R_N,SKU_CC_500,C00519,,0.5,0.5,1600,fulfilled,2026-01-27,2026-01-27
O005969,2026-01-25,D2C,R_N,SKU_CC_500,C00989,,2.0,2.0,1600,fulfilled,2026-01-27,2026-01-27
O005980,2026-01-25,D2C,R_S,SKU_CC_500,C00627,,2.0,2.0,1600,fulfilled,2026-01-27,2026-01-27
O005981,2026-01-25,D2C,R_S,SKU_CC_500,C00205,,1.5,1.5,1600,fulfilled,2026-01-27,2026-01-27
O005982,2026-01-25,D2C,R_S,SKU_CC_500,C01217,,1.0,1.0,1600,fulfilled,2026-01-27,2026-01-27
O005997,2026-01-25,D2C,R_S,SKU_CC_500,C00830,,0.5,0.5,1600,fulfilled,2026-01-27,2026-01-27
O006009,2026-01-26,D2C,R_N,SKU_CC_500,C00821,,1.0,1.0,1600,fulfilled,2026-01-28,2026-01-28
O006022,2026-01-26,D2C,R_N,SKU_CC_500,C01410,,2.0,2.0,1600,fulfilled,2026-01-28,2026-01-28
O006034,2026-01-26,D2C,R_N,SKU_CC_500,C00384,,0.5,0.5,1600,fulfilled,2026-01-28,2026-01-28
O006037,2026-01-26,D2C,R_N,SKU_CC_500,C01390,,1.0,1.0,1600,fulfilled,2026-01-28,2026-01-28
O006047,2026-01-26,D2C,R_N,SKU_CC_500,C00070,,2.0,2.0,1600,fulfilled,2026-01-28,2026-01-28
O006055,2026-01-26,D2C,R_N,SKU_CC_500,C00227,,1.0,1.0,1600,fulfilled,2026-01-28,2026-01-28
O006059,2026-01-26,D2C,R_N,SKU_CC_500,C01331,,2.0,2.0,1600,fulfilled,2026-01-28,2026-01-28
O006060,2026-01-26,D2C,R_N,SKU_CC_500,C00072,,1.0,1.0,1600,fulfilled,2026-01-28,2026-01-28
O006079,2026-01-26,D2C,R_S,SKU_CC_500,C00867,,1.0,1.0,1600,fulfilled,2026-01-28,2026-01-28
O006089,2026-01-26,D2C,R_S,SKU_CC_500,C00971,,2.0,2.0,1600,fulfilled,2026-01-28,2026-01-28
O006090,2026-01-26,D2C,R_S,SKU_CC_500,C00272,,0.5,0.5,1600,fulfilled,2026-01-28,2026-01-28
O006302,2026-01-26,B2B,R_N,SKU_CC_500,,ACC_DIST,93.6,93.6,1250,fulfilled,2026-01-29,2026-01-29
O006403,2026-01-26,B2B,R_S,SKU_CC_500,,ACC_REST,17.5,17.5,1400,fulfilled,2026-01-29,2026-01-29
O006012,2026-01-27,D2C,R_N,SKU_CC_500,C00432,,2.0,2.0,1600,fulfilled,2026-01-29,2026-01-29
O006017,2026-01-27,D2C,R_N,SKU_CC_500,C00442,,1.5,1.5,1600,fulfilled,2026-01-29,2026-01-29
O006019,2026-01-27,D2C,R_N,SKU_CC_500,C00078,,0.5,0.5,1600,fulfilled,2026-01-29,2026-01-29
O006027,2026-01-27,D2C,R_N,SKU_CC_500,C00550,,0.5,0.5,1600,fulfilled,2026-01-29,2026-01-29
O006036,2026-01-27,D2C,R_N,SKU_CC_500,C00728,,1.0,1.0,1600,fulfilled,2026-01-29,2026-01-29
O006039,2026-01-27,D2C,R_N,SKU_CC_500,C00645,,0.5,0.5,1600,fulfilled,2026-01-29,2026-01-29
O006052,2026-01-27,D2C,R_N,SKU_CC_500,C00187,,1.0,1.0,1600,fulfilled,2026-01-29,2026-01-29
O006053,2026-01-27,D2C,R_N,SKU_CC_500,C00265,,0.5,0.5,1600,fulfilled,2026-01-29,2026-01-29
O006057,2026-01-27,D2C,R_N,SKU_CC_500,C00818,,2.0,2.0,1600,fulfilled,2026-01-29,2026-01-29
O006063,2026-01-27,D2C,R_N,SKU_CC_500,C00678,,1.0,1.0,1600,fulfilled,2026-01-29,2026-01-29
O006065,2026-01-27,D2C,R_S,SKU_CC_500,C01441,,1.0,1.0,1600,fulfilled,2026-01-29,2026-01-29
O006074,2026-01-27,D2C,R_S,SKU_CC_500,C00193,,1.0,1.0,1600,fulfilled,2026-01-29,2026-01-29
O006007,2026-01-28,D2C,R_N,SKU_CC_500,C00898,,1.5,1.5,1600,fulfilled,2026-01-30,2026-01-30
O006008,2026-01-28,D2C,R_N,SKU_CC_500,C00617,,1.0,1.0,1600,fulfilled,2026-01-30,2026-01-30
O006014,2026-01-28,D2C,R_N,SKU_CC_500,C00648,,1.5,1.5,1600,fulfilled,2026-01-30,2026-01-30
O006024,2026-01-28,D2C,R_N,SKU_CC_500,C01157,,0.5,0.5,1600,fulfilled,2026-01-30,2026-01-30
O006029,2026-01-28,D2C,R_N,SKU_CC_500,C00098,,1.5,1.5,1600,fulfilled,2026-01-30,2026-01-30
O006031,2026-01-28,D2C,R_N,SKU_CC_500,C00652,,0.5,0.5,1600,fulfilled,2026-01-30,2026-01-30
O006038,2026-01-28,D2C,R_N,SKU_CC_500,C00277,,2.0,2.0,1600,fulfilled,2026-01-30,2026-01-30
O006054,2026-01-28,D2C,R_N,SKU_CC_500,C00054,,2.0,2.0,1600,fulfilled,2026-01-30,2026-01-30
O006061,2026-01-28,D2C,R_N,SKU_CC_500,C00887,,0.5,0.5,1600,fulfilled,2026-01-30,2026-01-30
O006064,2026-01-28,D2C,R_N,SKU_CC_500,C00981,,2.0,2.0,1600,fulfilled,2026-01-30,2026-01-30
O006071,2026-01-28,D2C,R_S,SKU_CC_500,C00761,,0.5,0.5,1600,fulfilled,2026-01-30,2026-01-30
O006072,2026-01-28,D2C,R_S,SKU_CC_500,C00959,,0.5,0.5,1600,fulfilled,2026-01-30,2026-01-30
O006075,2026-01-28,D2C,R_S,SKU_CC_500,C00090,,1.5,1.5,1600,fulfilled,2026-01-30,2026-01-30
O006077,2026-01-28,D2C,R_S,SKU_CC_500,C01138,,1.5,1.5,1600,fulfilled,2026-01-30,2026-01-30
O006082,2026-01-28,D2C,R_S,SKU_CC_500,C00996,,0.5,0.5,1600,fulfilled,2026-01-30,2026-01-30
O006086,2026-01-28,D2C,R_S,SKU_CC_500,C00751,,0.5,0.5,1600,fulfilled,2026-01-30,2026-01-30
O006092,2026-01-28,D2C,R_S,SKU_CC_500,C00283,,1.0,1.0,1600,fulfilled,2026-01-30,2026-01-30
O006013,2026-01-29,D2C,R_N,SKU_CC_500,C01274,,1.0,1.0,1600,fulfilled,2026-01-31,2026-01-31
O006021,2026-01-29,D2C,R_N,SKU_CC_500,C01342,,1.5,1.5,1600,fulfilled,2026-01-31,2026-01-31
O006023,2026-01-29,D2C,R_N,SKU_CC_500,C01328,,1.5,1.5,1600,fulfilled,2026-01-31,2026-01-31
O006032,2026-01-29,D2C,R_N,SKU_CC_500,C00095,,0.5,0.5,1600,fulfilled,2026-01-31,2026-01-31
O006033,2026-01-29,D2C,R_N,SKU_CC_500,C01276,,0.5,0.5,1600,fulfilled,2026-01-31,2026-01-31
O006035,2026-01-29,D2C,R_N,SKU_CC_500,C01329,,2.0,2.0,1600,fulfilled,2026-01-31,2026-01-31
O006040,2026-01-29,D2C,R_N,SKU_CC_500,C01236,,1.5,1.5,1600,fulfilled,2026-01-31,2026-01-31
O006042,2026-01-29,D2C,R_N,SKU_CC_500,C01251,,0.5,0.5,1600,fulfilled,2026-01-31,2026-01-31
O006043,2026-01-29,D2C,R_N,SKU_CC_500,C01186,,0.5,0.5,1600,fulfilled,2026-01-31,2026-01-31
O006056,2026-01-29,D2C,R_N,SKU_CC_500,C00837,,2.0,2.0,1600,fulfilled,2026-01-31,2026-01-31
O006062,2026-01-29,D2C,R_N,SKU_CC_500,C00889,,2.0,2.0,1600,fulfilled,2026-01-31,2026-01-31
O006088,2026-01-29,D2C,R_S,SKU_CC_500,C00957,,0.5,0.5,1600,fulfilled,2026-01-31,2026-01-31
O006091,2026-01-29,D2C,R_S,SKU_CC_500,C00047,,2.0,2.0,1600,fulfilled,2026-01-31,2026-01-31
O006094,2026-01-29,D2C,R_S,SKU_CC_500,C00047,,0.5,0.5,1600,fulfilled,2026-01-31,2026-01-31
O006095,2026-01-29,D2C,R_S,SKU_CC_500,C00009,,1.0,1.0,1600,fulfilled,2026-01-31,2026-01-31
O006096,2026-01-29,D2C,R_S,SKU_CC_500,C01399,,2.0,2.0,1600,fulfilled,2026-01-31,2026-01-31
O006097,2026-01-29,D2C,R_S,SKU_CC_500,C00696,,1.5,1.5,1600,fulfilled,2026-01-31,2026-01-31
O006016,2026-01-30,D2C,R_N,SKU_CC_500,C01083,,0.5,0.5,1600,fulfilled,2026-02-01,2026-02-01
O006041,2026-01-30,D2C,R_N,SKU_CC_500,C01056,,0.5,0.5,1600,fulfilled,2026-02-01,2026-02-01
O006044,2026-01-30,D2C,R_N,SKU_CC_500,C01109,,0.5,0.5,1600,fulfilled,2026-02-01,2026-02-01
O006050,2026-01-30,D2C,R_N,SKU_CC_500,C00364,,2.0,2.0,1600,fulfilled,2026-02-01,2026-02-01
O006069,2026-01-30,D2C,R_S,SKU_CC_500,C00256,,2.0,2.0,1600,fulfilled,2026-02-01,2026-02-01
O006070,2026-01-30,D2C,R_S,SKU_CC_500,C00627,,0.5,0.5,1600,fulfilled,2026-02-01,2026-02-01
O006073,2026-01-30,D2C,R_S,SKU_CC_500,C00710,,2.0,2.0,1600,fulfilled,2026-02-01,2026-02-01
O006076,2026-01-30,D2C,R_S,SKU_CC_500,C00856,,1.5,1.5,1600,fulfilled,2026-02-01,2026-02-01
O006078,2026-01-30,D2C,R_S,SKU_CC_500,C00073,,2.0,2.0,1600,fulfilled,2026-02-01,2026-02-01
O006087,2026-01-30,D2C,R_S,SKU_CC_500,C00139,,1.0,1.0,1600,fulfilled,2026-02-01,2026-02-01
O006006,2026-01-31,D2C,R_N,SKU_CC_500,C00874,,1.0,1.0,1600,fulfilled,2026-02-02,2026-02-02
O006011,2026-01-31,D2C,R_N,SKU_CC_500,C00444,,1.5,1.5,1600,fulfilled,2026-02-02,2026-02-02
O006015,2026-01-31,D2C,R_N,SKU_CC_500,C00417,,1.5,1.5,1600,fulfilled,2026-02-02,2026-02-02
O006018,2026-01-31,D2C,R_N,SKU_CC_500,C00754,,2.0,2.0,1600,fulfilled,2026-02-02,2026-02-02
O006020,2026-01-31,D2C,R_N,SKU_CC_500,C00837,,1.5,1.5,1600,fulfilled,2026-02-02,2026-02-02
O006026,2026-01-31,D2C,R_N,SKU_CC_500,C00635,,1.5,1.5,1600,fulfilled,2026-02-02,2026-02-02
O006028,2026-01-31,D2C,R_N,SKU_CC_500,C01150,,1.0,1.0,1600,fulfilled,2026-02-02,2026-02-02
O006045,2026-01-31,D2C,R_N,SKU_CC_500,C00397,,1.5,1.5,1600,fulfilled,2026-02-02,2026-02-02
O006046,2026-01-31,D2C,R_N,SKU_CC_500,C00598,,1.0,1.0,1600,fulfilled,2026-02-02,2026-02-02
O006051,2026-01-31,D2C,R_N,SKU_CC_500,C00200,,2.0,2.0,1600,fulfilled,2026-02-02,2026-02-02
O006066,2026-01-31,D2C,R_S,SKU_CC_500,C01168,,1.0,1.0,1600,fulfilled,2026-02-02,2026-02-02
O006080,2026-01-31,D2C,R_S,SKU_CC_500,C00283,,1.5,1.5,1600,fulfilled,2026-02-02,2026-02-02
O006081,2026-01-31,D2C,R_S,SKU_CC_500,C00918,,1.5,1.5,1600,fulfilled,2026-02-02,2026-02-02
O006085,2026-01-31,D2C,R_S,SKU_CC_500,C01061,,1.0,1.0,1600,fulfilled,2026-02-02,2026-02-02
O006098,2026-01-31,D2C,R_S,SKU_CC_500,C00983,,1.0,1.0,1600,fulfilled,2026-02-02,2026-02-02
O006010,2026-02-01,D2C,R_N,SKU_CC_500,C00601,,0.5,0.5,1600,fulfilled,2026-02-03,2026-02-03
O006025,2026-02-01,D2C,R_N,SKU_CC_500,C00923,,1.0,1.0,1600,fulfilled,2026-02-03,2026-02-03
O006030,2026-02-01,D2C,R_N,SKU_CC_500,C00743,,2.0,2.0,1600,fulfilled,2026-02-03,2026-02-03
O006048,2026-02-01,D2C,R_N,SKU_CC_500,C00718,,1.5,1.5,1600,fulfilled,2026-02-03,2026-02-03
O006049,2026-02-01,D2C,R_N,SKU_CC_500,C01031,,1.5,1.5,1600,fulfilled,2026-02-03,2026-02-03
O006058,2026-02-01,D2C,R_N,SKU_CC_500,C00265,,2.0,2.0,1600,fulfilled,2026-02-03,2026-02-03
O006067,2026-02-01,D2C,R_S,SKU_CC_500,C00590,,2.0,2.0,1600,fulfilled,2026-02-03,2026-02-03
O006068,2026-02-01,D2C,R_S,SKU_CC_500,C01116,,2.0,2.0,1600,fulfilled,2026-02-03,2026-02-03
O006083,2026-02-01,D2C,R_S,SKU_CC_500,C00310,,0.5,0.5,1600,fulfilled,2026-02-03,2026-02-03
O006084,2026-02-01,D2C,R_S,SKU_CC_500,C00008,,2.0,2.0,1600,fulfilled,2026-02-03,2026-02-03
O006093,2026-02-01,D2C,R_S,SKU_CC_500,C01467,,1.5,1.5,1600,fulfilled,2026-02-03,2026-02-03
O006100,2026-02-02,D2C,R_N,SKU_CC_500,C00701,,1.0,1.0,1600,fulfilled,2026-02-04,2026-02-04
O006105,2026-02-02,D2C,R_N,SKU_CC_500,C00771,,1.0,1.0,1600,fulfilled,2026-02-04,2026-02-04
O006111,2026-02-02,D2C,R_N,SKU_CC_500,C01252,,1.0,1.0,1600,fulfilled,2026-02-04,2026-02-04
O006118,2026-02-02,D2C,R_N,SKU_CC_500,C01251,,1.0,1.0,1600,fulfilled,2026-02-04,2026-02-04
O006122,2026-02-02,D2C,R_N,SKU_CC_500,C00811,,1.5,1.5,1600,fulfilled,2026-02-04,2026-02-04
O006131,2026-02-02,D2C,R_N,SKU_CC_500,C00529,,0.5,0.5,1600,fulfilled,2026-02-04,2026-02-04
O006136,2026-02-02,D2C,R_N,SKU_CC_500,C00251,,1.0,1.0,1600,fulfilled,2026-02-04,2026-02-04
O006155,2026-02-02,D2C,R_N,SKU_CC_500,C00753,,1.0,1.0,1600,fulfilled,2026-02-04,2026-02-04
O006160,2026-02-02,D2C,R_S,SKU_CC_500,C01271,,1.5,1.5,1600,fulfilled,2026-02-04,2026-02-04
O006162,2026-02-02,D2C,R_S,SKU_CC_500,C00077,,0.5,0.5,1600,fulfilled,2026-02-04,2026-02-04
O006163,2026-02-02,D2C,R_S,SKU_CC_500,C00271,,1.5,1.5,1600,fulfilled,2026-02-04,2026-02-04
O006167,2026-02-02,D2C,R_S,SKU_CC_500,C00853,,0.5,0.5,1600,fulfilled,2026-02-04,2026-02-04
O006168,2026-02-02,D2C,R_S,SKU_CC_500,C00855,,2.0,2.0,1600,fulfilled,2026-02-04,2026-02-04
O006170,2026-02-02,D2C,R_S,SKU_CC_500,C01346,,2.0,2.0,1600,fulfilled,2026-02-04,2026-02-04
O006176,2026-02-02,D2C,R_S,SKU_CC_500,C00945,,1.5,1.5,1600,fulfilled,2026-02-04,2026-02-04
O006189,2026-02-02,D2C,R_S,SKU_CC_500,C00487,,1.5,1.5,1600,fulfilled,2026-02-04,2026-02-04
O006190,2026-02-02,D2C,R_S,SKU_CC_500,C01437,,1.0,1.0,1600,fulfilled,2026-02-04,2026-02-04
O006303,2026-02-02,B2B,R_N,SKU_CC_500,,ACC_DIST,89.3,89.3,1250,fulfilled,2026-02-05,2026-02-05
O006404,2026-02-02,B2B,R_S,SKU_CC_500,,ACC_REST,20.8,20.8,1400,fulfilled,2026-02-05,2026-02-05
O006119,2026-02-03,D2C,R_N,SKU_CC_500,C00499,,1.5,1.5,1600,fulfilled,2026-02-05,2026-02-05
O006121,2026-02-03,D2C,R_N,SKU_CC_500,C01366,,1.0,1.0,1600,fulfilled,2026-02-05,2026-02-05
O006123,2026-02-03,D2C,R_N,SKU_CC_500,C01236,,1.0,1.0,1600,fulfilled,2026-02-05,2026-02-05
O006126,2026-02-03,D2C,R_N,SKU_CC_500,C00509,,2.0,2.0,1600,fulfilled,2026-02-05,2026-02-05
O006128,2026-02-03,D2C,R_N,SKU_CC_500,C00145,,2.0,2.0,1600,fulfilled,2026-02-05,2026-02-05
O006135,2026-02-03,D2C,R_N,SKU_CC_500,C01222,,1.5,1.5,1600,fulfilled,2026-02-05,2026-02-05
O006144,2026-02-03,D2C,R_N,SKU_CC_500,C00770,,0.5,0.5,1600,fulfilled,2026-02-05,2026-02-05
O006158,2026-02-03,D2C,R_N,SKU_CC_500,C00040,,1.0,1.0,1600,fulfilled,2026-02-05,2026-02-05
O006159,2026-02-03,D2C,R_S,SKU_CC_500,C00711,,1.0,1.0,1600,fulfilled,2026-02-05,2026-02-05
O006171,2026-02-03,D2C,R_S,SKU_CC_500,C01479,,2.0,2.0,1600,fulfilled,2026-02-05,2026-02-05
O006177,2026-02-03,D2C,R_S,SKU_CC_500,C01336,,1.5,1.5,1600,fulfilled,2026-02-05,2026-02-05
O006182,2026-02-03,D2C,R_S,SKU_CC_500,C00985,,1.0,1.0,1600,fulfilled,2026-02-05,2026-02-05
O006184,2026-02-03,D2C,R_S,SKU_CC_500,C00998,,0.5,0.5,1600,fulfilled,2026-02-05,2026-02-05
O006188,2026-02-03,D2C,R_S,SKU_CC_500,C00524,,2.0,2.0,1600,fulfilled,2026-02-05,2026-02-05
O006193,2026-02-03,D2C,R_S,SKU_CC_500,C00574,,0.5,0.5,1600,fulfilled,2026-02-05,2026-02-05
O006106,2026-02-04,D2C,R_N,SKU_CC_500,C00979,,1.0,1.0,1600,fulfilled,2026-02-06,2026-02-06
O006110,2026-02-04,D2C,R_N,SKU_CC_500,C00742,,2.0,2.0,1600,fulfilled,2026-02-06,2026-02-06
O006120,2026-02-04,D2C,R_N,SKU_CC_500,C00366,,0.5,0.5,1600,fulfilled,2026-02-06,2026-02-06
O006125,2026-02-04,D2C,R_N,SKU_CC_500,C01056,,0.5,0.5,1600,fulfilled,2026-02-06,2026-02-06
O006127,2026-02-04,D2C,R_N,SKU_CC_500,C00174,,2.0,2.0,1600,fulfilled,2026-02-06,2026-02-06
O006134,2026-02-04,D2C,R_N,SKU_CC_500,C00368,,0.5,0.5,1600,fulfilled,2026-02-06,2026-02-06
O006139,2026-02-04,D2C,R_N,SKU_CC_500,C00412,,1.5,1.5,1600,fulfilled,2026-02-06,2026-02-06
O006153,2026-02-04,D2C,R_N,SKU_CC_500,C00877,,1.0,1.0,1600,fulfilled,2026-02-06,2026-02-06
O006173,2026-02-04,D2C,R_S,SKU_CC_500,C00867,,2.0,2.0,1600,fulfilled,2026-02-06,2026-02-06
O006103,2026-02-05,D2C,R_N,SKU_CC_500,C00222,,2.0,2.0,1600,fulfilled,2026-02-07,2026-02-07
O006107,2026-02-05,D2C,R_N,SKU_CC_500,C01370,,1.0,1.0,1600,fulfilled,2026-02-07,2026-02-07
O006113,2026-02-05,D2C,R_N,SKU_CC_500,C01200,,0.5,0.5,1600,fulfilled,2026-02-07,2026-02-07
O006117,2026-02-05,D2C,R_N,SKU_CC_500,C00461,,1.5,1.5,1600,fulfilled,2026-02-07,2026-02-07
O006133,2026-02-05,D2C,R_N,SKU_CC_500,C00484,,0.5,0.5,1600,fulfilled,2026-02-07,2026-02-07
O006149,2026-02-05,D2C,R_N,SKU_CC_500,C00795,,2.0,2.0,1600,fulfilled,2026-02-07,2026-02-07
O006152,2026-02-05,D2C,R_N,SKU_CC_500,C00254,,0.5,0.5,1600,fulfilled,2026-02-07,2026-02-07
O006161,2026-02-05,D2C,R_S,SKU_CC_500,C00404,,0.5,0.5,1600,fulfilled,2026-02-07,2026-02-07
O006169,2026-02-05,D2C,R_S,SKU_CC_500,C01465,,2.0,2.0,1600,fulfilled,2026-02-07,2026-02-07
O006174,2026-02-05,D2C,R_S,SKU_CC_500,C00713,,1.5,1.5,1600,fulfilled,2026-02-07,2026-02-07
O006179,2026-02-05,D2C,R_S,SKU_CC_500,C00229,,1.5,1.5,1600,fulfilled,2026-02-07,2026-02-07
O006181,2026-02-05,D2C,R_S,SKU_CC_500,C00671,,1.0,1.0,1600,fulfilled,2026-02-07,2026-02-07
O006185,2026-02-05,D2C,R_S,SKU_CC_500,C00008,,2.0,2.0,1600,fulfilled,2026-02-07,2026-02-07
O006186,2026-02-05,D2C,R_S,SKU_CC_500,C01243,,1.5,1.5,1600,fulfilled,2026-02-07,2026-02-07
O006187,2026-02-05,D2C,R_S,SKU_CC_500,C00591,,1.0,1.0,1600,fulfilled,2026-02-07,2026-02-07
O006099,2026-02-06,D2C,R_N,SKU_CC_500,C00462,,0.5,0.5,1600,fulfilled,2026-02-08,2026-02-08
O006104,2026-02-06,D2C,R_N,SKU_CC_500,C00091,,2.0,2.0,1600,fulfilled,2026-02-08,2026-02-08
O006108,2026-02-06,D2C,R_N,SKU_CC_500,C01380,,1.5,1.5,1600,fulfilled,2026-02-08,2026-02-08
O006114,2026-02-06,D2C,R_N,SKU_CC_500,C01162,,0.5,0.5,1600,fulfilled,2026-02-08,2026-02-08
O006124,2026-02-06,D2C,R_N,SKU_CC_500,C00479,,2.0,2.0,1600,fulfilled,2026-02-08,2026-02-08
O006129,2026-02-06,D2C,R_N,SKU_CC_500,C00987,,2.0,2.0,1600,fulfilled,2026-02-08,2026-02-08
O006132,2026-02-06,D2C,R_N,SKU_CC_500,C00213,,2.0,2.0,1600,fulfilled,2026-02-08,2026-02-08
O006147,2026-02-06,D2C,R_N,SKU_CC_500,C00718,,1.5,1.5,1600,fulfilled,2026-02-08,2026-02-08
O006154,2026-02-06,D2C,R_N,SKU_CC_500,C00811,,1.0,1.0,1600,fulfilled,2026-02-08,2026-02-08
O006156,2026-02-06,D2C,R_N,SKU_CC_500,C00976,,1.5,1.5,1600,fulfilled,2026-02-08,2026-02-08
O006164,2026-02-06,D2C,R_S,SKU_CC_500,C00489,,1.5,1.5,1600,fulfilled,2026-02-08,2026-02-08
O006178,2026-02-06,D2C,R_S,SKU_CC_500,C01114,,2.0,2.0,1600,fulfilled,2026-02-08,2026-02-08
O006180,2026-02-06,D2C,R_S,SKU_CC_500,C00489,,0.5,0.5,1600,fulfilled,2026-02-08,2026-02-08
O006101,2026-02-07,D2C,R_N,SKU_CC_500,C00382,,0.5,0.5,1600,fulfilled,2026-02-09,2026-02-09
O006102,2026-02-07,D2C,R_N,SKU_CC_500,C01265,,1.0,1.0,1600,fulfilled,2026-02-09,2026-02-09
O006112,2026-02-07,D2C,R_N,SKU_CC_500,C01326,,2.0,2.0,1600,fulfilled,2026-02-09,2026-02-09
O006130,2026-02-07,D2C,R_N,SKU_CC_500,C00548,,1.5,1.5,1600,fulfilled,2026-02-09,2026-02-09
O006138,2026-02-07,D2C,R_N,SKU_CC_500,C00991,,0.5,0.5,1600,fulfilled,2026-02-09,2026-02-09
O006142,2026-02-07,D2C,R_N,SKU_CC_500,C01134,,1.0,1.0,1600,fulfilled,2026-02-09,2026-02-09
O006145,2026-02-07,D2C,R_N,SKU_CC_500,C00513,,1.5,1.5,1600,fulfilled,2026-02-09,2026-02-09
O006151,2026-02-07,D2C,R_N,SKU_CC_500,C00987,,2.0,2.0,1600,fulfilled,2026-02-09,2026-02-09
O006165,2026-02-07,D2C,R_S,SKU_CC_500,C00217,,0.5,0.5,1600,fulfilled,2026-02-09,2026-02-09
O006166,2026-02-07,D2C,R_S,SKU_CC_500,C00191,,1.0,1.0,1600,fulfilled,2026-02-09,2026-02-09
O006172,2026-02-07,D2C,R_S,SKU_CC_500,C00865,,1.5,1.5,1600,fulfilled,2026-02-09,2026-02-09
O006109,2026-02-08,D2C,R_N,SKU_CC_500,C00754,,1.5,1.5,1600,fulfilled,2026-02-10,2026-02-10
O006115,2026-02-08,D2C,R_N,SKU_CC_500,C01472,,1.5,1.5,1600,fulfilled,2026-02-10,2026-02-10
O006116,2026-02-08,D2C,R_N,SKU_CC_500,C00477,,0.5,0.5,1600,fulfilled,2026-02-10,2026-02-10
O006137,2026-02-08,D2C,R_N,SKU_CC_500,C01405,,1.0,1.0,1600,fulfilled,2026-02-10,2026-02-10
O006140,2026-02-08,D2C,R_N,SKU_CC_500,C00479,,2.0,2.0,1600,fulfilled,2026-02-10,2026-02-10
O006141,2026-02-08,D2C,R_N,SKU_CC_500,C01330,,1.0,1.0,1600,fulfilled,2026-02-10,2026-02-10
O006143,2026-02-08,D2C,R_N,SKU_CC_500,C00331,,1.5,1.5,1600,fulfilled,2026-02-10,2026-02-10
O006146,2026-02-08,D2C,R_N,SKU_CC_500,C00013,,1.5,1.5,1600,fulfilled,2026-02-10,2026-02-10
O006148,2026-02-08,D2C,R_N,SKU_CC_500,C00692,,0.5,0.5,1600,fulfilled,2026-02-10,2026-02-10
O006150,2026-02-08,D2C,R_N,SKU_CC_500,C00443,,1.5,1.5,1600,fulfilled,2026-02-10,2026-02-10
O006157,2026-02-08,D2C,R_N,SKU_CC_500,C00543,,1.5,1.5,1600,fulfilled,2026-02-10,2026-02-10
O006175,2026-02-08,D2C,R_S,SKU_CC_500,C00589,,1.0,1.0,1600,fulfilled,2026-02-10,2026-02-10
O006183,2026-02-08,D2C,R_S,SKU_CC_500,C01375,,1.0,1.0,1600,fulfilled,2026-02-10,2026-02-10
O006191,2026-02-08,D2C,R_S,SKU_CC_500,C00009,,0.5,0.5,1600,fulfilled,2026-02-10,2026-02-10
O006192,2026-02-08,D2C,R_S,SKU_CC_500,C00686,,1.5,1.5,1600,fulfilled,2026-02-10,2026-02-10
